# ************************************************************
# Sequel Pro SQL dump
# Version 4541
#
# http://www.sequelpro.com/
# https://github.com/sequelpro/sequelpro
#
# Host: 127.0.0.1 (MySQL 5.5.5-10.4.13-MariaDB)
# Database: wellhote_site
# Generation Time: 2021-01-27 18:57:38 +0000
# ************************************************************


/*!40101 SET @OLD_CHARACTER_SET_CLIENT=@@CHARACTER_SET_CLIENT */;
/*!40101 SET @OLD_CHARACTER_SET_RESULTS=@@CHARACTER_SET_RESULTS */;
/*!40101 SET @OLD_COLLATION_CONNECTION=@@COLLATION_CONNECTION */;
/*!40101 SET NAMES utf8 */;
/*!40014 SET @OLD_FOREIGN_KEY_CHECKS=@@FOREIGN_KEY_CHECKS, FOREIGN_KEY_CHECKS=0 */;
/*!40101 SET @OLD_SQL_MODE=@@SQL_MODE, SQL_MODE='NO_AUTO_VALUE_ON_ZERO' */;
/*!40111 SET @OLD_SQL_NOTES=@@SQL_NOTES, SQL_NOTES=0 */;


# Dump of table amenities
# ------------------------------------------------------------

DROP TABLE IF EXISTS `amenities`;

CREATE TABLE `amenities` (
  `id` int(10) unsigned NOT NULL AUTO_INCREMENT,
  `icon` varchar(191) COLLATE utf8mb4_unicode_ci DEFAULT NULL,
  `is_main` tinyint(1) NOT NULL,
  `priority` int(11) DEFAULT NULL,
  `publish` tinyint(1) NOT NULL,
  `created_at` timestamp NULL DEFAULT NULL,
  `updated_at` timestamp NULL DEFAULT NULL,
  PRIMARY KEY (`id`)
) ENGINE=InnoDB DEFAULT CHARSET=utf8mb4 COLLATE=utf8mb4_unicode_ci;

LOCK TABLES `amenities` WRITE;
/*!40000 ALTER TABLE `amenities` DISABLE KEYS */;

INSERT INTO `amenities` (`id`, `icon`, `is_main`, `priority`, `publish`, `created_at`, `updated_at`)
VALUES
	(1,'icon-circle-pool',1,10,1,'2017-12-06 19:38:59','2021-01-06 16:31:57'),
	(2,'icon-circle-living-room',0,0,1,'2017-12-11 16:22:13','2017-12-11 16:22:13'),
	(3,'icon-circle-spa',1,8,1,'2017-12-11 16:22:49','2021-01-06 16:35:52'),
	(4,'icon-circle-children-space',1,0,1,'2017-12-11 16:23:03','2017-12-11 16:23:03'),
	(5,'icon-circle-sound',0,0,1,'2017-12-20 21:38:13','2017-12-20 22:08:53'),
	(6,'icon-circle-tv',0,0,1,'2017-12-20 21:40:55','2017-12-20 22:08:46'),
	(7,'icon-circle-safe-box',0,0,1,'2017-12-20 21:43:36','2017-12-20 22:08:35'),
	(8,'icon-circle-wifi',0,0,1,'2017-12-20 22:08:27','2017-12-20 22:08:27'),
	(9,'icon-circle-bar',0,0,1,'2017-12-20 22:09:52','2017-12-20 22:09:52'),
	(10,'icon-circle-fridge',0,0,1,'2018-01-05 14:46:42','2018-01-05 14:46:42'),
	(11,'icon-circle-wifi',1,5,1,'2018-03-22 09:46:47','2021-01-06 16:28:22'),
	(12,'icon-circle-kitchen',1,4,1,'2018-03-22 09:47:11','2021-01-11 18:03:34'),
	(13,'icon-circle-gym',1,3,1,'2018-03-22 09:48:31','2021-01-06 16:27:27'),
	(14,'icon-circle-bar',1,2,1,'2018-03-22 09:48:56','2021-01-06 16:28:14'),
	(15,'icon-icon-recepcao-24h',1,9,1,NULL,'2021-01-11 17:59:37'),
	(17,'icon-icon-elevador-panoramico',1,7,1,'2021-01-06 16:37:09','2021-01-07 13:12:01'),
	(18,'icon-icon-transfers',1,6,1,'2021-01-06 16:38:01','2021-01-07 13:07:31'),
	(20,'icon-icon-restaurante',1,1,1,'2021-01-11 17:44:39','2021-01-11 17:53:53');

/*!40000 ALTER TABLE `amenities` ENABLE KEYS */;
UNLOCK TABLES;


# Dump of table amenity_categories
# ------------------------------------------------------------

DROP TABLE IF EXISTS `amenity_categories`;

CREATE TABLE `amenity_categories` (
  `id` int(10) unsigned NOT NULL AUTO_INCREMENT,
  `publish` tinyint(1) NOT NULL,
  `priority` int(11) DEFAULT NULL,
  `created_at` timestamp NULL DEFAULT NULL,
  `updated_at` timestamp NULL DEFAULT NULL,
  PRIMARY KEY (`id`)
) ENGINE=InnoDB DEFAULT CHARSET=utf8mb4 COLLATE=utf8mb4_unicode_ci;

LOCK TABLES `amenity_categories` WRITE;
/*!40000 ALTER TABLE `amenity_categories` DISABLE KEYS */;

INSERT INTO `amenity_categories` (`id`, `publish`, `priority`, `created_at`, `updated_at`)
VALUES
	(1,1,0,'2017-12-06 19:28:23','2017-12-11 17:47:36'),
	(2,1,0,'2017-12-06 19:28:47','2017-12-11 17:47:40');

/*!40000 ALTER TABLE `amenity_categories` ENABLE KEYS */;
UNLOCK TABLES;


# Dump of table amenity_category_translations
# ------------------------------------------------------------

DROP TABLE IF EXISTS `amenity_category_translations`;

CREATE TABLE `amenity_category_translations` (
  `id` int(10) unsigned NOT NULL AUTO_INCREMENT,
  `amenity_category_id` int(10) unsigned NOT NULL,
  `locale` char(2) COLLATE utf8mb4_unicode_ci NOT NULL,
  `name` varchar(191) COLLATE utf8mb4_unicode_ci NOT NULL,
  `amenities_list` longtext COLLATE utf8mb4_unicode_ci DEFAULT NULL,
  `slug` varchar(191) COLLATE utf8mb4_unicode_ci NOT NULL,
  `created_at` timestamp NULL DEFAULT NULL,
  `updated_at` timestamp NULL DEFAULT NULL,
  PRIMARY KEY (`id`),
  KEY `amenity_category_translations_amenity_category_id_foreign` (`amenity_category_id`),
  KEY `amenity_category_translations_locale_foreign` (`locale`),
  CONSTRAINT `amenity_category_translations_amenity_category_id_foreign` FOREIGN KEY (`amenity_category_id`) REFERENCES `amenity_categories` (`id`) ON DELETE CASCADE,
  CONSTRAINT `amenity_category_translations_locale_foreign` FOREIGN KEY (`locale`) REFERENCES `languages` (`slug`) ON DELETE CASCADE
) ENGINE=InnoDB DEFAULT CHARSET=utf8mb4 COLLATE=utf8mb4_unicode_ci;

LOCK TABLES `amenity_category_translations` WRITE;
/*!40000 ALTER TABLE `amenity_category_translations` DISABLE KEYS */;

INSERT INTO `amenity_category_translations` (`id`, `amenity_category_id`, `locale`, `name`, `amenities_list`, `slug`, `created_at`, `updated_at`)
VALUES
	(1,1,'en','Facilities and Services','Free Wi-Fi\r\nFree parking \r\nShuttle from/to airport \r\nLaundry\r\nIroning service\r\nRental car\r\nFax/photocopy\r\nLiving room / shared TV area\r\nDaily cleaning service\r\nLift \r\nAir conditioning\r\nBar & Bistrô\r\nShared Kitchen\r\nWarmed swimming pool for children (covered/open space)\r\nWarmed swimming pool for adults (covered/open space)\r\nJacuzzi\r\nSauna\r\nSteam bath\r\nVichy shower\r\nGym\r\nSpa area\r\nMassage centre\r\nSunbath area\r\nLong chairs\r\nWheelchair access\r\nWC with bars supports','hotel-amenities','2017-12-06 19:28:23','2018-03-06 11:19:35'),
	(2,1,'pt','Comodidades / Serviços','Wi Fi Gratuito\r\nEstacionamento público e gratuito\r\nTransporte de/para aeroporto\r\nLavandaria\r\nServiço de engomadoria\r\nAluguer de carro\r\nFax/ Fotocopiadora\r\nSalão/ Área de televisão partilhada\r\nServiço de limpeza diário\r\nElevador\r\nAr condicionado\r\nBar & Bistrô\r\nCozinha partilhada\r\nPiscina para criança de água quente (coberta/ descoberta)\r\nPiscina para adulto de água quente (coberta/ descoberta)\r\nJacuzzi\r\nSauna\r\nBanho Turco\r\nDuche Vichy\r\nGinásio\r\nÁrea de Spa\r\nCentro de massagens\r\nÁrea para banhos de sol\r\nEspreguiçadeiras\r\nAcessibilidade para cadeira de rodas\r\nWC com barras de apoio','comodidades-do-hotel','2017-12-06 19:28:23','2018-04-26 11:04:17'),
	(3,2,'en','Services at Rooms','Free Wi-Fi\r\nAir conditioning\r\nHair dryer\r\nPersonal hygiene products\r\nMini fridge\r\nSafe\r\nDesk\r\nFlat screen TV\r\nChannels by cable\r\nBottle of water\r\nBath robe\r\nZooming mirror','room-amenities','2017-12-06 19:28:47','2018-02-21 16:00:46'),
	(4,2,'pt','Comodidades dos Quartos','Wi Fi Gratuito\r\nAr condicionado\r\nSecador de Cabelo\r\nProdutos de higiene pessoal\r\nFrigobar\r\nCofre\r\nSecretária\r\nTelevisão de ecrã plano\r\nCanais por cabo\r\nGarrafa de água\r\nRoupão de banho\r\nEspelho de aumento','comodidades-dos-quartos','2017-12-06 19:28:47','2018-04-26 11:04:05');

/*!40000 ALTER TABLE `amenity_category_translations` ENABLE KEYS */;
UNLOCK TABLES;


# Dump of table amenity_translations
# ------------------------------------------------------------

DROP TABLE IF EXISTS `amenity_translations`;

CREATE TABLE `amenity_translations` (
  `id` int(10) unsigned NOT NULL AUTO_INCREMENT,
  `amenity_id` int(10) unsigned NOT NULL,
  `locale` char(2) COLLATE utf8mb4_unicode_ci NOT NULL,
  `name` varchar(191) COLLATE utf8mb4_unicode_ci NOT NULL,
  `slug` varchar(191) COLLATE utf8mb4_unicode_ci NOT NULL,
  `created_at` timestamp NULL DEFAULT NULL,
  `updated_at` timestamp NULL DEFAULT NULL,
  PRIMARY KEY (`id`),
  KEY `amenity_translations_amenity_id_foreign` (`amenity_id`),
  KEY `amenity_translations_locale_foreign` (`locale`),
  CONSTRAINT `amenity_translations_amenity_id_foreign` FOREIGN KEY (`amenity_id`) REFERENCES `amenities` (`id`) ON DELETE CASCADE,
  CONSTRAINT `amenity_translations_locale_foreign` FOREIGN KEY (`locale`) REFERENCES `languages` (`slug`) ON DELETE CASCADE
) ENGINE=InnoDB DEFAULT CHARSET=utf8mb4 COLLATE=utf8mb4_unicode_ci;

LOCK TABLES `amenity_translations` WRITE;
/*!40000 ALTER TABLE `amenity_translations` DISABLE KEYS */;

INSERT INTO `amenity_translations` (`id`, `amenity_id`, `locale`, `name`, `slug`, `created_at`, `updated_at`)
VALUES
	(1,1,'en','Covered swimming pool','outdoor-pool-seasonal','2017-12-06 19:38:59','2018-09-26 11:13:21'),
	(2,1,'pt','Piscina com cobertura','piscina-exterior-sazonal','2017-12-06 19:38:59','2018-03-22 09:46:30'),
	(3,2,'en','Living room','shared-lounge-tv-area','2017-12-11 16:22:13','2018-09-26 11:13:35'),
	(4,2,'pt','Sala de Estar','salao-area-de-televisao-partilhados','2017-12-11 16:22:13','2018-03-22 09:49:56'),
	(5,3,'en','Spa and wellness centre','spa-and-wellness-centre','2017-12-11 16:22:49','2017-12-11 16:22:49'),
	(6,3,'pt','Spa e centro de bem-estar','spa-e-centro-de-bem-estar','2017-12-11 16:22:49','2017-12-21 20:47:13'),
	(7,4,'en','Children’s corner','kids-club','2017-12-11 16:23:03','2018-09-26 11:13:58'),
	(8,4,'pt','Clube infantil','clube-infantil','2017-12-11 16:23:03','2017-12-21 20:47:13'),
	(9,5,'en','Soundproofing','soundproofing','2017-12-20 21:38:13','2017-12-20 21:38:13'),
	(10,5,'pt','Insonorização','insonorizacao','2017-12-20 21:38:13','2017-12-20 21:38:13'),
	(11,6,'en','Flat-screen TV','flat-screen-tv','2017-12-20 21:40:55','2017-12-20 21:40:55'),
	(12,6,'pt','Televisão de ecrã plano','televisao-de-ecra-plano','2017-12-20 21:40:55','2017-12-20 21:40:55'),
	(13,7,'en','Safe box','safe-box','2017-12-20 21:43:36','2017-12-20 21:43:36'),
	(14,7,'pt','Cofre','cofre','2017-12-20 21:43:36','2017-12-20 21:43:36'),
	(15,8,'en','Free Wi-fi','free-wi-fi','2017-12-20 22:08:27','2017-12-20 22:08:27'),
	(16,8,'pt','Wi-fi grátis','wi-fi-gratis','2017-12-20 22:08:27','2017-12-20 22:08:27'),
	(17,9,'en','Mini Bar','mini-bar','2017-12-20 22:09:52','2017-12-20 22:09:52'),
	(18,9,'pt','Mini Bar','mini-bar','2017-12-20 22:09:52','2017-12-21 20:47:13'),
	(19,10,'en','Fridge','fridge','2018-01-05 14:46:42','2018-01-05 14:46:42'),
	(20,10,'pt','Frigorífico','frigorifico','2018-01-05 14:46:42','2018-01-05 14:46:42'),
	(21,11,'en','Free Wi-Fi','wi-fi-gratis','2018-03-22 09:46:47','2018-09-26 11:14:19'),
	(22,11,'pt','Wi-fi grátis','wi-fi-gratis-1','2018-03-22 09:46:47','2018-03-22 09:46:47'),
	(23,12,'en','Shared kitchen','cozinha-partilhada','2018-03-22 09:47:11','2018-09-26 11:14:32'),
	(24,12,'pt','Cozinha Partilhada','cozinha-partilhada','2018-03-22 09:47:11','2018-03-22 09:47:11'),
	(25,13,'en','Gym','ginasio','2018-03-22 09:48:31','2018-09-26 11:14:45'),
	(26,13,'pt','Ginásio','ginasio','2018-03-22 09:48:31','2018-03-22 09:48:31'),
	(27,14,'en','Bar & Bistrô','bar-bistro','2018-03-22 09:48:56','2018-03-22 09:48:56'),
	(28,14,'pt','Bar & Bistrô','bar-bistro','2018-03-22 09:48:56','2018-03-22 09:48:56'),
	(29,15,'en','24 hour reception','24-hour',NULL,NULL),
	(30,15,'pt','Recepção 24 horas','24-hour',NULL,'2021-01-11 18:00:54'),
	(31,17,'en','Elevador Panorâmico','elevador-panoramico','2021-01-06 16:37:09','2021-01-06 16:37:09'),
	(32,17,'pt','Elevador Panorâmico','elevador-panoramico','2021-01-06 16:37:09','2021-01-06 16:37:09'),
	(33,18,'en','Transfers','transfers','2021-01-06 16:38:01','2021-01-06 16:38:01'),
	(34,18,'pt','Transfers','transfers','2021-01-06 16:38:01','2021-01-06 16:38:01'),
	(35,20,'en','Restaurant','restaurant','2021-01-11 17:44:39','2021-01-27 16:34:48'),
	(36,20,'pt','Restaurante','restaurante','2021-01-11 17:44:39','2021-01-27 16:34:48');

/*!40000 ALTER TABLE `amenity_translations` ENABLE KEYS */;
UNLOCK TABLES;


# Dump of table availability_requests
# ------------------------------------------------------------

DROP TABLE IF EXISTS `availability_requests`;

CREATE TABLE `availability_requests` (
  `id` int(10) unsigned NOT NULL AUTO_INCREMENT,
  `locale` char(2) COLLATE utf8mb4_unicode_ci NOT NULL,
  `name` varchar(191) COLLATE utf8mb4_unicode_ci NOT NULL,
  `email` varchar(191) COLLATE utf8mb4_unicode_ci DEFAULT NULL,
  `phone` varchar(191) COLLATE utf8mb4_unicode_ci DEFAULT NULL,
  `arrival` date NOT NULL,
  `departure` date NOT NULL,
  `adults` tinyint(3) unsigned NOT NULL DEFAULT 0,
  `children` tinyint(3) unsigned NOT NULL DEFAULT 0,
  `price` varchar(191) COLLATE utf8mb4_unicode_ci DEFAULT NULL,
  `product_name` varchar(191) COLLATE utf8mb4_unicode_ci NOT NULL,
  `product_type` varchar(191) COLLATE utf8mb4_unicode_ci NOT NULL,
  `created_at` timestamp NULL DEFAULT NULL,
  `updated_at` timestamp NULL DEFAULT NULL,
  `deleted_at` timestamp NULL DEFAULT NULL,
  PRIMARY KEY (`id`),
  KEY `availability_requests_locale_foreign` (`locale`),
  CONSTRAINT `availability_requests_locale_foreign` FOREIGN KEY (`locale`) REFERENCES `languages` (`slug`) ON DELETE CASCADE
) ENGINE=InnoDB DEFAULT CHARSET=utf8mb4 COLLATE=utf8mb4_unicode_ci;

LOCK TABLES `availability_requests` WRITE;
/*!40000 ALTER TABLE `availability_requests` DISABLE KEYS */;

INSERT INTO `availability_requests` (`id`, `locale`, `name`, `email`, `phone`, `arrival`, `departure`, `adults`, `children`, `price`, `product_name`, `product_type`, `created_at`, `updated_at`, `deleted_at`)
VALUES
	(14,'pt','Óscar','oscar@wellhotelportugal.com','919652552','2018-05-02','2018-05-03',1,0,'86','Quarto Duplo Superior com Terraço e Vista Mar (parcial)','room','2018-05-02 17:58:31','2018-05-02 17:58:31',NULL),
	(15,'pt','Miguel Silva','msilva1@live.com.pt','912686889','2018-05-04','2018-05-06',2,1,'190','Quarto Familiar','room','2018-05-03 19:29:55','2018-05-03 19:29:55',NULL),
	(16,'pt','Jose Costa','boliqueime@gmail.com','963783156','2018-05-04','2018-05-06',2,1,'190','Quarto Familiar','room','2018-05-03 20:25:37','2018-05-03 20:25:37',NULL),
	(17,'pt','Ana','ana28rebelo@aol.com','932483132','2018-05-08','2018-05-10',2,0,'118','Quarto Duplo Conforto','room','2018-05-04 13:18:35','2018-05-04 13:18:35',NULL),
	(18,'pt','Vania Marques','vaniafmarques.85@gmail.com','916504682','2018-08-15','2018-08-16',1,0,'95','Quarto Familiar','room','2018-05-04 17:03:16','2018-05-04 17:03:16',NULL),
	(19,'pt','walter','wanasif@hotmail.com','628523842','2018-08-05','2018-08-11',1,0,'647','Quarto Duplo Superior com Varanda e Vista Mar (parcial)','room','2018-05-04 22:50:26','2018-05-04 22:50:26',NULL),
	(20,'pt','mercedes louro','mercedeslouro@hotmail.com','692608553','2018-08-05','2018-08-11',1,0,'517','Quarto Duplo Conforto','room','2018-05-04 22:52:17','2018-05-04 22:52:17',NULL),
	(21,'pt','Sandra','sandradulkyte@yahoo.com','0047765114049','2018-06-10','2018-06-15',2,0,'344','Quarto Duplo Superior com Varanda e Vista Mar (parcial)','room','2018-05-05 11:02:43','2018-05-05 11:02:43',NULL),
	(22,'pt','Ricardo','ricardosilvagustavo@gmail.com','966290919','2018-05-05','2018-05-06',2,0,'99','Suite com Vista Piscina','room','2018-05-05 15:10:33','2018-05-05 15:10:33',NULL),
	(23,'pt','<sgadf','jumd.sadjqer@sapo.pt','261090108','2018-05-05','2018-05-06',1,0,'69','Quarto Duplo Superior com Varanda e Vista Mar (parcial)','room','2018-05-05 17:48:54','2018-05-05 17:48:54',NULL),
	(24,'pt','Humberto Ferreira','hjcf00@gmail.com','999999999','2018-05-26','2018-05-27',2,0,'117','Pack Romântico','pack','2018-05-05 20:51:54','2018-05-05 20:51:54',NULL),
	(25,'pt','Silvia Rodrigues','silvia.martins.96.s@gmail.com','917756789','2018-05-12','2018-05-13',2,0,'86','Quarto Duplo Superior com Terraço e Vista Mar (parcial)','room','2018-05-06 00:46:26','2018-05-06 00:46:26',NULL),
	(26,'pt','António Silva','tony77@portugalmail.pt','962806708','2018-06-09','2018-06-10',2,1,'95','Quarto Familiar','room','2018-05-06 11:57:27','2018-05-06 11:57:27',NULL),
	(27,'pt','Patricia','pamusa19@hotmail.com','+34661730482','2018-08-20','2018-08-24',1,0,'379','Quarto Familiar','room','2018-05-06 18:04:21','2018-05-06 18:04:21',NULL),
	(28,'pt','Vanda Vieira','vandosca@hotmail.com','911947312','2018-05-25','2018-05-26',2,0,'117','Pack Romântico','pack','2018-05-06 22:45:16','2018-05-06 22:45:16',NULL),
	(29,'pt','Patricia','pamusa19@hotmail.com','+34661730482','2018-08-20','2018-08-24',2,1,'379','Quarto Familiar','room','2018-05-07 07:59:16','2018-05-07 07:59:16',NULL),
	(30,'pt','ee','ee@hy.com','r','2018-06-05','2018-06-07',2,0,'182','Quarto Duplo Superior com Terraço e Vista Mar (parcial)','room','2018-05-07 16:07:50','2018-05-07 16:07:50',NULL),
	(31,'pt','ANTONIO REBELO','antonio.r.rebelo@gmail.com','964615286','2018-05-12','2018-05-13',1,0,'64','Quarto Duplo Conforto','room','2018-05-08 17:29:42','2018-05-08 17:29:42',NULL),
	(32,'pt','Miriam','miriam_neto@hotmail.com','243659874','2018-05-15','2018-05-16',2,0,'0','Pack Adoráveis 60','pack','2018-05-08 19:08:41','2018-05-08 19:08:41',NULL),
	(33,'pt','Maria','tellvina@gmail.com','912500821','2018-05-12','2018-05-13',3,0,'99','Quarto Familiar','room','2018-05-08 22:51:07','2018-05-08 22:51:07',NULL),
	(34,'pt','Ricardo Gustavo','ricardosilvagustavo@gmail.com','966290919','2018-05-12','2018-05-13',2,0,'104','Suite com Vista Piscina','room','2018-05-09 08:06:25','2018-05-09 08:06:25',NULL),
	(35,'pt','Sara Redondo','sarammoliveira@gmail.com','913932397','2018-05-11','2018-05-12',2,0,'64','Quarto Duplo Conforto','room','2018-05-09 20:10:48','2018-05-09 20:10:48',NULL),
	(36,'pt','Ana Teresa Maria','anateresamaria@gmail.com','969305972','2018-05-12','2018-05-13',2,0,'64','Quarto Duplo Conforto','room','2018-05-09 22:12:19','2018-05-09 22:12:19',NULL),
	(37,'pt','Marta Gonçalves','martamouragoncalves@gmail.com','934252012','2018-05-11','2018-05-12',2,0,'126','Pack Romântico','pack','2018-05-10 07:41:13','2018-05-10 07:41:13',NULL),
	(38,'pt','Ana Alves','anapbalves13@gmail.com','965133002','2018-05-12','2018-05-13',2,1,'99','Quarto Familiar','room','2018-05-10 09:36:24','2018-05-10 09:36:24',NULL),
	(39,'pt','Jorge Jordao','jordao.followmetours@gmail.com','912231296','2018-05-11','2018-05-12',2,0,'78','Quarto Twin Conforto','room','2018-05-10 14:36:10','2018-05-10 14:36:10',NULL),
	(40,'pt','Paula Ramalho','paularamalh@gmail.com','918891213','2018-05-11','2018-05-13',2,1,'198','Quarto Familiar','room','2018-05-11 08:34:39','2018-05-11 08:34:39',NULL),
	(41,'pt','Moises Santos','santosoliveiramoises@gmail.com','919411628','2018-05-31','2018-06-03',2,0,'219','Quarto Duplo Superior com Varanda e Vista Mar (parcial)','room','2018-05-11 21:03:33','2018-05-11 21:03:33',NULL),
	(42,'pt','Sandrina','sabrante@bisteon.com','910620801','2018-05-31','2018-06-02',1,2,'198','Quarto Familiar','room','2018-05-11 22:37:08','2018-05-11 22:37:08',NULL),
	(43,'pt','João Rodrigues','coberlusa.joao@gmail.com','91706476','2018-06-02','2018-06-03',2,0,'126','Pack Romântico','pack','2018-05-12 13:15:16','2018-05-12 13:15:16',NULL),
	(44,'pt','Vítor Caronho','vitesse125@gmail.com','+351968239175','2018-05-31','2018-06-03',2,0,'234','Quarto Twin Conforto','room','2018-05-12 13:44:56','2018-05-12 13:44:56',NULL),
	(45,'pt','Boontjes','3boontjes@gmail.com','0652649506','2018-06-09','2018-06-13',2,0,'256','Quarto Duplo Conforto','room','2018-05-13 09:45:56','2018-05-13 09:45:56',NULL),
	(46,'pt','Rui Helder Goncalves','ruiheldergoncalves@gmail.com','914143113','2018-05-19','2018-05-21',2,0,'182','Quarto Duplo Superior com Terraço e Vista Mar (parcial)','room','2018-05-13 13:21:17','2018-05-13 13:21:17',NULL),
	(47,'pt','sandra','sandrascampos2008@hotmail.com','912951039','2018-07-14','2018-07-20',1,1,'564','Quarto Twin Conforto','room','2018-05-13 16:53:48','2018-05-13 16:53:48',NULL),
	(48,'pt','César','cesar.bastos1@hotmail.com','926370451','2018-05-29','2018-05-31',2,0,'182','Quarto Duplo Superior com Terraço e Vista Mar (parcial)','room','2018-05-14 00:45:40','2018-05-14 00:45:40',NULL),
	(49,'pt','César','cesar.bastos1@hotmail.com','926370451','2018-05-29','2018-05-31',2,0,'146','Quarto Duplo Superior com Varanda e Vista Mar (parcial)','room','2018-05-14 00:53:52','2018-05-14 00:53:52',NULL),
	(50,'pt','Maria Castello-Branco','maria.cbs92@gmail.com','917933511','2018-06-01','2018-06-02',1,0,'139','Pack Massagem','pack','2018-05-14 12:22:42','2018-05-14 12:22:42',NULL),
	(51,'pt','Maria Castello-Branco','maria.cbs92@gmail.com','917933511','2018-06-01','2018-06-02',1,0,'126','Pack Romântico','pack','2018-05-14 12:23:10','2018-05-14 12:23:10',NULL),
	(52,'pt','Maria Castello-Branco','maria.cbs92@gmail.com','917933511','2018-06-01','2018-06-02',1,0,'91','Quarto Duplo Superior com Terraço e Vista Mar (parcial)','room','2018-05-14 12:24:41','2018-05-14 12:24:41',NULL),
	(53,'pt','Diana Braga','dianacura@ua.pt','926143681','2018-10-05','2018-10-07',2,0,'146','Quarto Duplo Superior com Varanda e Vista Mar (parcial)','room','2018-05-14 16:06:50','2018-05-14 16:06:50',NULL),
	(54,'pt','Joana Amoedo','joana.amoedo@netcabo.pt','913594915','2018-05-25','2018-05-27',2,0,'128','Quarto Duplo Conforto','room','2018-05-14 23:46:23','2018-05-14 23:46:23',NULL),
	(55,'pt','Samuel Fernandes','samuelfernandes@adburaca.org','910009907','2018-06-13','2018-06-15',2,0,'146','Quarto Duplo Superior com Varanda e Vista Mar (parcial)','room','2018-05-16 21:28:46','2018-05-16 21:28:46',NULL),
	(56,'pt','sergio','smms2@portugalmail.pt','968025409','2018-05-19','2018-05-20',2,0,'139','Pack Massagem','pack','2018-05-17 12:37:13','2018-05-17 12:37:13',NULL),
	(57,'pt','luisa','luisagoncalves@gmail.com','912000001','2018-05-29','2018-05-30',1,0,'73','Quarto Duplo Superior com Varanda e Vista Mar (parcial)','room','2018-05-17 19:42:45','2018-05-17 19:42:45',NULL),
	(58,'pt','Andreia Cerqueira dos Santos','dreiacerqueira@gmail.com','967217118','2018-06-02','2018-06-03',2,0,'126','Pack Romântico','pack','2018-05-20 21:22:27','2018-05-20 21:22:27',NULL),
	(59,'pt','Daniel  Carvalho','danieljcarvalho@gmail.com','968694811','2018-05-31','2018-06-02',2,1,'198','Quarto Familiar','room','2018-05-20 22:14:57','2018-05-20 22:14:57',NULL),
	(60,'pt','Luciany andrade','lucianycastilho@hotmail.com','22988319493','2018-06-16','2018-06-17',2,0,'199','Pack Romântico','pack','2018-05-21 12:48:36','2018-05-21 12:48:36',NULL),
	(61,'pt','Pedro Machado','pedrogfmachado@gmail.com','911964401','2018-06-01','2018-06-02',2,0,'126','Pack Romântico','pack','2018-05-21 13:03:18','2018-05-21 13:03:18',NULL),
	(62,'pt','Ian Chong','ianch0n9@gmail.com','917392164','2018-05-26','2018-05-27',2,0,'139','Pack Massagem','pack','2018-05-21 14:30:17','2018-05-21 14:30:17',NULL),
	(63,'pt','ANDRE CONHITA','aconhita@gmail.com','917272192','2018-08-03','2018-08-05',1,0,'178','Quarto Duplo Conforto','room','2018-05-21 18:17:06','2018-05-21 18:17:06',NULL),
	(64,'pt','Rita Clemente','rita.clemente@gmail.com','933164177','2018-06-01','2018-06-03',1,2,'198','Quarto Familiar','room','2018-05-21 22:41:32','2018-05-21 22:41:32',NULL),
	(65,'pt','Ana alexandra de sousa guedes goncalves','a_sguedes@hotmail.com','966784905','2018-06-28','2018-07-01',1,0,'447','Quarto Familiar','room','2018-05-21 22:48:45','2018-05-21 22:48:45',NULL),
	(66,'pt','Ana alexandra de sousa guedes goncalves','a_sguedes@hotmail.com','966784905','2018-06-28','2018-07-01',1,1,'267','Quarto Duplo Conforto','room','2018-05-21 23:30:40','2018-05-21 23:30:40',NULL),
	(67,'pt','Elsa Cardoso','elsa.c.pereira@gmail.com','938515380','2018-05-25','2018-05-27',2,0,'0','Pack Adoráveis 60','pack','2018-05-22 17:38:28','2018-05-22 17:38:28',NULL),
	(68,'pt','Diogo Balsa','diogo_balsa95@outlook.com','933072363','2018-05-26','2018-05-27',2,0,'139','Pack Massagem','pack','2018-05-22 23:35:54','2018-05-22 23:35:54',NULL),
	(69,'pt','Antonio Nunes','ajv.nunes@hotmail.com','964645567','2018-05-25','2018-05-27',2,0,'252','Pack Romântico','pack','2018-05-23 08:31:50','2018-05-23 08:31:50',NULL),
	(70,'pt','Paula','pcpd1975@gmail.com','+351966286896','2018-06-02','2018-06-03',2,1,'99','Quarto Familiar','room','2018-05-23 11:42:15','2018-05-23 11:42:15',NULL),
	(71,'pt','Bruno','blomba@gmail.com','969867541','2018-05-26','2018-05-27',2,0,'64','Quarto Duplo Conforto','room','2018-05-23 13:52:12','2018-05-23 13:52:12',NULL),
	(72,'pt','Sonia Almeida','sonia.o.almeida@gmail.com','962884910','2018-06-12','2018-06-13',2,0,'139','Pack Massagem','pack','2018-05-23 14:29:46','2018-05-23 14:29:46',NULL),
	(73,'pt','Gisela Marques','giselamarques_4@hotmail.com','913342215','2018-05-28','2018-05-30',2,0,'146','Quarto Duplo Superior com Varanda e Vista Mar (parcial)','room','2018-05-23 16:04:02','2018-05-23 16:04:02',NULL),
	(74,'pt','Rui ALmeida','pedrom@gmail.com','961234567','2018-05-26','2018-05-27',2,0,'104','Suite com Vista Piscina','room','2018-05-24 22:08:09','2018-05-24 22:08:09',NULL),
	(75,'pt','Bruno Alberto Ferreira Lomba','blomba@gmail.com','969867541','2018-06-02','2018-06-03',2,0,'73','Quarto Duplo Superior com Varanda e Vista Mar (parcial)','room','2018-05-25 10:35:29','2018-05-25 10:35:29',NULL),
	(76,'pt','Michele Weiss','weisscorke@aol.com','9147621787','2018-06-05','2018-06-09',1,0,'256','Quarto Duplo Conforto','room','2018-05-25 12:46:43','2018-05-25 12:46:43',NULL),
	(77,'pt','Jessica-Clare Long','nilonhaj@tcd.ie','00353879641798','2018-07-18','2018-07-22',2,0,'356','Quarto Duplo Conforto','room','2018-05-25 17:51:19','2018-05-25 17:51:19',NULL),
	(78,'pt','Ana Fonseca','acarolinafonseca@gmail.com','916221197','2018-05-28','2018-05-30',2,0,'146','Quarto Duplo Superior com Varanda e Vista Mar (parcial)','room','2018-05-26 09:36:17','2018-05-26 09:36:17',NULL),
	(79,'pt','Ana Fonseca','acarolinafonseca@gmail.com','916221197','2018-06-04','2018-06-06',2,0,'146','Quarto Duplo Superior com Varanda e Vista Mar (parcial)','room','2018-05-26 10:08:03','2018-05-26 10:08:03',NULL),
	(80,'pt','Ana Fonseca','acarolinafonseca@gmail.com','916221197','2018-06-04','2018-06-06',2,0,'146','Quarto Duplo Superior com Varanda e Vista Mar (parcial)','room','2018-05-26 21:11:39','2018-05-26 21:11:39',NULL),
	(81,'pt','Mariana Silva','mariana_almeida_s@hotmail.com','914821557','2018-05-28','2018-05-30',2,0,'128','Quarto Duplo Conforto','room','2018-05-27 12:59:54','2018-05-27 12:59:54',NULL),
	(82,'pt','Leonel Reis','leonelasreis@gmail.com','934525667','2018-06-10','2018-06-12',1,0,'146','Quarto Duplo Superior com Varanda e Vista Mar (parcial)','room','2018-05-27 14:58:56','2018-05-27 14:58:56',NULL),
	(83,'pt','Pedro Sá Jorge','pssa80@gmail.com','918330702','2018-05-27','2018-05-28',2,0,'126','Pack Romântico','pack','2018-05-27 18:14:33','2018-05-27 18:14:33',NULL),
	(84,'pt','Ana Aguiar','Analuciaaguiar.mpso@gmail.com','914427072','2018-06-02','2018-06-03',2,0,'126','Pack Romântico','pack','2018-05-27 22:25:17','2018-05-27 22:25:17',NULL),
	(85,'pt','Filipe Monteiro','filipesmonteiro@gmail.com','918046741','2018-06-02','2018-06-03',2,0,'73','Quarto Duplo Superior com Varanda e Vista Mar (parcial)','room','2018-05-27 22:47:25','2018-05-27 22:47:25',NULL),
	(86,'pt','Joana','joana@giselacustodio.com','911111111','2018-06-02','2018-06-03',2,0,'64','Quarto Duplo Conforto','room','2018-05-28 23:19:11','2018-05-28 23:19:11',NULL),
	(87,'pt','antonio luis','antoniomcluis@hotmail.com','934286768','2018-07-01','2018-07-07',2,0,'534','Quarto Duplo Conforto','room','2018-05-29 10:43:37','2018-05-29 10:43:37',NULL),
	(88,'pt','christian Rosseels','chris.rosseels@hotmail.com','0032 485103959','2018-06-04','2018-06-08',2,0,'364','Quarto Duplo Superior com Terraço e Vista Mar (parcial)','room','2018-05-29 19:31:13','2018-05-29 19:31:13',NULL),
	(89,'pt','Ana Luís','garida_21@hotmail.com','910936226','2018-06-01','2018-06-02',2,0,'139','Pack Massagem','pack','2018-05-29 20:11:48','2018-05-29 20:11:48',NULL),
	(90,'pt','Rita Flores Pereira','ritafloresp@gmail.com','968263532','2018-06-10','2018-06-14',2,0,'256','Quarto Duplo Conforto','room','2018-05-30 13:16:15','2018-05-30 13:16:15',NULL),
	(91,'pt','Miguel','morgadinho@sapo.pt','931018236','2018-06-30','2018-07-01',2,0,'199','Pack Romântico','pack','2018-05-30 23:34:40','2018-05-30 23:34:40',NULL),
	(92,'pt','fsdfsdf','asfdasdaa.acp@hotmail.com','234678901','2018-06-01','2018-06-14',1,0,'1352','Suite com Vista Piscina','room','2018-05-31 17:35:32','2018-05-31 17:35:32',NULL),
	(93,'pt','Rúben','ruben_17_pm@hotmail.com','919330693','2018-05-31','2018-06-01',2,0,'139','Pack Massagem','pack','2018-05-31 20:24:46','2018-05-31 20:24:46',NULL),
	(94,'pt','gfh','chupa@gmail.com','ry','2018-06-01','2018-06-02',1,0,'64','Quarto Duplo Conforto','room','2018-06-01 06:48:52','2018-06-01 06:48:52',NULL),
	(95,'pt','Ana Fonseca','acarolinafonseca@gmail.com','916221197','2018-06-04','2018-06-06',2,0,'146','Quarto Duplo Superior com Varanda e Vista Mar (parcial)','room','2018-06-02 14:39:08','2018-06-02 14:39:08',NULL),
	(96,'pt','MASSIMO LAZZARO','massimolazzaro@alice.it','+393287696620','2018-06-30','2018-07-03',2,0,'282','Quarto Twin Conforto','room','2018-06-03 06:55:57','2018-06-03 06:55:57',NULL),
	(97,'pt','Ismael Gonzalez','mjustosimon@yahoo.es','655356380','2018-08-08','2018-08-10',2,1,'298','Quarto Familiar','room','2018-06-03 09:46:01','2018-06-03 09:46:01',NULL),
	(98,'pt','mara','mara.valada@gmail.com','917582443','2018-07-27','2018-07-29',1,0,'158','Quarto Individual Conforto','room','2018-06-04 10:57:26','2018-06-04 10:57:26',NULL),
	(99,'pt','Tamara Zurbuchen','Tamara.zurbuchen@sunrise.ch','763805854','2018-06-04','2018-06-06',1,0,'102','Quarto Individual Conforto','room','2018-06-04 11:29:49','2018-06-04 11:29:49',NULL),
	(100,'pt','Catia','catiapfgomes@gmail.com','933385624','2018-06-15','2018-06-17',2,0,'398','Pack Romântico','pack','2018-06-04 13:21:44','2018-06-04 13:21:44',NULL),
	(101,'pt','Ana Varela','anafilipavarela20@hotmail.com','916121909','2018-06-08','2018-06-11',2,0,'192','Quarto Duplo Conforto','room','2018-06-05 10:15:44','2018-06-05 10:15:44',NULL),
	(102,'pt','David silva','David_silva@hotmail.ch','916526264','2018-06-09','2018-06-10',2,0,'126','Pack Romântico','pack','2018-06-05 14:13:37','2018-06-05 14:13:37',NULL),
	(103,'pt','Bruno Padeiro','bruno_padeiro@hotmail.com','963745521','2018-07-14','2018-07-15',2,0,'89','Quarto Duplo Conforto','room','2018-06-05 15:37:58','2018-06-05 15:37:58',NULL),
	(104,'pt','Ana Fonseca','acarolinafonseca@gmail.com','916221197','2018-06-23','2018-06-24',1,0,'89','Quarto Duplo Conforto','room','2018-06-06 16:27:44','2018-06-06 16:27:44',NULL),
	(105,'pt','Hugo Felicio','hugo.felicio@hotmail.com','935737174','2018-06-07','2018-06-08',2,0,'73','Quarto Duplo Superior com Varanda e Vista Mar (parcial)','room','2018-06-06 21:52:30','2018-06-06 21:52:30',NULL),
	(106,'pt','Adriano costa','adriano.c.costa@gmail.com','927376615','2018-06-16','2018-06-17',2,0,'89','Quarto Duplo Conforto','room','2018-06-06 22:11:54','2018-06-06 22:11:54',NULL),
	(107,'pt','Ana','anafranciscominino17@gmail.com','658623952','2018-08-06','2018-08-08',2,1,'298','Quarto Familiar','room','2018-06-08 01:32:17','2018-06-08 01:32:17',NULL),
	(108,'pt','Marta Silva','martitasilva97@gmail.com','929412939','2018-06-22','2018-06-24',2,0,'178','Quarto Duplo Conforto','room','2018-06-08 08:02:48','2018-06-08 08:02:48',NULL),
	(109,'pt','querias','querias@gmail.com','961234567','2018-06-22','2018-06-24',2,1,'298','Quarto Familiar','room','2018-06-08 11:12:07','2018-06-08 11:12:07',NULL),
	(110,'pt','Sónia Oliveira','sho.oliveira@gmail.com','916654997','2018-06-28','2018-07-01',3,0,'447','Quarto Familiar','room','2018-06-08 13:51:01','2018-06-08 13:51:01',NULL),
	(111,'pt','Vanda Fernandes','vandaf2003@hotmail.com','964954106','2018-06-30','2018-07-01',2,0,'199','Pack Romântico','pack','2018-06-10 17:43:54','2018-06-10 17:43:54',NULL),
	(112,'pt','Vanda Fernandes','vandaf2003@hotmail.com','+351964954106','2018-06-30','2018-07-01',2,0,'198','Pack Massagem','pack','2018-06-10 17:44:18','2018-06-10 17:44:18',NULL),
	(113,'pt','Ana Melo','anagonacalves25@gmail.com','917918591','2018-09-01','2018-09-02',2,0,'199','Pack Romântico','pack','2018-06-10 19:10:31','2018-06-10 19:10:31',NULL),
	(114,'pt','Tânia','moura.tania@gmail.com','964252572','2018-06-23','2018-06-24',2,0,'89','Quarto Duplo Conforto','room','2018-06-11 08:38:57','2018-06-11 08:38:57',NULL),
	(115,'pt','Claudia Santos','claudia.almeida.santos7@gmail.com','919608860','2018-07-23','2018-07-28',1,1,'570','Quarto Duplo Superior com Varanda e Vista Mar (parcial)','room','2018-06-11 22:03:35','2018-06-11 22:03:35',NULL),
	(116,'pt','Avelino Pereira','avelino.pereira-10902l@adv.oa.pt','967012828','2018-06-12','2018-06-13',2,0,'139','Pack Massagem','pack','2018-06-11 22:27:21','2018-06-11 22:27:21',NULL),
	(117,'pt','Rui Inácio','rui.alexandre.dos.santos@gmail.com','914094040','2018-06-15','2018-06-17',2,0,'398','Pack Romântico','pack','2018-06-11 23:39:49','2018-06-11 23:39:49',NULL),
	(118,'pt','danielle boyce','danielle.7000@yahoo.co.uk','07557305488','2018-08-08','2018-08-09',2,0,'89','Quarto Duplo Conforto','room','2018-06-13 13:39:11','2018-06-13 13:39:11',NULL),
	(119,'pt','Rui Costa','rui68costa@gmail.com','917520617','2018-07-05','2018-07-06',2,0,'89','Quarto Duplo Conforto','room','2018-06-13 15:26:15','2018-06-13 15:26:15',NULL),
	(120,'pt','Ricardo Cordeiro','rjgcordeiro@hotmail.com','915728036','2018-06-22','2018-06-24',1,0,NULL,'Pack Massagem','pack','2018-06-14 11:26:45','2018-06-14 11:26:45',NULL),
	(121,'pt','Catarina Fernandes','cisrf@hotmail.com','919390718','2018-08-13','2018-08-17',2,0,'356','Quarto Duplo Conforto','room','2018-06-14 13:04:26','2018-06-14 13:04:26',NULL),
	(122,'pt','Catarina Fernandes','cisrf@hotmail.com','919390718','2018-08-13','2018-08-17',2,0,'456','Quarto Duplo Superior com Varanda e Vista Mar (parcial)','room','2018-06-14 13:07:01','2018-06-14 13:07:01',NULL),
	(123,'pt','Jessica Schulz','jessica.s.schulz@gmail.com','00491632344017','2018-08-08','2018-08-09',2,0,'89','Quarto Duplo Conforto','room','2018-06-14 18:55:32','2018-06-14 18:55:32',NULL),
	(124,'pt','Tânia Dias','taniaamdias@hotmail.com','914558871','2018-07-14','2018-07-16',1,0,'228','Quarto Duplo Superior com Varanda e Vista Mar (parcial)','room','2018-06-15 12:26:21','2018-06-15 12:26:21',NULL),
	(125,'pt','Susana Borges','susanacsborges@gmail.com','969395445','2018-06-18','2018-06-21',1,0,'342','Quarto Duplo Superior com Varanda e Vista Mar (parcial)','room','2018-06-16 04:07:24','2018-06-16 04:07:24',NULL),
	(126,'pt','Ana','ana.sousa2018@outlook.pt','919359729','2018-07-16','2018-07-18',1,0,'158','Quarto Individual Conforto','room','2018-06-16 09:47:53','2018-06-16 09:47:53',NULL),
	(127,'pt','Miguel Prazeres','miguelprazeres7@hotmail.com','914419075','2019-06-15','2019-06-16',2,0,'73','Quarto Duplo Superior com Varanda e Vista Mar (parcial)','room','2018-06-17 14:32:03','2018-06-17 14:32:03',NULL),
	(128,'pt','paulo','pjjsilva1@gmail.com','938353453','2018-07-09','2018-07-15',2,0,'684','Quarto Duplo Superior com Varanda e Vista Mar (parcial)','room','2018-06-17 20:09:12','2018-06-17 20:09:12',NULL),
	(129,'pt','Pedro Silva','pedro.m.a.silva@gmail.com','965448785','2018-07-10','2018-07-16',2,0,'684','Quarto Duplo Superior com Varanda e Vista Mar (parcial)','room','2018-06-17 21:06:17','2018-06-17 21:06:17',NULL),
	(130,'pt','LUCIA','luci.rodriguez.navarro@gmail.com','637229730','2018-08-04','2018-08-05',2,0,'114','Quarto Duplo Superior com Varanda e Vista Mar (parcial)','room','2018-06-17 21:30:18','2018-06-17 21:30:18',NULL),
	(131,'pt','luis','luis@gmail.com','2§14990102','2018-09-03','2018-09-07',2,0,'0','Pack Adoráveis 60','pack','2018-06-17 23:24:25','2018-06-17 23:24:25',NULL),
	(132,'pt','Pedro Silva','pedro.m.a.silva@gmail.com','965448785','2018-07-10','2018-07-16',2,0,'804','Quarto Duplo Superior com Terraço e Vista Mar (parcial)','room','2018-06-18 05:18:41','2018-06-18 05:18:41',NULL),
	(133,'pt','Luis Silva','luissilva@maletazul.pt','916211270','2018-06-18','2018-06-19',2,1,'149','Quarto Familiar','room','2018-06-18 16:45:41','2018-06-18 16:45:41',NULL),
	(134,'pt','Ana Rita Sousa','anarita.sampaiosousa@gmail.com','919576199','2018-07-14','2018-07-21',2,1,'1043','Quarto Familiar','room','2018-06-20 10:59:47','2018-06-20 10:59:47',NULL),
	(135,'pt','helena mota','helenapecca@gmail.com','933892240','2018-09-17','2018-09-19',2,0,'128','Quarto Duplo Conforto','room','2018-06-20 21:28:43','2018-06-20 21:28:43',NULL),
	(136,'pt','Silvia Fonseca','silviafonseca@sapo.pt','916309390','2018-07-31','2018-08-04',2,1,'596','Quarto Familiar','room','2018-06-21 14:52:39','2018-06-21 14:52:39',NULL),
	(137,'pt','Maria Christo','fhchristo@gmail.com','917812373','2018-06-22','2018-06-24',2,0,'0','Pack Adoráveis 60','pack','2018-06-22 05:49:36','2018-06-22 05:49:36',NULL),
	(138,'pt','Saskia Godfried','saskiagodfriedarets@live.com','0038640309182','2018-07-28','2018-07-31',2,0,'402','Quarto Duplo Superior com Terraço e Vista Mar (parcial)','room','2018-06-22 09:47:22','2018-06-22 09:47:22',NULL),
	(139,'pt','Gal','galnevo28@gmail.com','+19175996971','2018-08-28','2018-08-31',2,0,'402','Quarto Duplo Superior com Terraço e Vista Mar (parcial)','room','2018-06-22 21:38:44','2018-06-22 21:38:44',NULL),
	(140,'pt','hhff','hdf@gdrg.com','0987654567890','2019-05-24','2019-05-27',1,0,'219','Quarto Duplo Superior com Varanda e Vista Mar (parcial)','room','2018-06-24 08:18:28','2018-06-24 08:18:28',NULL),
	(141,'pt','Alice Rebelo','alice.rebelo.26@gmail.com','968434581','2018-06-30','2018-07-01',1,0,'154','Suite com Vista Piscina','room','2018-06-24 14:11:55','2018-06-24 14:11:55',NULL),
	(142,'pt','Humberto Ferreira','hjcf00@gmail.com','232461850','2018-07-14','2018-07-15',2,0,'94','Quarto Twin Conforto','room','2018-06-24 19:14:43','2018-06-24 19:14:43',NULL),
	(143,'pt','Marcos Moreiras','hjcf00@gmail.com','232461850','2018-07-14','2018-07-15',2,0,'94','Quarto Twin Conforto','room','2018-06-24 19:16:49','2018-06-24 19:16:49',NULL),
	(144,'pt','goncalo Santos','goncalo_91@msn.com','918415405','2018-07-07','2018-07-08',1,0,'114','Quarto Duplo Superior com Varanda e Vista Mar (parcial)','room','2018-06-25 22:21:10','2018-06-25 22:21:10',NULL),
	(145,'pt','Liliana Pires','liliana.r.pires@gmail.com','938044103','2018-07-03','2018-07-10',2,0,'623','Quarto Duplo Conforto','room','2018-06-25 22:47:25','2018-06-25 22:47:25',NULL),
	(146,'pt','Helder','heldercarinhas@gmail.com','919827795','2018-08-24','2018-08-30',2,1,'894','Quarto Familiar','room','2018-06-26 12:33:26','2018-06-26 12:33:26',NULL),
	(147,'pt','Silva JOSE','basben@basben.com','916151449','2018-07-06','2018-07-08',2,0,'398','Pack Romântico','pack','2018-06-26 18:10:09','2018-06-26 18:10:09',NULL),
	(148,'pt','Aurora','aurora.abreu@gmail.com','963006603','2018-06-26','2018-07-29',2,0,'3762','Quarto Duplo Superior com Varanda e Vista Mar (parcial)','room','2018-06-26 21:29:44','2018-06-26 21:29:44',NULL),
	(149,'pt','Elsa','elsa@decorvisao.pt','261098035','2018-07-06','2018-07-07',2,0,'114','Quarto Duplo Superior com Varanda e Vista Mar (parcial)','room','2018-06-27 00:14:03','2018-06-27 00:14:03',NULL),
	(150,'pt','Filipa Simões','simoes_filipa@yahoo.com','962185157','2018-07-14','2018-07-15',2,0,'89','Quarto Duplo Conforto','room','2018-06-28 00:28:32','2018-06-28 00:28:32',NULL),
	(151,'pt','Lalalala Lala','teste@gmail.com','+351911111111','2018-06-28','2018-06-29',1,0,'79','Quarto Individual Conforto','room','2018-06-28 14:35:57','2018-06-28 14:35:57',NULL),
	(152,'pt','joão ogando','joao.ogando@encisamoz.com','965770644','2018-07-11','2018-07-15',2,0,'456','Quarto Duplo Superior com Varanda e Vista Mar (parcial)','room','2018-06-28 14:58:47','2018-06-28 14:58:47',NULL),
	(153,'pt','João Heitor','joao30871@gmail.com','+351933660403','2018-06-30','2018-07-01',2,0,'199','Pack Romântico','pack','2018-06-28 15:26:55','2018-06-28 15:26:55',NULL),
	(154,'pt','João Figueira','jgoncaloaf@hotmail.com','968233244','2018-07-27','2018-07-28',2,0,'134','Quarto Duplo Superior com Terraço e Vista Mar (parcial)','room','2018-06-29 11:28:32','2018-06-29 11:28:32',NULL),
	(155,'pt','Humberto Ferreira','hjcf00@gmail.com','232461850','2018-07-07','2018-07-08',3,0,'149','Quarto Familiar','room','2018-06-30 16:12:06','2018-06-30 16:12:06',NULL),
	(156,'pt','Marcos Moreiras','hjcf00@gmail.com','232461850','2018-07-07','2018-07-08',1,0,'79','Quarto Individual Conforto','room','2018-06-30 16:12:54','2018-06-30 16:12:54',NULL),
	(157,'pt','Marta Afonso','martafonso@sapo.pt','919785884','2018-09-29','2018-09-30',2,0,'126','Pack Romântico','pack','2018-07-01 18:58:27','2018-07-01 18:58:27',NULL),
	(158,'pt','NunoGata','nunoperesgata@gmail.com','965128451','2018-07-09','2018-07-12',2,0,'267','Quarto Duplo Conforto','room','2018-07-02 23:27:28','2018-07-02 23:27:28',NULL),
	(159,'pt','ana','anamendesmeireles@hotmail.com','916835567','2018-08-06','2018-08-09',2,0,'376','Quarto Twin Conforto','room','2018-07-03 15:23:53','2018-07-03 15:23:53',NULL),
	(160,'pt','irina fonseca','fonseca.acp@hotmail.com','916458046','2018-07-25','2018-07-26',2,1,'149','Quarto Familiar','room','2018-07-03 16:07:00','2018-07-03 16:07:00',NULL),
	(161,'pt','maria rodrigues','marialuciar123@gmail.com','919149752','2018-07-03','2018-07-04',2,0,'89','Quarto Duplo Conforto','room','2018-07-03 21:21:30','2018-07-03 21:21:30',NULL),
	(162,'pt','maria rodrigues','marialuciar123@gmail.com','919149752','2018-07-07','2018-07-08',2,0,'89','Quarto Duplo Conforto','room','2018-07-03 21:24:12','2018-07-03 21:24:12',NULL),
	(163,'pt','guilherme Piedade','guilherme.piedade97@gmail.com','910734712','2018-07-16','2018-07-20',2,0,'356','Quarto Duplo Conforto','room','2018-07-04 10:38:53','2018-07-04 10:38:53',NULL),
	(164,'pt','António Teixeira','toloureiro.teixeira@gmail.com','919042369','2018-09-03','2018-09-07',2,1,'596','Quarto Familiar','room','2018-07-04 17:42:35','2018-07-04 17:42:35',NULL),
	(165,'pt','sílvia silva','tencrespo@sapo.pt','914660839','2018-07-07','2018-07-08',1,0,'198','Pack Massagem','pack','2018-07-04 21:04:57','2018-07-04 21:04:57',NULL),
	(166,'pt','ljo','nutella@hotmail.com','97','2018-07-05','2018-07-10',1,0,'770','Suite com Vista Piscina','room','2018-07-04 23:06:55','2018-07-04 23:06:55',NULL),
	(167,'pt','Luis Nascimento','nascimento.luisf@gmail.com','967679982','2018-07-05','2018-07-06',2,0,'114','Quarto Duplo Superior com Varanda e Vista Mar (parcial)','room','2018-07-05 00:30:56','2018-07-05 00:30:56',NULL),
	(168,'pt','Manuel Pereira','almeida_pereira2004@yahoo.com','927010763','2018-07-21','2018-07-22',2,1,'149','Quarto Familiar','room','2018-07-05 10:32:03','2018-07-05 10:32:03',NULL),
	(169,'pt','Nathalia','nathalia.co.18@gmail.com','917709143','2018-07-08','2018-07-09',2,0,'199','Pack Romântico','pack','2018-07-05 13:29:50','2018-07-05 13:29:50',NULL),
	(170,'pt','ines','ines____ruivo@hotmail.com','914444444','2018-08-02','2018-08-05',2,0,'267','Quarto Duplo Conforto','room','2018-07-05 13:30:53','2018-07-05 13:30:53',NULL),
	(171,'pt','Diogo','martinho.03@hotmail.com','915874029','2018-07-28','2018-07-30',2,0,'398','Pack Romântico','pack','2018-07-05 15:17:19','2018-07-05 15:17:19',NULL),
	(172,'pt','mercedes navajas','migyclau@gmail.com','639707457','2018-07-07','2018-07-15',2,0,'1072','Quarto Duplo Superior com Terraço e Vista Mar (parcial)','room','2018-07-06 14:18:19','2018-07-06 14:18:19',NULL),
	(173,'pt','Joana Capela','joanahipcapela@gmail.com','911787435','2018-08-11','2018-08-12',2,0,'89','Quarto Duplo Conforto','room','2018-07-07 09:00:07','2018-07-07 09:00:07',NULL),
	(174,'pt','Marina Silva','marina_gomes78@hotmail.com','916782421','2018-07-14','2018-07-15',2,0,'134','Quarto Duplo Superior com Terraço e Vista Mar (parcial)','room','2018-07-07 09:53:40','2018-07-07 09:53:40',NULL),
	(175,'pt','Ana Rodrigues','anailopesrodrigues@gmail.com','910575441','2018-10-05','2018-10-07',2,0,'128','Quarto Duplo Conforto','room','2018-07-07 13:28:59','2018-07-07 13:28:59',NULL),
	(176,'pt','susana margarida sampaio marques silva almeida','xana1612@gmail.com','925598482','2018-08-13','2018-08-18',2,1,'745','Quarto Familiar','room','2018-07-07 19:22:22','2018-07-07 19:22:22',NULL),
	(177,'pt','Mercedes marqués','blezal@hotmail.com','0034620157537','2018-07-16','2018-07-19',2,1,'447','Quarto Familiar','room','2018-07-08 16:53:27','2018-07-08 16:53:27',NULL),
	(178,'pt','Miguel Silva','miguel.silva.80@hotmail.com','936736336','2018-07-11','2018-07-14',1,0,'267','Quarto Duplo Conforto','room','2018-07-09 15:08:36','2018-07-09 15:08:36',NULL),
	(179,'pt','David Romba','david_romba@hotmail.com','962094617','2018-08-17','2018-08-19',1,0,'298','Quarto Familiar','room','2018-07-09 17:57:42','2018-07-09 17:57:42',NULL),
	(180,'pt','Pedro Macedo','pedrovmacedo@gmail.com','+351916052405','2018-07-29','2018-07-31',2,0,'228','Quarto Duplo Superior com Varanda e Vista Mar (parcial)','room','2018-07-09 23:20:30','2018-07-09 23:20:30',NULL),
	(181,'pt','Marta Rocha','marta.sales.rocha@hotmail.com','916513070','2018-07-21','2018-07-22',2,0,'199','Pack Romântico','pack','2018-07-10 08:03:10','2018-07-10 08:03:10',NULL),
	(182,'pt','Barbara','barbaraflorindo@gmail.com','933703152','2018-07-14','2018-07-15',2,1,'149','Quarto Familiar','room','2018-07-10 08:41:08','2018-07-10 08:41:08',NULL),
	(183,'pt','Filipa Gomes','filipa.macedogomes@gmail.com','911042036','2018-09-28','2018-09-30',2,0,'156','Quarto Twin Conforto','room','2018-07-10 09:31:28','2018-07-10 09:31:28',NULL),
	(184,'pt','LIDIA AZEVEDO','lidiapazevedo@gmail.com','917411866','2018-07-14','2018-07-15',2,0,'89','Quarto Duplo Conforto','room','2018-07-10 14:29:34','2018-07-10 14:29:34',NULL),
	(185,'pt','António Neves','antonio.joao.neves@hotmail.com','915 237 423','2018-09-21','2018-09-23',2,0,'146','Quarto Duplo Superior com Varanda e Vista Mar (parcial)','room','2018-07-10 23:08:43','2018-07-10 23:08:43',NULL),
	(186,'pt','M','ceu.coutinho@sapo.pt','9','2018-07-14','2018-07-15',1,0,'89','Quarto Duplo Conforto','room','2018-07-11 11:26:09','2018-07-11 11:26:09',NULL),
	(187,'pt','Rita Guiomar','ritaguiomar79@yahoo.com','910963445','2018-07-27','2018-07-29',2,1,'298','Quarto Familiar','room','2018-07-11 14:51:31','2018-07-11 14:51:31',NULL),
	(188,'pt','Susete','susete.frade@sapo.pt','919636024','2018-07-13','2018-07-16',2,0,'267','Quarto Duplo Conforto','room','2018-07-11 17:12:40','2018-07-11 17:12:40',NULL),
	(189,'pt','Ni','niabreupinto49@gmail.com','916531777','2018-08-13','2018-08-16',2,0,'282','Quarto Twin Conforto','room','2018-07-11 20:01:37','2018-07-11 20:01:37',NULL),
	(190,'pt','Catarina Oliveira','catarina.cpb@hotmail.com','912343873','2018-08-27','2018-08-31',2,0,'536','Quarto Duplo Superior com Terraço e Vista Mar (parcial)','room','2018-07-12 09:14:54','2018-07-12 09:14:54',NULL),
	(191,'pt','JOSE GONZÁLEZ HERNÁNDEZ','evalmijo@gmail.es','658919028','2018-08-11','2018-08-13',2,1,'298','Quarto Familiar','room','2018-07-13 10:52:01','2018-07-13 10:52:01',NULL),
	(192,'pt','Cátia','katy_pukax@hotmail.com','6','2018-07-14','2018-07-16',2,0,'398','Pack Romântico','pack','2018-07-13 11:34:16','2018-07-13 11:34:16',NULL),
	(193,'pt','Cátia','katy_pukax@hotmail.com','9','2018-07-14','2018-07-15',2,0,'199','Pack Romântico','pack','2018-07-13 18:22:03','2018-07-13 18:22:03',NULL),
	(194,'pt','Suz','sezinanda@hotmail.com','966658725','2018-08-03','2018-08-05',1,0,'298','Quarto Familiar','room','2018-07-13 21:48:21','2018-07-13 21:48:21',NULL),
	(195,'pt','SANDRA','SANDRASILVA.FIXNGO@HOTMAIL.COM','916243740','2018-08-05','2018-08-12',3,0,'1043','Quarto Familiar','room','2018-07-14 10:24:31','2018-07-14 10:24:31',NULL),
	(196,'pt','Cláudia Moreira','claudiamoreira.cmc@gmail.com','964819372','2018-08-04','2018-08-11',2,0,'798','Quarto Duplo Superior com Varanda e Vista Mar (parcial)','room','2018-07-16 17:21:58','2018-07-16 17:21:58',NULL),
	(197,'pt','ricardo','parreira.consultor@gmail.com','0','2018-07-22','2018-07-24',2,0,'178','Quarto Duplo Conforto','room','2018-07-18 09:58:20','2018-07-18 09:58:20',NULL),
	(198,'pt','Maryline Vaeremans','maryline.vaeremans@gmail.com','+33752623976','2018-08-13','2018-08-15',1,0,'178','Quarto Duplo Conforto','room','2018-07-19 08:50:19','2018-07-19 08:50:19',NULL),
	(199,'pt','Maryline Vaeremans','maryline.vaeremans@gmail.com','+33752623976','2018-08-13','2018-08-15',1,0,'228','Quarto Duplo Superior com Varanda e Vista Mar (parcial)','room','2018-07-19 09:01:58','2018-07-19 09:01:58',NULL),
	(200,'pt','Maria Delgado Rodriguez Caso','maria.delgador@gmail.com','0034696732046','2018-09-14','2018-09-16',1,0,'102','Quarto Individual Conforto','room','2018-07-19 09:45:23','2018-07-19 09:45:23',NULL),
	(201,'pt','J','jsimeao@gmail.com','J','2018-07-21','2018-07-22',2,0,'198','Pack Massagem','pack','2018-07-19 11:56:24','2018-07-19 11:56:24',NULL),
	(202,'pt','David Ferreira','david.oliveira.ferreira@outlook.pt','911164329','2018-10-07','2018-10-08',2,0,'73','Quarto Duplo Superior com Varanda e Vista Mar (parcial)','room','2018-07-19 12:52:34','2018-07-19 12:52:34',NULL),
	(203,'pt','Deolinda Santos','deolindasantos@live.com','918139964','2018-07-28','2018-07-29',2,0,'0','Pack Adoráveis 60','pack','2018-07-19 17:40:00','2018-07-19 17:40:00',NULL),
	(204,'pt','Célia  Miranda','celiasmiranda@gmail.com','938232925','2018-07-21','2018-07-22',2,0,'94','Quarto Twin Conforto','room','2018-07-20 22:32:26','2018-07-20 22:32:26',NULL),
	(205,'pt','Luis','lfps1991@msn.com','969879479','2018-10-06','2018-10-07',2,0,'64','Quarto Duplo Conforto','room','2018-07-21 09:35:02','2018-07-21 09:35:02',NULL),
	(206,'pt','MOUCHOT','bruno.mouchot@free.fr','0387777005 france','2018-08-11','2018-08-13',2,0,'178','Quarto Duplo Conforto','room','2018-07-21 12:05:47','2018-07-21 12:05:47',NULL),
	(207,'pt','MOUCHOT','bruno.mouchot@free.fr','0387777005 france','2018-08-11','2018-08-13',3,0,'298','Quarto Familiar','room','2018-07-21 12:12:40','2018-07-21 12:12:40',NULL),
	(208,'pt','Salomé Martins Melo','smmelo@msn.com','917423525','2018-09-21','2018-09-23',3,0,'198','Quarto Familiar','room','2018-07-22 21:03:55','2018-07-22 21:03:55',NULL),
	(209,'pt','BEATA FARKAS','beata.farkas@me.com','915655451','2018-07-27','2018-07-29',1,0,'158','Quarto Individual Conforto','room','2018-07-23 16:13:03','2018-07-23 16:13:03',NULL),
	(210,'pt','Ricardo Antunes','ricardogantunes@gmail.com','963400131','2018-09-01','2018-09-02',2,1,'149','Quarto Familiar','room','2018-07-24 06:51:05','2018-07-24 06:51:05',NULL),
	(211,'pt','ines','inesmorgadoribeiro@gmail.com','914410977','2018-10-04','2018-10-07',2,0,'192','Quarto Duplo Conforto','room','2018-07-24 10:08:37','2018-07-24 10:08:37',NULL),
	(212,'pt','Rui Espadeiro','ruiespadeiro@gmail.com','962838118','2018-08-26','2018-08-31',2,1,'745','Quarto Familiar','room','2018-07-24 17:41:19','2018-07-24 17:41:19',NULL),
	(213,'pt','Sofia','sofia-pd@hotmail.com','967310399','2018-09-29','2018-09-30',2,0,'139','Pack Massagem','pack','2018-07-24 18:17:35','2018-07-24 18:17:35',NULL),
	(214,'pt','Lígia Venâncio','ligiameixedo@hotmail.com','961450853','2018-08-04','2018-08-05',2,0,'114','Quarto Duplo Superior com Varanda e Vista Mar (parcial)','room','2018-07-25 10:27:30','2018-07-25 10:27:30',NULL),
	(215,'pt','Claudia Pinto','pint.claudia@gmail.com','96604670','2018-08-01','2018-08-02',2,0,'198','Pack Massagem','pack','2018-07-25 11:12:30','2018-07-25 11:12:30',NULL),
	(216,'pt','Bernardo Hipólito Amado','bernardohipolitoamado@gmail.com','931012594','2018-09-15','2018-09-16',2,0,'64','Quarto Duplo Conforto','room','2018-07-25 16:08:18','2018-07-25 16:08:18',NULL),
	(217,'pt','Pedro Alcazar','pedroalcazar73@gmail.com','0034605890353','2018-08-03','2018-08-05',1,0,'228','Quarto Duplo Superior com Varanda e Vista Mar (parcial)','room','2018-07-25 18:45:55','2018-07-25 18:45:55',NULL),
	(218,'pt','António Silva','antonio.silva@firmago.pt','253304102','2018-08-24','2018-08-25',2,1,'149','Quarto Familiar','room','2018-07-26 10:38:54','2018-07-26 10:38:54',NULL),
	(219,'pt','Salomé Martins Melo','smmelo@msn.com','917423525','2018-09-21','2018-09-23',3,0,'198','Quarto Familiar','room','2018-07-26 19:30:21','2018-07-26 19:30:21',NULL),
	(220,'pt','ANTONIO SANCHO RAMOS','antoniosanchoramos@gmail.com','686952802','2018-08-10','2018-08-12',2,0,'268','Quarto Duplo Superior com Terraço e Vista Mar (parcial)','room','2018-07-27 09:00:41','2018-07-27 09:00:41',NULL),
	(221,'pt','Marina Loreti','loretimarina@gmail.com','916543225','2018-08-07','2018-08-11',1,0,'356','Quarto Duplo Conforto','room','2018-07-27 16:49:16','2018-07-27 16:49:16',NULL),
	(222,'pt','Joana Almeida','joanaalmeida_13@hotmail.com','967116583','2018-08-05','2018-08-07',2,0,'178','Quarto Duplo Conforto','room','2018-07-28 13:16:31','2018-07-28 13:16:31',NULL),
	(223,'pt','Sandra','sandra_silva22@hotmail.com','914437486','2018-08-13','2018-08-16',2,0,'402','Quarto Duplo Superior com Terraço e Vista Mar (parcial)','room','2018-07-28 13:43:30','2018-07-28 13:43:30',NULL),
	(224,'pt','Benoit Dumas','benoit.dumas@gmail.com','0033675852389','2018-08-09','2018-08-13',2,0,'536','Quarto Duplo Superior com Terraço e Vista Mar (parcial)','room','2018-07-28 15:10:35','2018-07-28 15:10:35',NULL),
	(225,'pt','Honorina','filipe.moreira.fm@gmail.com','916514803','2018-08-14','2018-08-16',2,0,'188','Quarto Twin Conforto','room','2018-07-28 15:37:43','2018-07-28 15:37:43',NULL),
	(226,'pt','Vasco André Almeida Martins','vamporto@hotmail.com','918836858','2018-07-29','2018-07-30',2,0,'89','Quarto Duplo Conforto','room','2018-07-29 00:17:17','2018-07-29 00:17:17',NULL),
	(227,'pt','Stephanie','stephanie.dermagne1@gmail.com','919146971','2018-08-11','2018-08-15',2,0,'356','Quarto Duplo Conforto','room','2018-07-29 08:57:51','2018-07-29 08:57:51',NULL),
	(228,'pt','Andreia Capinha Fonseca','andreiafonseca1988@hotmail.com','+447583643115','2018-07-29','2018-07-30',2,0,'114','Quarto Duplo Superior com Varanda e Vista Mar (parcial)','room','2018-07-29 10:03:41','2018-07-29 10:03:41',NULL),
	(229,'pt','Joana Santiago','bredasantiago@gmail.com','918859680','2018-08-03','2018-08-05',2,1,'298','Quarto Familiar','room','2018-07-29 14:11:43','2018-07-29 14:11:43',NULL),
	(230,'pt','Filipe Beja','filipebeja@hotmail.com','926662688','2018-08-09','2018-08-11',2,1,'298','Quarto Familiar','room','2018-07-29 17:39:23','2018-07-29 17:39:23',NULL),
	(231,'pt','Engwicht','feingereist@gmail.com','+4917624176303','2018-08-07','2018-08-09',2,0,'268','Quarto Duplo Superior com Terraço e Vista Mar (parcial)','room','2018-07-30 20:31:28','2018-07-30 20:31:28',NULL),
	(232,'pt','Samuel Ramos','ramos.samuel@outlook.com','00352691656537','2018-09-14','2018-09-17',2,0,'273','Quarto Duplo Superior com Terraço e Vista Mar (parcial)','room','2018-07-30 21:20:04','2018-07-30 21:20:04',NULL),
	(233,'pt','Lukáš','lpudil@gmail.com','+420774841660','2018-08-15','2018-08-19',2,0,'536','Quarto Duplo Superior com Terraço e Vista Mar (parcial)','room','2018-07-31 07:17:45','2018-07-31 07:17:45',NULL),
	(234,'pt','Anabela Margarida Braga da Silva Silva','belapcoura@gmail.com','934245716','2018-08-26','2018-08-30',2,1,'596','Quarto Familiar','room','2018-07-31 11:12:19','2018-07-31 11:12:19',NULL),
	(235,'pt','Paula Dias','pcpd1975@gmail.com','966286896','2018-08-03','2018-08-06',1,0,'267','Quarto Duplo Conforto','room','2018-07-31 15:37:05','2018-07-31 15:37:05',NULL),
	(236,'pt','Paula Dias','pcpd1975@gmail.com','966286896','2018-08-03','2018-08-06',2,0,'342','Quarto Duplo Superior com Varanda e Vista Mar (parcial)','room','2018-07-31 15:38:55','2018-07-31 15:38:55',NULL),
	(237,'pt','avnn','roberto@gmail.com','2222222222','2019-06-21','2019-06-23',2,0,'128','Quarto Duplo Conforto','room','2018-07-31 17:42:27','2018-07-31 17:42:27',NULL),
	(238,'pt','Andreia Pinho','andreiapinho5@sapo.pt','963009638','2018-08-15','2018-08-19',2,0,'356','Quarto Duplo Conforto','room','2018-07-31 21:12:36','2018-07-31 21:12:36',NULL),
	(239,'pt','Maria Guimaraes','maria.6991.g@gmail.com','917486668','2018-08-06','2018-08-13',3,0,'1043','Quarto Familiar','room','2018-07-31 21:52:20','2018-07-31 21:52:20',NULL),
	(240,'pt','christine fajotina','chris.fajotina@gmail.com','7608053822','2018-08-04','2018-08-07',1,0,'237','Quarto Individual Conforto','room','2018-08-01 02:48:16','2018-08-01 02:48:16',NULL),
	(241,'pt','Raquel Simões','raquelsimoes_12@hotmail.com','910921617','2018-08-04','2018-08-05',2,0,'89','Quarto Duplo Conforto','room','2018-08-01 14:03:48','2018-08-01 14:03:48',NULL),
	(242,'pt','Paulo Carrilho','claudia_carrilho1973@hotmail.com','964252996','2018-09-07','2018-09-09',1,0,'228','Quarto Duplo Superior com Varanda e Vista Mar (parcial)','room','2018-08-01 15:59:57','2018-08-01 15:59:57',NULL),
	(243,'pt','Marlene Costa','marlene.costa@live.com.pt','963484701','2018-08-16','2018-08-18',1,0,'188','Quarto Twin Conforto','room','2018-08-01 18:16:11','2018-08-01 18:16:11',NULL),
	(244,'pt','Rui Manuel Peça Fernandes da Silva','ruipeca@hotmail.com','919762944','2018-08-04','2018-08-05',2,0,'199','Pack Romântico','pack','2018-08-02 00:50:54','2018-08-02 00:50:54',NULL),
	(245,'pt','Rui Manuel Peça Fernandes da Silva','ruipeca@hotmail.com','919762944','2018-08-04','2018-08-05',2,0,'198','Pack Massagem','pack','2018-08-02 01:02:21','2018-08-02 01:02:21',NULL),
	(246,'pt','Samuel Ramos','ramos.samuel@outlook.com','00352691656537','2018-09-14','2018-09-17',2,0,'273','Quarto Duplo Superior com Terraço e Vista Mar (parcial)','room','2018-08-02 09:15:24','2018-08-02 09:15:24',NULL),
	(247,'pt','Bakkum','rickbakkum@gmail.com','0031653819665','2018-08-03','2018-08-04',2,1,'149','Quarto Familiar','room','2018-08-02 16:17:25','2018-08-02 16:17:25',NULL),
	(248,'pt','asd','asd@asd.com','9879814651','2018-09-07','2018-09-08',1,0,'114','Quarto Duplo Superior com Varanda e Vista Mar (parcial)','room','2018-08-02 18:24:40','2018-08-02 18:24:40',NULL),
	(249,'pt','Orlanda silva','orlandamcsilva@hotmail.com','967379400','2018-10-06','2018-10-07',1,0,'0','Pack Adoráveis 60','pack','2018-08-02 21:35:16','2018-08-02 21:35:16',NULL),
	(250,'pt','mauricio martins','mauriciomartins19961104@hotmail.com','963078787','2018-08-10','2018-08-12',2,0,'178','Quarto Duplo Conforto','room','2018-08-02 22:38:33','2018-08-02 22:38:33',NULL),
	(251,'pt','António Dias','antoniidias1956@gmail.com','934478606','2018-08-07','2018-08-09',1,0,'268','Quarto Duplo Superior com Terraço e Vista Mar (parcial)','room','2018-08-03 00:03:41','2018-08-03 00:03:41',NULL),
	(252,'pt','Susana Careta','susana.careta@hotmail.com','968141975','2018-08-10','2018-08-12',1,0,'178','Quarto Duplo Conforto','room','2018-08-03 00:06:03','2018-08-03 00:06:03',NULL),
	(253,'pt','Valter Barra','valterbarra@gmail.com','916979346','2018-08-15','2018-08-19',1,0,'616','Suite com Vista Piscina','room','2018-08-03 01:06:12','2018-08-03 01:06:12',NULL),
	(254,'pt','Valter Barra','valterbarra@gmail.com','916979346','2018-08-15','2018-08-19',2,0,'616','Suite com Vista Piscina','room','2018-08-03 01:12:31','2018-08-03 01:12:31',NULL),
	(255,'pt','Albertus den Holder','bendenholder@gmail.com','+32489249097','2018-09-18','2018-09-21',2,0,'0','Pack Adoráveis 60','pack','2018-08-03 10:11:46','2018-08-03 10:11:46',NULL),
	(256,'pt','Carla Caetano','carla_caetano@hotmail.com','917315210','2018-08-11','2018-08-12',2,0,'89','Quarto Duplo Conforto','room','2018-08-03 12:02:04','2018-08-03 12:02:04',NULL),
	(257,'pt','Marina Silva','profq@sapo.pt','911935566','2018-09-11','2018-09-12',2,0,'91','Quarto Duplo Superior com Terraço e Vista Mar (parcial)','room','2018-08-03 13:49:10','2018-08-03 13:49:10',NULL),
	(258,'pt','Nuno Santos','goncalosantos82@gmail.com','967842976','2018-08-06','2018-08-13',2,0,'798','Quarto Duplo Superior com Varanda e Vista Mar (parcial)','room','2018-08-04 11:49:03','2018-08-04 11:49:03',NULL),
	(259,'pt','António Neves','antonio.joao.neves@hotmail.com','915237423','2018-08-24','2018-08-25',2,0,'114','Quarto Duplo Superior com Varanda e Vista Mar (parcial)','room','2018-08-04 12:28:59','2018-08-04 12:28:59',NULL),
	(260,'pt','Jennifer Lima','Shennylima22@gmail.com','913487443','2018-08-04','2018-08-05',1,0,'199','Pack Romântico','pack','2018-08-04 16:38:44','2018-08-04 16:38:44',NULL),
	(261,'pt','Bruno Rocha','bruno.rocha50@gmail.com','967461047','2018-08-04','2018-08-05',2,0,'89','Quarto Duplo Conforto','room','2018-08-04 17:47:29','2018-08-04 17:47:29',NULL),
	(262,'pt','Henrique Santos','henriquecsantos@netcabo.pt','964822978','2018-08-11','2018-08-12',2,0,'89','Quarto Duplo Conforto','room','2018-08-04 18:53:00','2018-08-04 18:53:00',NULL),
	(263,'pt','dina carvalho','dina_carvalho@hotmail.com','916248251','2018-08-13','2018-08-17',1,1,'356','Quarto Duplo Conforto','room','2018-08-04 22:50:04','2018-08-04 22:50:04',NULL),
	(264,'pt','Paulo Gonçalves','pasgoncalves71@gmail.com','914407510','2018-09-07','2018-09-09',2,0,'228','Quarto Duplo Superior com Varanda e Vista Mar (parcial)','room','2018-08-04 23:37:24','2018-08-04 23:37:24',NULL),
	(265,'pt','stephanie','stephaniemarquex@hotmail.com','919093129','2018-08-15','2018-08-19',2,1,'596','Quarto Familiar','room','2018-08-05 11:11:11','2018-08-05 11:11:11',NULL),
	(266,'pt','Ana Luiza','al.amalfi@gmail.com','+55 13 97848456','2018-09-04','2018-09-07',1,0,'342','Quarto Duplo Superior com Varanda e Vista Mar (parcial)','room','2018-08-05 13:25:55','2018-08-05 13:25:55',NULL),
	(267,'pt','Ana Rocha','ana_rocha82@msn.com','916844446','2018-08-27','2018-08-30',2,0,'267','Quarto Duplo Conforto','room','2018-08-05 19:27:40','2018-08-05 19:27:40',NULL),
	(268,'pt','Alice Queiroz','alicecmgqueiros@hotmail.com','936476571','2018-09-22','2018-09-23',2,0,'126','Pack Romântico','pack','2018-08-05 20:46:46','2018-08-05 20:46:46',NULL),
	(269,'pt','Binna Yoon','qlslqlsl33@naver.com','821072772035','2018-09-19','2018-09-21',2,0,'182','Quarto Duplo Superior com Terraço e Vista Mar (parcial)','room','2018-08-06 05:12:13','2018-08-06 05:12:13',NULL),
	(270,'pt','Diogo Marques','diogo_alexandre11@hotmail.com','913105059','2018-09-09','2018-09-10',2,0,'114','Quarto Duplo Superior com Varanda e Vista Mar (parcial)','room','2018-08-06 08:21:15','2018-08-06 08:21:15',NULL),
	(271,'pt','ALICE SILVA','ansilva@tap.pt','917851962','2018-08-18','2018-08-19',2,0,'134','Quarto Duplo Superior com Terraço e Vista Mar (parcial)','room','2018-08-06 10:54:55','2018-08-06 10:54:55',NULL),
	(272,'pt','Antonio Conceicao','a_conceicao@netcabo.pt','918188312','2018-08-22','2018-08-25',3,0,'447','Quarto Familiar','room','2018-08-06 18:08:22','2018-08-06 18:08:22',NULL),
	(273,'pt','RAFAEL CARNIM','rafaelbombeiro@hotmail.com','914702339','2018-08-10','2018-08-12',2,0,'178','Quarto Duplo Conforto','room','2018-08-07 01:03:36','2018-08-07 01:03:36',NULL),
	(274,'pt','Bruno','brunopires27@gmail.com','967779920','2018-08-08','2018-08-09',2,0,'199','Pack Romântico','pack','2018-08-07 09:33:43','2018-08-07 09:33:43',NULL),
	(275,'pt','Miguel Oliveira','M.angelo96@live.de','17663267731','2018-08-07','2018-08-10',2,0,'267','Quarto Duplo Conforto','room','2018-08-07 09:40:59','2018-08-07 09:40:59',NULL),
	(276,'pt','Iciar','itziguagua@yahoo.es','619421777','2018-08-10','2018-08-16',1,0,'804','Quarto Duplo Superior com Terraço e Vista Mar (parcial)','room','2018-08-07 11:00:24','2018-08-07 11:00:24',NULL),
	(277,'pt','Patrícia Duarte','patriciapinheirod@hotmail.com','933639146','2018-08-21','2018-08-23',1,1,'228','Quarto Duplo Superior com Varanda e Vista Mar (parcial)','room','2018-08-07 18:18:53','2018-08-07 18:18:53',NULL),
	(278,'pt','Júlio mendes','JULIOMENDES@SENSI.PT','919631112','2018-08-16','2018-08-20',2,0,'0','Pack Adoráveis 60','pack','2018-08-07 21:02:59','2018-08-07 21:02:59',NULL),
	(279,'pt','Vítor Manuel Oliveira pinho','s.vita@sapo.pt','916845270','2018-08-14','2018-08-15',2,1,'149','Quarto Familiar','room','2018-08-07 21:18:26','2018-08-07 21:18:26',NULL),
	(280,'pt','Patrícia Vieira','patty.vieira.12@gmail.com','965136498','2018-08-09','2018-08-11',2,1,'298','Quarto Familiar','room','2018-08-08 05:05:49','2018-08-08 05:05:49',NULL),
	(281,'pt','Eliana Marques','marques.eliana@hotmail.com','917894349','2018-08-11','2018-08-12',1,0,'154','Suite com Vista Piscina','room','2018-08-08 13:19:09','2018-08-08 13:19:09',NULL),
	(282,'pt','Marcos Moreiras','hjcf00@gmail.com','937639401','2018-08-25','2018-08-26',2,0,'89','Quarto Duplo Conforto','room','2018-08-08 19:19:27','2018-08-08 19:19:27',NULL),
	(283,'pt','Humberto Ferreira','hjcf00@gmail.com','937639401','2018-08-25','2018-08-26',2,0,'89','Quarto Duplo Conforto','room','2018-08-08 19:20:13','2018-08-08 19:20:13',NULL),
	(284,'pt','Inma Mateos','inmamateos_@hotmail.com','600882613','2018-09-10','2018-09-14',2,1,'446','Quarto Familiar','room','2018-08-08 21:27:15','2018-08-08 21:27:15',NULL),
	(285,'pt','João Carreiro','jfcrcarreiro@gmail.com','912329928','2018-08-16','2018-08-17',1,0,'199','Pack Romântico','pack','2018-08-08 22:42:15','2018-08-08 22:42:15',NULL),
	(286,'pt','Manuel','manuelcoelho_1@hotmail.com','967923588','2018-08-10','2018-08-11',2,0,'89','Quarto Duplo Conforto','room','2018-08-09 07:22:55','2018-08-09 07:22:55',NULL),
	(287,'pt','Léa CAYROL','lea.cayrol@gmail.com','937574305','2019-05-17','2019-05-18',1,0,'51','Quarto Individual Conforto','room','2018-08-09 07:48:56','2018-08-09 07:48:56',NULL),
	(288,'pt','Léa CAYROL','lea.cayrol@gmail.com','937574305','2019-05-17','2019-05-18',1,0,'64','Quarto Duplo Conforto','room','2018-08-09 07:50:32','2018-08-09 07:50:32',NULL),
	(289,'pt','Pinto','tatiana.pintodacosta@laposte.net','0626976253','2018-08-09','2018-08-10',1,0,'89','Quarto Duplo Conforto','room','2018-08-09 12:19:37','2018-08-09 12:19:37',NULL),
	(290,'pt','Andreia Tasanis','andreiasofia77@gmail.com','925516273','2018-08-19','2018-08-20',2,0,'198','Pack Massagem','pack','2018-08-09 19:56:12','2018-08-09 19:56:12',NULL),
	(291,'pt','Irina Fonseca','fonseca.acp@hotmail.com','916458046','2018-08-10','2018-08-11',2,0,'114','Quarto Duplo Superior com Varanda e Vista Mar (parcial)','room','2018-08-10 11:01:46','2018-08-10 11:01:46',NULL),
	(292,'pt','Inês','inexofia@hotmail.com','917165174','2018-09-28','2018-09-30',2,0,'252','Pack Romântico','pack','2018-08-12 15:25:11','2018-08-12 15:25:11',NULL),
	(293,'pt','Flavio Scatena','flavioscatena@gmail.com','961 944 423','2018-08-18','2018-08-19',2,0,'89','Quarto Duplo Conforto','room','2018-08-13 14:38:35','2018-08-13 14:38:35',NULL),
	(294,'pt','Tania Garcia','taniagarciamatias@gmail.com','910572604','2018-08-15','2018-08-16',2,0,'89','Quarto Duplo Conforto','room','2018-08-14 12:43:34','2018-08-14 12:43:34',NULL),
	(295,'pt','Luis vaz','luis.vaz@outlook.pt','911043767','2018-08-20','2018-08-25',2,1,'745','Quarto Familiar','room','2018-08-14 19:37:59','2018-08-14 19:37:59',NULL),
	(296,'pt','Joāo Póvoa','jfgpovoa@gmail.com','938663131','2018-09-12','2018-09-16',2,0,'364','Quarto Duplo Superior com Terraço e Vista Mar (parcial)','room','2018-08-15 07:45:16','2018-08-15 07:45:16',NULL),
	(297,'pt','Maria','mjfsrodrigues@gmail.com','935241687','2018-08-18','2018-08-19',1,1,'134','Quarto Duplo Superior com Terraço e Vista Mar (parcial)','room','2018-08-15 19:46:27','2018-08-15 19:46:27',NULL),
	(298,'pt','Ana Leite','catarina_121@hotmail.com','936286371','2018-08-16','2018-08-18',2,0,'178','Quarto Duplo Conforto','room','2018-08-16 02:01:40','2018-08-16 02:01:40',NULL),
	(299,'pt','Ana Gouveia','agouveia.5@gmail.com','914636729','2018-08-21','2018-08-25',2,1,'596','Quarto Familiar','room','2018-08-16 10:46:57','2018-08-16 10:46:57',NULL),
	(300,'pt','Diogo Monteiro','diimonteiro7@hotmail.com','939511644','2018-08-17','2018-08-19',1,0,'228','Quarto Duplo Superior com Varanda e Vista Mar (parcial)','room','2018-08-16 16:54:22','2018-08-16 16:54:22',NULL),
	(301,'pt','Diogo','diimonteiro7@hotmail.com','939511644','2018-08-17','2018-08-19',2,0,'178','Quarto Duplo Conforto','room','2018-08-16 16:56:47','2018-08-16 16:56:47',NULL),
	(302,'pt','Ana Gouveia','agouveia.5@gmail.com','914636729','2018-08-20','2018-08-24',2,1,'596','Quarto Familiar','room','2018-08-16 18:42:14','2018-08-16 18:42:14',NULL),
	(303,'pt','Andre Ataíde','andreataide@gmail.com','917602377','2018-08-27','2018-08-29',2,0,'396','Pack Massagem','pack','2018-08-17 09:38:19','2018-08-17 09:38:19',NULL),
	(304,'pt','Manuela Prudencio','nelaprud@gmail.com','917426022','2018-08-30','2018-09-01',1,0,'228','Quarto Duplo Superior com Varanda e Vista Mar (parcial)','room','2018-08-17 10:44:03','2018-08-17 10:44:03',NULL),
	(305,'pt','joao','joao.nabais@contact.com.pt','935527129','2018-08-17','2018-08-18',1,0,'114','Quarto Duplo Superior com Varanda e Vista Mar (parcial)','room','2018-08-17 12:53:17','2018-08-17 12:53:17',NULL),
	(306,'pt','joao nabais','joao.nabais@contact.com.pt','935527129','2018-08-17','2018-08-18',1,0,'114','Quarto Duplo Superior com Varanda e Vista Mar (parcial)','room','2018-08-17 12:54:27','2018-08-17 12:54:27',NULL),
	(307,'pt','Javier','jajola28@gmail.com','0034955641604','2018-08-21','2018-08-23',2,1,'298','Quarto Familiar','room','2018-08-17 13:03:50','2018-08-17 13:03:50',NULL),
	(308,'pt','João Rodrigues','jrodrigues@b-o-s.pt','966037685','2018-08-17','2018-08-18',2,1,'149','Quarto Familiar','room','2018-08-17 17:26:39','2018-08-17 17:26:39',NULL),
	(309,'pt','Carminda Patrício','carminda.ric@gmail.com','965371164','2018-08-21','2018-08-22',2,0,'94','Quarto Twin Conforto','room','2018-08-17 22:43:37','2018-08-17 22:43:37',NULL),
	(310,'pt','jose','santos.maia@marinha.pt','969040412','2018-08-19','2018-08-20',1,0,'89','Quarto Duplo Conforto','room','2018-08-18 07:56:08','2018-08-18 07:56:08',NULL),
	(311,'pt','Realinho De Sousa','ricofrds@hotmail.com','0664622321','2018-09-17','2018-09-25',2,0,'512','Quarto Duplo Conforto','room','2018-08-18 21:26:31','2018-08-18 21:26:31',NULL),
	(312,'pt','Vera Martins','verasrmartins@gmail.com','962807600','2018-10-05','2018-10-07',1,0,'128','Quarto Duplo Conforto','room','2018-08-19 12:01:46','2018-08-19 12:01:46',NULL),
	(313,'pt','Samuel Fernandes','samuelfernandes@adburaca.org','910009907','2018-10-15','2018-10-18',2,0,'219','Quarto Duplo Superior com Varanda e Vista Mar (parcial)','room','2018-08-19 13:38:49','2018-08-19 13:38:49',NULL),
	(314,'pt','Valter Pereira','valterp27@gmail.com','963579905','2018-09-29','2018-09-30',1,0,'126','Pack Romântico','pack','2018-08-19 15:37:07','2018-08-19 15:37:07',NULL),
	(315,'pt','Inês Pereira','inesfpereira@hotmail.com','961529017','2018-08-25','2018-08-26',2,0,'89','Quarto Duplo Conforto','room','2018-08-19 18:36:14','2018-08-19 18:36:14',NULL),
	(316,'pt','ANA CUNHA','ana.cunha_1994@hotmail.com','933333154','2018-09-15','2018-09-16',2,0,'73','Quarto Duplo Superior com Varanda e Vista Mar (parcial)','room','2018-08-19 19:13:36','2018-08-19 19:13:36',NULL),
	(317,'pt','paulo','paulojmluz@gmail.com','918768638','2018-09-15','2018-09-16',1,0,'78','Quarto Twin Conforto','room','2018-08-19 19:33:31','2018-08-19 19:33:31',NULL),
	(318,'pt','paulo','paulojmluz@gmail.com','918768638','2018-09-15','2018-09-16',2,0,'64','Quarto Duplo Conforto','room','2018-08-19 19:51:14','2018-08-19 19:51:14',NULL),
	(319,'pt','Andriy','andrew_ua@icloud.com','+380660055080','2018-09-08','2018-09-09',2,0,'89','Quarto Duplo Conforto','room','2018-08-19 23:25:31','2018-08-19 23:25:31',NULL),
	(320,'pt','José','zevarela@yahoo.com','964643761','2018-09-07','2018-09-09',2,0,'308','Suite com Vista Piscina','room','2018-08-20 07:34:36','2018-08-20 07:34:36',NULL),
	(321,'pt','Humberto Rosário','hjp.pub@gmail.com','912123044','2018-08-21','2018-08-24',2,0,'402','Quarto Duplo Superior com Terraço e Vista Mar (parcial)','room','2018-08-20 09:33:59','2018-08-20 09:33:59',NULL),
	(322,'pt','Antonio Gamboa','ajsgamboa@gmail.com','924231290','2018-08-31','2018-09-02',2,1,'298','Quarto Familiar','room','2018-08-20 16:43:34','2018-08-20 16:43:34',NULL),
	(323,'pt','David Rodrigues','davidrodrig7@gmail.com','916747917','2018-08-27','2018-08-30',2,0,'342','Quarto Duplo Superior com Varanda e Vista Mar (parcial)','room','2018-08-20 18:24:32','2018-08-20 18:24:32',NULL),
	(324,'pt','Alfonso','alfonsoforneas@gmail.com','620890026','2018-08-23','2018-08-26',2,0,'402','Quarto Duplo Superior com Terraço e Vista Mar (parcial)','room','2018-08-20 18:50:08','2018-08-20 18:50:08',NULL),
	(325,'pt','Marco Claro','xiraideias@gmail.com','924242764','2018-08-25','2018-08-26',2,0,'94','Quarto Twin Conforto','room','2018-08-20 20:41:27','2018-08-20 20:41:27',NULL),
	(326,'pt','William Salvador','bsalvador@taviusa.com','966827043','2018-08-22','2018-08-24',3,0,'298','Quarto Familiar','room','2018-08-21 00:08:27','2018-08-21 00:08:27',NULL),
	(327,'pt','j','j@gmail.com','912345678','2018-08-23','2018-08-26',2,1,'447','Quarto Familiar','room','2018-08-21 22:16:45','2018-08-21 22:16:45',NULL),
	(328,'pt','Sandra','sandracatalao1@gmail.com','96627735','2018-11-02','2018-11-03',2,0,'64','Quarto Duplo Conforto','room','2018-08-21 22:51:04','2018-08-21 22:51:04',NULL),
	(329,'pt','Ana Simoes','ana.claudia.simoes@sapo.pt','966782909','2018-08-25','2018-08-26',2,0,'89','Quarto Duplo Conforto','room','2018-08-22 10:15:52','2018-08-22 10:15:52',NULL),
	(330,'pt','Joana','joanamanueladecastro@hotmail.com','924309713','2018-09-03','2018-09-07',1,0,'536','Quarto Duplo Superior com Terraço e Vista Mar (parcial)','room','2018-08-22 11:31:58','2018-08-22 11:31:58',NULL),
	(331,'pt','E. Gründel','e.gruendel@bluewin.ch','0041622983526','2018-09-14','2018-09-17',2,0,'378','Pack Romântico','pack','2018-08-22 15:26:24','2018-08-22 15:26:24',NULL),
	(332,'pt','Bruno Soares','bdamasio@hotmail.com','5531991019662','2019-06-21','2019-06-23',2,0,'128','Quarto Duplo Conforto','room','2018-08-22 22:34:53','2018-08-22 22:34:53',NULL),
	(333,'pt','Filipa ferreira','filipapicao58@gmail.com','914344607','2018-10-04','2018-10-05',2,0,'78','Quarto Twin Conforto','room','2018-08-22 23:43:03','2018-08-22 23:43:03',NULL),
	(334,'pt','Irina Fonseca','fonseca.acp@hotmail.com','916458046','2018-08-24','2018-08-25',2,0,'114','Quarto Duplo Superior com Varanda e Vista Mar (parcial)','room','2018-08-23 10:57:08','2018-08-23 10:57:08',NULL),
	(335,'pt','Sara','cristina24_535@hotmail.com','936927554','2018-10-05','2018-10-07',1,0,'128','Quarto Duplo Conforto','room','2018-08-23 12:41:58','2018-08-23 12:41:58',NULL),
	(336,'pt','jj','jj@jj.com','33333221111','2019-06-21','2019-06-23',1,0,'128','Quarto Duplo Conforto','room','2018-08-23 16:50:23','2018-08-23 16:50:23',NULL),
	(337,'pt','Margarida Pombo','margaridapombo2@gmail.com','917359450','2018-08-25','2018-08-26',2,0,'89','Quarto Duplo Conforto','room','2018-08-23 21:32:29','2018-08-23 21:32:29',NULL),
	(338,'pt','LUIS ROQUETTE','luis.roquette@sapo.pt','918622777','2018-08-24','2018-08-25',1,0,'198','Pack Massagem','pack','2018-08-24 14:45:54','2018-08-24 14:45:54',NULL),
	(339,'pt','Antonio','ajsgamboa@gmail.com','924231290','2018-08-31','2018-09-03',1,0,'462','Suite com Vista Piscina','room','2018-08-24 16:18:44','2018-08-24 16:18:44',NULL),
	(340,'pt','Filipa Santos','filipa.roma@hotmail.com','917700676','2018-09-05','2018-09-07',2,0,'178','Quarto Duplo Conforto','room','2018-08-25 09:57:00','2018-08-25 09:57:00',NULL),
	(341,'pt','PIOMBINO','fpiombino@luceregina.com','0033662562580','2018-08-26','2018-08-28',1,0,'158','Quarto Individual Conforto','room','2018-08-25 22:01:27','2018-08-25 22:01:27',NULL),
	(342,'pt','Helder','Heldergomespinto@sapo.pt','969076547','2018-09-21','2018-09-23',2,0,'128','Quarto Duplo Conforto','room','2018-08-26 22:22:34','2018-08-26 22:22:34',NULL),
	(343,'pt','ana leal','anasofiamleal@hotmail.com','918448914','2018-09-17','2018-09-21',2,0,'364','Quarto Duplo Superior com Terraço e Vista Mar (parcial)','room','2018-08-27 08:58:33','2018-08-27 08:58:33',NULL),
	(344,'pt','Daniela','danielafiliparj@gmail.com','912760563','2018-10-05','2018-10-07',2,0,'128','Quarto Duplo Conforto','room','2018-08-27 10:25:17','2018-08-27 10:25:17',NULL),
	(345,'pt','fabian','fabianmaceira@hotmail.com','652529447','2018-08-30','2018-09-02',2,0,'267','Quarto Duplo Conforto','room','2018-08-27 13:15:01','2018-08-27 13:15:01',NULL),
	(346,'pt','fabian','fabianmaceira@hotmail.com','652529447','2018-08-30','2018-09-03',2,0,'356','Quarto Duplo Conforto','room','2018-08-27 13:31:44','2018-08-27 13:31:44',NULL),
	(347,'pt','Ruben Bernardo','ruben.bernardo@outlook.com','934534345','2018-08-31','2018-09-02',2,0,'268','Quarto Duplo Superior com Terraço e Vista Mar (parcial)','room','2018-08-27 16:26:50','2018-08-27 16:26:50',NULL),
	(348,'pt','Ângelo Venancio','venancioangelo@hotmail.com','964072716','2018-10-13','2018-10-14',1,0,'126','Pack Romântico','pack','2018-08-27 22:28:01','2018-08-27 22:28:01',NULL),
	(349,'pt','Patrick Barros','patrickrodbarros@gmail.com','917936722','2018-09-18','2018-09-21',2,0,'273','Quarto Duplo Superior com Terraço e Vista Mar (parcial)','room','2018-08-28 10:31:36','2018-08-28 10:31:36',NULL),
	(350,'pt','Gustavo Santos','gustavo.a.placido@gmail.com','918131789','2018-08-31','2018-09-02',1,0,'268','Quarto Duplo Superior com Terraço e Vista Mar (parcial)','room','2018-08-28 13:27:23','2018-08-28 13:27:23',NULL),
	(351,'pt','Ana Filipa Pereira','palipa13@hotmail.com','925422632','2018-10-12','2018-10-14',2,0,'146','Quarto Duplo Superior com Varanda e Vista Mar (parcial)','room','2018-08-28 14:16:20','2018-08-28 14:16:20',NULL),
	(352,'pt','Pes','riccardo.pes@sfr.fr','0033616776124','2018-10-28','2018-11-08',2,0,'1001','Quarto Duplo Superior com Terraço e Vista Mar (parcial)','room','2018-08-28 15:16:16','2018-08-28 15:16:16',NULL),
	(353,'pt','Ana','anads93@hotmail.com','910000000','2018-08-31','2018-09-01',2,1,'149','Quarto Familiar','room','2018-08-28 16:41:48','2018-08-28 16:41:48',NULL),
	(354,'pt','Bárbara','bflycoimbra85@gmail.com','916373561','2018-09-22','2018-09-25',1,0,'153','Quarto Individual Conforto','room','2018-08-28 19:51:52','2018-08-28 19:51:52',NULL),
	(355,'pt','sofia pinto','sofiapinto9000@gmail.com','934188712','2018-10-05','2018-10-07',2,0,'146','Quarto Duplo Superior com Varanda e Vista Mar (parcial)','room','2018-08-28 20:12:34','2018-08-28 20:12:34',NULL),
	(356,'pt','Sérgio Mota','sergio.mota@live.com','+351913535020','2018-08-30','2018-09-01',1,1,'178','Quarto Duplo Conforto','room','2018-08-28 21:29:21','2018-08-28 21:29:21',NULL),
	(357,'pt','ss','z@iol.com','99','2018-08-31','2018-09-02',1,0,'158','Quarto Individual Conforto','room','2018-08-28 22:21:18','2018-08-28 22:21:18',NULL),
	(358,'pt','Sandra Santos','sandra0mas@gmail.com','932896857','2018-08-29','2018-09-01',1,0,'267','Quarto Duplo Conforto','room','2018-08-29 01:28:30','2018-08-29 01:28:30',NULL),
	(359,'pt','Guilherme Adriano','gui.adriano88@gmail.com','967774030','2018-08-31','2018-09-02',1,0,'228','Quarto Duplo Superior com Varanda e Vista Mar (parcial)','room','2018-08-29 22:06:42','2018-08-29 22:06:42',NULL),
	(360,'pt','Aa','aa@aa.pt','221234567','2018-08-31','2018-09-01',1,0,'89','Quarto Duplo Conforto','room','2018-08-29 22:14:45','2018-08-29 22:14:45',NULL),
	(361,'pt','rafaela almeida','rafaelafaalmeida@gmail.com','911842505','2018-09-06','2018-09-08',1,0,'228','Quarto Duplo Superior com Varanda e Vista Mar (parcial)','room','2018-08-30 14:55:26','2018-08-30 14:55:26',NULL),
	(362,'pt','Rafaela Filipa Antunes de Almeida','rafaelafaalmeida@gmail.com','911842505','2018-10-05','2018-10-07',1,0,'182','Quarto Duplo Superior com Terraço e Vista Mar (parcial)','room','2018-08-30 15:56:07','2018-08-30 15:56:07',NULL),
	(363,'pt','Vitor Figueiredo','vitorfigueiredo2507@gmail.com','914166199','2018-09-14','2018-09-16',2,0,'278','Pack Massagem','pack','2018-08-30 18:45:40','2018-08-30 18:45:40',NULL),
	(364,'pt','Catarina Barroso','catarina0000@hotmail.com','918500115','2018-09-01','2018-09-02',2,0,'114','Quarto Duplo Superior com Varanda e Vista Mar (parcial)','room','2018-09-01 00:17:52','2018-09-01 00:17:52',NULL),
	(365,'pt','Patrick Barros','patrick.rodrigues.barros@gmail.com','917936722','2018-09-18','2018-09-21',2,0,'219','Quarto Duplo Superior com Varanda e Vista Mar (parcial)','room','2018-09-01 21:44:16','2018-09-01 21:44:16',NULL),
	(366,'pt','Anna Korzeniowska','korzeniowska.anna87@gmail.com','+31652415162','2018-09-08','2018-09-10',2,0,'268','Quarto Duplo Superior com Terraço e Vista Mar (parcial)','room','2018-09-02 16:21:12','2018-09-02 16:21:12',NULL),
	(367,'pt','Elza Duarte','lorena_elza@hotmail.com','933615436','2018-09-19','2018-09-20',2,0,'64','Quarto Duplo Conforto','room','2018-09-02 16:57:23','2018-09-02 16:57:23',NULL),
	(368,'pt','vera pires','veraluciapiress@gmail.com','917967395','2018-09-19','2018-09-20',1,0,'64','Quarto Duplo Conforto','room','2018-09-03 13:01:02','2018-09-03 13:01:02',NULL),
	(369,'pt','Tania','taniasfmartins@gmail.com','965138074','2018-10-04','2018-10-07',2,0,'273','Quarto Duplo Superior com Terraço e Vista Mar (parcial)','room','2018-09-03 16:46:57','2018-09-03 16:46:57',NULL),
	(370,'pt','David','dlfaraujo@gmail.com','963333104','2018-09-15','2018-09-16',1,0,'91','Quarto Duplo Superior com Terraço e Vista Mar (parcial)','room','2018-09-03 17:16:09','2018-09-03 17:16:09',NULL),
	(371,'pt','Raquel Carvalho','raquelribeirocarvalho@yahoo.com','936634687','2018-09-22','2018-09-23',1,0,'91','Quarto Duplo Superior com Terraço e Vista Mar (parcial)','room','2018-09-03 18:58:50','2018-09-03 18:58:50',NULL),
	(372,'pt','Raquel Carvalho','raquelribeirocarvalho@yahoo.com','936634687','2018-09-22','2018-09-23',2,0,'73','Quarto Duplo Superior com Varanda e Vista Mar (parcial)','room','2018-09-03 19:02:27','2018-09-03 19:02:27',NULL),
	(373,'pt','Loic Roda','brunolroda@gmail.com','914386178','2018-09-07','2018-09-08',2,0,'89','Quarto Duplo Conforto','room','2018-09-03 23:07:59','2018-09-03 23:07:59',NULL),
	(374,'pt','Ana Raquel Ferreira Azenha','anaraquelfa@gmail.com','912838872','2018-10-27','2018-10-31',1,0,'396','Quarto Familiar','room','2018-09-04 00:53:11','2018-09-04 00:53:11',NULL),
	(375,'pt','Fourbil Jeremie','jeremie.fourbil@gmail.com','+33679439595','2018-09-04','2018-09-06',1,0,'228','Quarto Duplo Superior com Varanda e Vista Mar (parcial)','room','2018-09-04 10:26:42','2018-09-04 10:26:42',NULL),
	(376,'pt','Rita Baltazar','ritabaltazar2605@gmail.com','916074777','2018-09-19','2018-09-20',2,0,'64','Quarto Duplo Conforto','room','2018-09-04 11:00:38','2018-09-04 11:00:38',NULL),
	(377,'pt','António Neves','smneves86@gmail.com','966129570','2018-09-07','2018-09-08',2,0,'0','Pack Adoráveis 60','pack','2018-09-04 12:48:41','2018-09-04 12:48:41',NULL),
	(378,'pt','Isabel David de Oliveira','isabel.oliveira2328@gmail.com','967688056','2018-09-07','2018-09-08',1,0,'134','Quarto Duplo Superior com Terraço e Vista Mar (parcial)','room','2018-09-05 13:55:04','2018-09-05 13:55:04',NULL),
	(379,'pt','Fernando','fmquasi@gmail.com','910976268','2018-10-04','2018-10-07',1,0,'273','Quarto Duplo Superior com Terraço e Vista Mar (parcial)','room','2018-09-05 15:00:27','2018-09-05 15:00:27',NULL),
	(380,'pt','Andrea Antonio','andreapantonio@gmail.com','910654782','2018-09-08','2018-09-09',2,0,'134','Quarto Duplo Superior com Terraço e Vista Mar (parcial)','room','2018-09-07 08:38:14','2018-09-07 08:38:14',NULL),
	(381,'pt','Carina Duarte','carinarduarte@gmail.com','914182379','2018-09-22','2018-09-23',2,0,'126','Pack Romântico','pack','2018-09-07 10:10:13','2018-09-07 10:10:13',NULL),
	(382,'pt','Teresa Oliveira','teresa.oliveira78@gmail.com','918838246','2018-09-07','2018-09-08',2,0,'134','Quarto Duplo Superior com Terraço e Vista Mar (parcial)','room','2018-09-07 11:56:06','2018-09-07 11:56:06',NULL),
	(383,'pt','Teresa Oliveira','teresa.oliveira78@gmail.com','918838246','2018-09-08','2018-09-09',2,0,'89','Quarto Duplo Conforto','room','2018-09-07 11:59:41','2018-09-07 11:59:41',NULL),
	(384,'pt','pereira','luisfonsecapereira@hotmail.com','934254627','2018-09-09','2018-09-10',2,0,'134','Quarto Duplo Superior com Terraço e Vista Mar (parcial)','room','2018-09-07 15:38:32','2018-09-07 15:38:32',NULL),
	(385,'pt','Ana Moreira','anacardosomoreira@gmail.com','939693253','2018-09-13','2018-09-17',2,0,'364','Quarto Duplo Superior com Terraço e Vista Mar (parcial)','room','2018-09-08 14:05:51','2018-09-08 14:05:51',NULL),
	(386,'pt','Inês Feliciano','inesfeliciano@gmail.com','919045762','2018-10-01','2018-10-04',2,0,'219','Quarto Duplo Superior com Varanda e Vista Mar (parcial)','room','2018-09-09 06:40:40','2018-09-09 06:40:40',NULL),
	(387,'pt','Fernando','fernando.costa45@hotmail.com','917540690','2018-10-26','2018-10-28',2,0,'208','Suite com Vista Piscina','room','2018-09-09 17:07:48','2018-09-09 17:07:48',NULL),
	(388,'pt','Sofia Lobato','sofialobato@record.pt','937889917','2018-09-15','2018-09-16',2,1,'99','Quarto Familiar','room','2018-09-09 22:25:21','2018-09-09 22:25:21',NULL),
	(389,'pt','Diogo','diogohipolitoamado@gmail.com','911870228','2018-09-15','2018-09-16',2,0,'64','Quarto Duplo Conforto','room','2018-09-10 16:43:03','2018-09-10 16:43:03',NULL),
	(390,'pt','Vera Quintans','xera.lopes@gmail.com','916985641','2018-10-04','2018-10-05',1,0,'73','Quarto Duplo Superior com Varanda e Vista Mar (parcial)','room','2018-09-10 18:13:24','2018-09-10 18:13:24',NULL),
	(391,'pt','Patricia','patricia.isabel@sapo.pt','912159839','2018-09-21','2018-09-23',1,0,'128','Quarto Duplo Conforto','room','2018-09-10 23:12:01','2018-09-10 23:12:01',NULL),
	(392,'pt','Maria','mariiaines96@hotmail.com','964339792','2018-11-01','2018-11-02',2,0,'126','Pack Romântico','pack','2018-09-11 00:06:41','2018-09-11 00:06:41',NULL),
	(393,'pt','andreia azevedo','and26az@hotmail.com','915381032','2018-10-15','2018-10-20',2,0,'320','Quarto Duplo Conforto','room','2018-09-11 13:11:17','2018-09-11 13:11:17',NULL),
	(394,'pt','Diogo','dmcoelho96@gmail.com','918964149','2018-09-12','2018-09-15',2,0,'192','Quarto Duplo Conforto','room','2018-09-12 09:24:16','2018-09-12 09:24:16',NULL),
	(395,'pt','Ricardo Jorge Vicente Santos','ricardosantos29@hotmail.com','969054685','2018-10-05','2018-10-07',2,0,'146','Quarto Duplo Superior com Varanda e Vista Mar (parcial)','room','2018-09-12 12:12:38','2018-09-12 12:12:38',NULL),
	(396,'pt','Ricardo Jorge Vicente Santos','ricardosantos29@hotmail.com','969054685','2018-10-05','2018-10-07',2,0,'146','Quarto Duplo Superior com Varanda e Vista Mar (parcial)','room','2018-09-12 12:12:38','2018-09-12 12:12:38',NULL),
	(397,'pt','Ana Sá','analoureirosa@sapo.pt','963778696','2018-10-04','2018-10-06',2,1,'198','Quarto Familiar','room','2018-09-12 13:48:26','2018-09-12 13:48:26',NULL),
	(398,'pt','Caroline Macor','caroline.macor@gmail.com','917637130','2018-10-06','2018-10-07',1,0,'73','Quarto Duplo Superior com Varanda e Vista Mar (parcial)','room','2018-09-12 14:32:59','2018-09-12 14:32:59',NULL),
	(399,'pt','irina fonseca','fonseca.acp@hotmail.com','916458046','2018-09-12','2018-09-13',2,0,'104','Suite com Vista Piscina','room','2018-09-12 14:45:18','2018-09-12 14:45:18',NULL),
	(400,'pt','Joaquim Caria','jcaria@thbgroup.com','+316514335','2018-09-15','2018-09-19',2,0,'256','Quarto Duplo Conforto','room','2018-09-12 17:57:30','2018-09-12 17:57:30',NULL),
	(401,'pt','Luis Palas','luis_palas@hotmail.com','934148623','2018-09-14','2018-09-16',2,1,'198','Quarto Familiar','room','2018-09-12 19:57:47','2018-09-12 19:57:47',NULL),
	(402,'pt','João Vitorino','joaogoncalov@gmail.com','916815600','2018-09-15','2018-09-16',2,0,'126','Pack Romântico','pack','2018-09-13 08:50:48','2018-09-13 08:50:48',NULL),
	(403,'pt','Mónica Carvalho Claro','monica.a.p.carvalho@gmail.com','966305373','2018-09-22','2018-09-23',1,1,'99','Quarto Familiar','room','2018-09-13 13:01:35','2018-09-13 13:01:35',NULL),
	(404,'pt','Alexandra','alexandra.carvalho@gmail.com','924363112','2018-09-30','2018-10-03',2,0,'192','Quarto Duplo Conforto','room','2018-09-13 13:40:43','2018-09-13 13:40:43',NULL),
	(405,'pt','Alexandra','alexandra.carvalho@gmail.com','924363112','2018-09-30','2018-10-03',2,0,'192','Quarto Duplo Conforto','room','2018-09-13 13:40:43','2018-09-13 13:40:43',NULL),
	(406,'pt','Ana Sousa','ana.i.sousa@gmail.com','919046345','2018-10-03','2018-10-04',2,0,'73','Quarto Duplo Superior com Varanda e Vista Mar (parcial)','room','2018-09-13 14:10:31','2018-09-13 14:10:31',NULL),
	(407,'pt','Alaitz Garcia','alaitz_87@hotmail.com','00447463751951','2018-09-14','2018-09-15',2,0,'126','Pack Romântico','pack','2018-09-13 17:30:42','2018-09-13 17:30:42',NULL),
	(408,'pt','Cristiana','cristiana134141@hotmail.com','933616877','2018-09-13','2018-09-14',2,0,'64','Quarto Duplo Conforto','room','2018-09-13 21:11:42','2018-09-13 21:11:42',NULL),
	(409,'pt','Ricardo','ricardobssantos@gmail.com','00447472797477','2018-10-04','2018-10-07',2,0,'192','Quarto Duplo Conforto','room','2018-09-13 23:02:07','2018-09-13 23:02:07',NULL),
	(410,'pt','Ricardo','ricardobssantos@gmail.com','00447472797477','2018-10-04','2018-10-07',2,0,'378','Pack Romântico','pack','2018-09-13 23:04:49','2018-09-13 23:04:49',NULL),
	(411,'pt','Inês Monteiro','ines.sofia.13@gmail.com','912321257','2018-09-14','2018-09-16',2,0,'128','Quarto Duplo Conforto','room','2018-09-13 23:14:05','2018-09-13 23:14:05',NULL),
	(412,'pt','Rita','rita_ricoo@hotmail.com','966020263','2018-09-29','2018-09-30',1,0,'99','Quarto Familiar','room','2018-09-14 11:49:29','2018-09-14 11:49:29',NULL),
	(413,'pt','Maria Santos','cduarte93@hotmail.com','917163123','2018-10-05','2018-10-07',1,0,'198','Quarto Familiar','room','2018-09-14 14:02:06','2018-09-14 14:02:06',NULL),
	(414,'pt','maria santos','cduarte93@hotmail.com','917163123','2018-10-05','2018-10-07',1,0,'208','Suite com Vista Piscina','room','2018-09-14 14:02:57','2018-09-14 14:02:57',NULL),
	(415,'pt','Carolina Marcelino Rodrigues','carolinamarcelino.1998@gmail.com','913032894','2018-10-13','2018-10-14',2,0,'126','Pack Romântico','pack','2018-09-14 15:17:02','2018-09-14 15:17:02',NULL),
	(416,'pt','Jorge','mduarte132@gmail.com','912114405','2018-09-21','2018-09-22',2,0,'64','Quarto Duplo Conforto','room','2018-09-15 21:01:36','2018-09-15 21:01:36',NULL),
	(417,'pt','Ricardo Parreira','parreira.consultor@gmail.com','933419792','2018-09-16','2018-09-18',2,0,'128','Quarto Duplo Conforto','room','2018-09-15 23:40:09','2018-09-15 23:40:09',NULL),
	(418,'pt','Jandira','janidira_1989@hotmail.com','927723901','2018-09-29','2018-09-30',2,0,'126','Pack Romântico','pack','2018-09-16 10:52:17','2018-09-16 10:52:17',NULL),
	(419,'pt','Andreia Sofia Monteiro Teixeira','steixeira10@gmail.com','914401769','2018-09-16','2018-09-17',1,0,'73','Quarto Duplo Superior com Varanda e Vista Mar (parcial)','room','2018-09-16 11:08:05','2018-09-16 11:08:05',NULL),
	(420,'pt','Ana','anatuna@gmail.com','914828564','2018-09-21','2018-09-22',1,0,'64','Quarto Duplo Conforto','room','2018-09-16 13:36:37','2018-09-16 13:36:37',NULL),
	(421,'pt','João Lourenço','joaolourenco85@gmail.com','967417617','2018-09-23','2018-09-24',2,0,'91','Quarto Duplo Superior com Terraço e Vista Mar (parcial)','room','2018-09-17 09:47:40','2018-09-17 09:47:40',NULL),
	(422,'pt','Marisa','marisasofianabais@hotmail.com','965378759','2018-10-05','2018-10-06',2,0,'126','Pack Romântico','pack','2018-09-17 09:55:52','2018-09-17 09:55:52',NULL),
	(423,'pt','Rita Lemos','ritalexlemos@gmail.com','919219676','2018-09-24','2018-09-25',2,0,'126','Pack Romântico','pack','2018-09-17 10:49:48','2018-09-17 10:49:48',NULL),
	(424,'pt','Ana Sousa','als@vda.pt','961010050','2018-10-05','2018-10-07',2,1,'198','Quarto Familiar','room','2018-09-17 13:59:07','2018-09-17 13:59:07',NULL),
	(425,'pt','Joao Henriques','joao.henriques@outlook.com','927998421','2018-09-21','2018-09-22',2,0,'139','Pack Massagem','pack','2018-09-17 16:59:59','2018-09-17 16:59:59',NULL),
	(426,'pt','Ana Rocha','ana_rocha82@msn.com','916844446','2018-11-03','2018-11-05',2,0,'128','Quarto Duplo Conforto','room','2018-09-17 23:03:17','2018-09-17 23:03:17',NULL),
	(427,'pt','André','andre.fr.manuel@gmail.com','917502194','2018-09-26','2018-09-27',2,0,'126','Pack Romântico','pack','2018-09-17 23:30:21','2018-09-17 23:30:21',NULL),
	(428,'pt','Nuno Carrilho','nunojcarrilho@hotmail.com','226170316','2018-10-05','2018-10-07',2,1,'198','Quarto Familiar','room','2018-09-18 09:16:06','2018-09-18 09:16:06',NULL),
	(429,'pt','Sara Sousa','sarafsousa@hotmail.com','911564569','2018-09-23','2018-09-24',2,0,'64','Quarto Duplo Conforto','room','2018-09-20 10:59:46','2018-09-20 10:59:46',NULL),
	(430,'pt','paula varela','anapaularaposo@msn.com','939685333','2018-11-03','2018-11-04',2,1,'99','Quarto Familiar','room','2018-09-20 11:36:12','2018-09-20 11:36:12',NULL),
	(431,'pt','paula varela','anapaularaposo@msn.com','939685333','2018-11-01','2018-11-02',1,0,'64','Quarto Duplo Conforto','room','2018-09-20 11:38:00','2018-09-20 11:38:00',NULL),
	(432,'pt','Anabela Pinho','pinhoanabel@gmail.com','939448922','2018-12-22','2018-12-23',1,2,'99','Quarto Familiar','room','2018-09-20 21:57:32','2018-09-20 21:57:32',NULL),
	(433,'pt','Ricardo Alves','rikardomalves@gmail.com','917645413','2018-09-29','2018-09-30',1,0,'139','Pack Massagem','pack','2018-09-20 22:23:46','2018-09-20 22:23:46',NULL),
	(434,'pt','tirsa','tirsatoledo@gmail.com','0034628275723','2018-10-12','2018-10-14',2,0,'156','Quarto Twin Conforto','room','2018-09-21 07:33:53','2018-09-21 07:33:53',NULL),
	(435,'pt','tirsa','tirsatoledo@gmail.com','0034628275723','2018-10-12','2018-10-14',2,0,'128','Quarto Duplo Conforto','room','2018-09-21 07:44:09','2018-09-21 07:44:09',NULL),
	(436,'pt','Henrique Silva','hsbook@mac.com','969055814','2018-09-21','2018-09-23',2,0,'182','Quarto Duplo Superior com Terraço e Vista Mar (parcial)','room','2018-09-21 15:12:28','2018-09-21 15:12:28',NULL),
	(437,'pt','Patrícia Venâncio','pinvenancio@gmail.com','910419793','2018-09-26','2018-09-27',2,0,'139','Pack Massagem','pack','2018-09-21 20:13:16','2018-09-21 20:13:16',NULL),
	(438,'pt','Cláudia','claudia_teixeira@live.com.pt','912480326','2018-10-05','2018-10-07',1,0,'128','Quarto Duplo Conforto','room','2018-09-22 11:32:29','2018-09-22 11:32:29',NULL),
	(439,'pt','João Santos','joaoartur23@gmail.com','968081201','2018-10-04','2018-10-07',2,0,'273','Quarto Duplo Superior com Terraço e Vista Mar (parcial)','room','2018-09-22 22:51:11','2018-09-22 22:51:11',NULL),
	(440,'pt','Cory Gislason','cjgislason@gmail.com','2502175213','2018-09-25','2018-09-27',2,0,'156','Quarto Twin Conforto','room','2018-09-23 11:39:19','2018-09-23 11:39:19',NULL),
	(441,'pt','Ines Pereira','inesiinha18@hotmail.com','932374085','2018-10-12','2018-10-14',2,0,'146','Quarto Duplo Superior com Varanda e Vista Mar (parcial)','room','2018-09-23 16:37:12','2018-09-23 16:37:12',NULL),
	(442,'pt','Melvine Stempinski','melvinestemp@yahoo.fr','676884193','2018-09-28','2018-10-01',2,1,'297','Quarto Familiar','room','2018-09-23 22:04:10','2018-09-23 22:04:10',NULL),
	(443,'pt','Rob','robknibb@gmail.com','07754653431','2018-10-21','2018-10-22',2,0,'126','Pack Romântico','pack','2018-09-24 12:14:40','2018-09-24 12:14:40',NULL),
	(444,'pt','Henrique Santos','jhs@rar.com','935558059','2018-12-31','2019-01-01',1,0,'324','Quarto Duplo Superior com Terraço e Vista Mar (parcial)','room','2018-09-24 14:00:34','2018-09-24 14:00:34',NULL),
	(445,'pt','Vania','vaniafmarques.85@gmail.com','916504682','2018-12-31','2019-01-01',1,0,'304','Quarto Duplo Superior com Varanda e Vista Mar (parcial)','room','2018-09-24 14:00:44','2018-09-24 14:00:44',NULL),
	(446,'pt','Camila Barra','camila.b.mendonca1@gmail.com','+5531984668829','2019-06-21','2019-06-23',2,0,'128','Quarto Duplo Conforto','room','2018-09-24 17:36:51','2018-09-24 17:36:51',NULL),
	(447,'pt','Belén','belenlopezpol@gmail.com','607352999','2018-09-27','2018-10-04',2,0,'511','Quarto Duplo Superior com Varanda e Vista Mar (parcial)','room','2018-09-25 08:38:40','2018-09-25 08:38:40',NULL),
	(448,'pt','Dora','dcpcab@hotmail.com','969019519','2018-10-05','2018-10-06',1,0,'126','Pack Romântico','pack','2018-09-25 12:58:50','2018-09-25 12:58:50',NULL),
	(449,'pt','Joana Afonso','joana6afonso@hotmail.com','925073018','2018-09-29','2018-09-30',2,1,'99','Quarto Familiar','room','2018-09-25 14:16:40','2018-09-25 14:16:40',NULL),
	(450,'pt','José Cruz','jcruz@aubay.com','963480899','2018-10-04','2018-10-05',2,0,'104','Suite com Vista Piscina','room','2018-09-25 20:16:43','2018-09-25 20:16:43',NULL),
	(451,'pt','Brittany Guerin','brittanylguerin@gmail.com','2015433093','2018-10-18','2018-10-20',1,2,'198','Quarto Familiar','room','2018-09-26 03:08:13','2018-09-26 03:08:13',NULL),
	(452,'pt','Estevens','estevensliliane@hotmail.com','+41788074908','2018-10-05','2018-10-07',2,0,'278','Pack Massagem','pack','2018-09-26 17:28:25','2018-09-26 17:28:25',NULL),
	(453,'pt','Jane magem','janeymagem@gmail.com','07780462982','2018-10-02','2018-10-03',1,0,'73','Quarto Duplo Superior com Varanda e Vista Mar (parcial)','room','2018-09-26 20:55:29','2018-09-26 20:55:29',NULL),
	(454,'pt','Paula','anapaularaposo@msn.com','939685333','2018-11-03','2018-11-04',2,0,'126','Pack Romântico','pack','2018-09-26 22:08:28','2018-09-26 22:08:28',NULL),
	(455,'pt','João Sarabando Santos','joao.sarabando.santos@gmail.com','964141329','2018-10-01','2018-10-05',2,0,'292','Quarto Duplo Superior com Varanda e Vista Mar (parcial)','room','2018-09-26 23:45:25','2018-09-26 23:45:25',NULL),
	(456,'pt','Marina Raquel Lourenço Azevedo Ricardo','marinazevedo@live.com.pt','911993774','2018-10-01','2018-10-02',1,0,'126','Pack Romântico','pack','2018-09-26 23:57:44','2018-09-26 23:57:44',NULL),
	(457,'pt','Catarina Couteiro','catarina.isaabel@gmail.com','917411107','2018-10-01','2018-10-03',2,0,'252','Pack Romântico','pack','2018-09-27 10:34:49','2018-09-27 10:34:49',NULL),
	(458,'pt','Leandro José salreta','leo_jose2382@Hotmail.com','969292251','2018-10-10','2018-10-12',2,0,'128','Quarto Duplo Conforto','room','2018-09-27 17:24:00','2018-09-27 17:24:00',NULL),
	(459,'pt','Bruno Carmo','brunoacarmo@gmail.com','965229110','2018-09-28','2018-09-29',2,0,'126','Pack Romântico','pack','2018-09-28 02:54:08','2018-09-28 02:54:08',NULL),
	(460,'pt','Ana Santos','asantos.psimao@gmail.com','936293782','2018-10-04','2018-10-07',1,1,'297','Quarto Familiar','room','2018-09-28 09:10:16','2018-09-28 09:10:16',NULL),
	(461,'pt','Paulo Pereira','lamorack@hotmail.com','918498717','2018-09-29','2018-09-30',1,0,'104','Suite com Vista Piscina','room','2018-09-28 11:39:32','2018-09-28 11:39:32',NULL),
	(462,'pt','Dora','dcpcab@hotmail.com','969019519','2018-11-17','2018-11-18',2,0,'126','Pack Romântico','pack','2018-09-28 11:49:10','2018-09-28 11:49:10',NULL),
	(463,'pt','Vasco Rocha','vasco.gouveia.rocha@gmail.com','966004442','2018-09-29','2018-09-30',1,0,'73','Quarto Duplo Superior com Varanda e Vista Mar (parcial)','room','2018-09-28 12:37:47','2018-09-28 12:37:47',NULL),
	(464,'pt','Teresa Garrido','teresa.garrido10@gmail.com','965394362','2018-10-06','2018-10-07',2,0,'64','Quarto Duplo Conforto','room','2018-09-28 14:17:52','2018-09-28 14:17:52',NULL),
	(465,'pt','Samuel Fernandes','samuelfernandes@adburaca.org','910009907','2018-10-14','2018-10-18',2,0,'292','Quarto Duplo Superior com Varanda e Vista Mar (parcial)','room','2018-09-28 18:55:34','2018-09-28 18:55:34',NULL),
	(466,'pt','Carlos Santos','estrela@gmail.com','964521223','2018-10-27','2018-10-28',2,0,'64','Quarto Duplo Conforto','room','2018-09-28 20:45:08','2018-09-28 20:45:08',NULL),
	(467,'pt','Paula Protasio','paulamcdprotasio@gmail.com','930555755','2018-10-26','2018-10-28',1,0,'198','Quarto Familiar','room','2018-09-28 21:08:54','2018-09-28 21:08:54',NULL),
	(468,'pt','Eliana Mendes','elianacirinho@gmail.com','960247772','2018-10-01','2018-10-02',1,0,'126','Pack Romântico','pack','2018-09-28 23:16:10','2018-09-28 23:16:10',NULL),
	(469,'pt','Joana Roque','joana.roque@netcabo.pt','966423580','2018-10-05','2018-10-07',1,0,'198','Quarto Familiar','room','2018-09-29 09:48:50','2018-09-29 09:48:50',NULL),
	(470,'pt','José Melo','janita5200@gmail.com','966642168','2018-10-03','2018-10-08',2,0,'320','Quarto Duplo Conforto','room','2018-09-29 16:07:54','2018-09-29 16:07:54',NULL),
	(471,'pt','Mirjam Regener','mirjam.regener@web.de','+49 176 24045228','2018-09-29','2018-09-30',1,0,'91','Quarto Duplo Superior com Terraço e Vista Mar (parcial)','room','2018-09-29 17:18:30','2018-09-29 17:18:30',NULL),
	(472,'pt','francisco jesus','francisco.branco.jesus@gmail.com','912202121','2018-10-12','2018-10-13',2,0,'64','Quarto Duplo Conforto','room','2018-09-29 22:07:29','2018-09-29 22:07:29',NULL),
	(473,'pt','florbela','florbelamatos@gmail.com','938489356','2018-10-05','2018-10-06',2,1,'99','Quarto Familiar','room','2018-09-30 09:51:42','2018-09-30 09:51:42',NULL),
	(474,'pt','Mariana Rodrigues','marianarbda@gmail.com','966628083','2018-10-13','2018-10-14',1,0,'73','Quarto Duplo Superior com Varanda e Vista Mar (parcial)','room','2018-09-30 10:09:58','2018-09-30 10:09:58',NULL),
	(475,'pt','Ricardo Pereira','ravcpereira@sapo.pt','935666365','2018-10-26','2018-10-28',2,1,'198','Quarto Familiar','room','2018-09-30 10:55:15','2018-09-30 10:55:15',NULL),
	(476,'pt','Inês','sg_ines@hotmail.com','916128822','2018-10-05','2018-10-06',2,0,'104','Suite com Vista Piscina','room','2018-09-30 14:46:19','2018-09-30 14:46:19',NULL),
	(477,'pt','Inês Jorge','inesjorge98@hotmail.com','912553385','2018-10-15','2018-10-16',2,0,'126','Pack Romântico','pack','2018-09-30 15:39:55','2018-09-30 15:39:55',NULL),
	(478,'pt','Ines Aparicio','insaparicio@gmail.com','917779014','2018-10-23','2018-10-24',2,0,'73','Quarto Duplo Superior com Varanda e Vista Mar (parcial)','room','2018-10-01 09:31:51','2018-10-01 09:31:51',NULL),
	(479,'pt','Rita João Coelho Pimentel','rita_joao@hotmail.com','917355757','2018-11-09','2018-11-11',1,2,'198','Quarto Familiar','room','2018-10-01 14:12:13','2018-10-01 14:12:13',NULL),
	(480,'pt','Dora','drochapaulino15@gmail.com','960462822','2018-10-05','2018-10-07',1,0,'102','Quarto Individual Conforto','room','2018-10-01 17:10:22','2018-10-01 17:10:22',NULL),
	(481,'pt','Dora Rocha','drochapaulino15@gmail.com','960462822','2018-10-07','2018-10-08',2,0,'139','Pack Massagem','pack','2018-10-01 18:42:53','2018-10-01 18:42:53',NULL),
	(482,'pt','Dora Rocha','drochapaulino15@gmail.com','960462822','2018-10-05','2018-10-06',2,0,'64','Quarto Duplo Conforto','room','2018-10-01 20:19:42','2018-10-01 20:19:42',NULL),
	(483,'pt','Miguel Cafum','miguel.cafum@bankinter.com','914772785','2018-12-30','2019-01-01',1,0,'343','Quarto Duplo Conforto','room','2018-10-01 21:56:58','2018-10-01 21:56:58',NULL),
	(484,'pt','Manuel Cunha','manuelsousacunha@gmail.com','969057055','2018-10-04','2018-10-06',2,0,'208','Suite com Vista Piscina','room','2018-10-01 23:31:51','2018-10-01 23:31:51',NULL),
	(485,'pt','Isabel','iiii@gmail.com','917778855','2018-10-05','2018-10-07',2,0,'182','Quarto Duplo Superior com Terraço e Vista Mar (parcial)','room','2018-10-02 08:52:25','2018-10-02 08:52:25',NULL),
	(486,'pt','Zulmira','zulmiramendes@gmail.com','966667010','2018-10-13','2018-10-14',1,1,'139','Pack Massagem','pack','2018-10-02 11:50:01','2018-10-02 11:50:01',NULL),
	(487,'pt','Cristina Amorim','crisamorim1979@gmail.com','966619922','2018-10-05','2018-10-07',2,0,'252','Pack Romântico','pack','2018-10-02 14:53:42','2018-10-02 14:53:42',NULL),
	(488,'pt','Liliana  correia','lilianapaiva.c@gmail.com','936343198','2018-10-05','2018-10-07',2,0,'278','Pack Massagem','pack','2018-10-02 19:58:19','2018-10-02 19:58:19',NULL),
	(489,'pt','PATRICIA FERNANDES','fernandes.anaia@gmail.com','916120294','2018-10-05','2018-10-06',2,0,'139','Pack Massagem','pack','2018-10-02 20:07:57','2018-10-02 20:07:57',NULL),
	(490,'pt','Pedro Moreira','apgmore@gmail.com','963891090','2018-10-06','2018-10-07',2,0,'139','Pack Massagem','pack','2018-10-02 21:03:47','2018-10-02 21:03:47',NULL),
	(491,'pt','Fátima','zulmiramendes@gmail.com','966667010','2018-11-10','2018-11-11',2,0,'73','Quarto Duplo Superior com Varanda e Vista Mar (parcial)','room','2018-10-02 21:12:30','2018-10-02 21:12:30',NULL),
	(492,'pt','Paulo','paulo.rafael.joaquim@gmail.com','926806225','2018-10-05','2018-10-07',2,0,'128','Quarto Duplo Conforto','room','2018-10-02 21:19:38','2018-10-02 21:19:38',NULL),
	(493,'pt','Helder Oliveira','holiveira62@gmail.com','917048474','2018-10-05','2018-10-06',2,0,'64','Quarto Duplo Conforto','room','2018-10-02 21:51:45','2018-10-02 21:51:45',NULL),
	(494,'pt','Maria','mcontas@gmail.com','915809905','2018-10-05','2018-10-07',2,0,'128','Quarto Duplo Conforto','room','2018-10-02 22:02:00','2018-10-02 22:02:00',NULL),
	(495,'pt','Lidia Bergano','orinatura.com@gmail.com','936994803','2018-10-06','2018-10-07',2,0,'139','Pack Massagem','pack','2018-10-02 23:45:16','2018-10-02 23:45:16',NULL),
	(496,'pt','Lidia Bergano','Orinatura.com@gmail.com','936994803','2018-10-06','2018-10-07',2,1,'99','Quarto Familiar','room','2018-10-02 23:45:58','2018-10-02 23:45:58',NULL),
	(497,'pt','Ana Gonçalves Fernandes','fernandes.ana.g@gmail.com','964796817','2018-10-05','2018-10-07',2,0,'128','Quarto Duplo Conforto','room','2018-10-03 00:56:39','2018-10-03 00:56:39',NULL),
	(498,'pt','Patrícia Luiz','parluiz14@gmail.com','910888051','2018-12-16','2018-12-17',2,0,'64','Quarto Duplo Conforto','room','2018-10-03 01:59:33','2018-10-03 01:59:33',NULL),
	(499,'pt','Inês Figueiredo','inesfigueiredo18@gmail.com','963891211','2018-10-05','2018-10-07',2,1,'198','Quarto Familiar','room','2018-10-03 11:32:20','2018-10-03 11:32:20',NULL),
	(500,'pt','Inês','inesdias3@hotmail.com','918317582','2018-11-14','2018-11-15',1,0,'64','Quarto Duplo Conforto','room','2018-10-03 21:17:58','2018-10-03 21:17:58',NULL),
	(501,'pt','Galina','gunkogalina1@gmail.com','920496662','2018-10-13','2018-10-14',2,0,'126','Pack Romântico','pack','2018-10-04 08:41:59','2018-10-04 08:41:59',NULL),
	(502,'pt','Sónia Cardoso','sonia.cardoso@slot.pt','962045046','2018-10-05','2018-10-07',1,0,'146','Quarto Duplo Superior com Varanda e Vista Mar (parcial)','room','2018-10-04 09:04:21','2018-10-04 09:04:21',NULL),
	(503,'pt','Sara pereira','Saracatarinasantospereira2016@gmail.com','916199330','2018-10-06','2018-10-07',2,0,'139','Pack Massagem','pack','2018-10-04 12:21:46','2018-10-04 12:21:46',NULL),
	(504,'pt','Helena Isabel Rodrigues Reis','helenarreis@gmail.com','960217016','2018-10-05','2018-10-07',2,0,'146','Quarto Duplo Superior com Varanda e Vista Mar (parcial)','room','2018-10-04 14:46:28','2018-10-04 14:46:28',NULL),
	(505,'pt','Helena Isabel Rodrigues Reis','helenarreis@gmail.com','960217016','2018-10-05','2018-10-07',2,1,'198','Quarto Familiar','room','2018-10-04 14:47:43','2018-10-04 14:47:43',NULL),
	(506,'pt','Márcia melo','marciapmelo@gmail.com','916322536','2018-10-12','2018-10-13',2,1,'99','Quarto Familiar','room','2018-10-04 17:02:27','2018-10-04 17:02:27',NULL),
	(507,'pt','Neuza Monteiro','neuza_monteiro_18@hotmail.com','965132481','2018-10-06','2018-10-07',2,0,'126','Pack Romântico','pack','2018-10-05 11:17:14','2018-10-05 11:17:14',NULL),
	(508,'pt','carol','carolmel18@hotmail.com','911121509','2018-10-05','2018-10-06',1,0,'64','Quarto Duplo Conforto','room','2018-10-05 14:19:05','2018-10-05 14:19:05',NULL),
	(509,'pt','Marta','ana.marques@reachpeak.pt','914818613','2018-10-07','2018-10-08',2,0,'139','Pack Massagem','pack','2018-10-05 18:18:42','2018-10-05 18:18:42',NULL),
	(510,'pt','Laura Drummond','laurinhaamaro@hotmail.com','+5531999591108','2019-06-20','2019-06-23',2,0,'273','Quarto Duplo Superior com Terraço e Vista Mar (parcial)','room','2018-10-05 18:35:43','2018-10-05 18:35:43',NULL),
	(511,'pt','Andreea','andreea.georgiana@es.glory-global.com','653502143','2018-10-07','2018-10-13',2,0,'384','Quarto Duplo Conforto','room','2018-10-05 20:49:08','2018-10-05 20:49:08',NULL),
	(512,'pt','Paulo Silva','paulo6464@gmail.com','918616584','2018-11-23','2018-11-25',2,1,'198','Quarto Familiar','room','2018-10-05 20:49:28','2018-10-05 20:49:28',NULL),
	(513,'pt','João Cajada','joaocajadex@gmail.com','933357432','2018-10-06','2018-10-07',2,0,'64','Quarto Duplo Conforto','room','2018-10-06 17:57:11','2018-10-06 17:57:11',NULL),
	(514,'pt','Sezinanda','sezinanda@hotmail.com','966658725','2018-11-01','2018-11-04',2,1,'297','Quarto Familiar','room','2018-10-06 20:58:09','2018-10-06 20:58:09',NULL),
	(515,'pt','RITA SANTOS','atir_01@hotmail.com','969999999','2018-10-09','2018-10-11',2,0,'128','Quarto Duplo Conforto','room','2018-10-07 08:59:24','2018-10-07 08:59:24',NULL),
	(516,'pt','Magda Santos','magdasantos@netcabo.pt','963182725','2018-10-08','2018-10-11',2,0,'192','Quarto Duplo Conforto','room','2018-10-07 10:37:56','2018-10-07 10:37:56',NULL),
	(517,'pt','Emily Garrett','Emilygarrett@hotmail.co.uk','07624205488','2019-09-14','2019-09-21',2,1,'693','Quarto Familiar','room','2018-10-07 15:10:33','2018-10-07 15:10:33',NULL),
	(518,'pt','Maria Pinto','mi.antunes2912@gmail.com','914870524','2019-07-17','2019-07-18',2,0,'126','Pack Romântico','pack','2018-10-07 19:56:56','2018-10-07 19:56:56',NULL),
	(519,'pt','Maria Pinto','mi.antunes2912@gmail.com','914870524','2019-07-17','2019-07-18',2,0,'64','Quarto Duplo Conforto','room','2018-10-07 19:59:48','2018-10-07 19:59:48',NULL),
	(520,'pt','Vânia casaleiro','vaniacasaleiro@gmail.com','933354949','2018-11-02','2018-11-03',2,0,'126','Pack Romântico','pack','2018-10-08 10:56:59','2018-10-08 10:56:59',NULL),
	(521,'pt','3','andreiaserafim87@gmail.com','1','2018-10-16','2018-10-17',2,0,'126','Pack Romântico','pack','2018-10-08 11:32:10','2018-10-08 11:32:10',NULL),
	(522,'pt','João Pedro Braz Albuquerque','joaop2004@gmail.com','935184583','2018-12-21','2018-12-22',2,0,'126','Pack Romântico','pack','2018-10-08 18:15:36','2018-10-08 18:15:36',NULL),
	(523,'pt','Bruno','brunogomespinto190@gmail.com','937424011','2018-10-20','2018-10-21',1,0,'126','Pack Romântico','pack','2018-10-08 18:58:08','2018-10-08 18:58:08',NULL),
	(524,'pt','Rui Pereira','mafra04@gmail.com','963662068','2019-01-29','2019-01-31',2,0,'146','Quarto Duplo Superior com Varanda e Vista Mar (parcial)','room','2018-10-08 21:32:02','2018-10-08 21:32:02',NULL),
	(525,'pt','Luís Botão','luisbotao@gmail.com','936863048','2018-10-14','2018-10-15',2,0,'126','Pack Romântico','pack','2018-10-09 15:15:08','2018-10-09 15:15:08',NULL),
	(526,'pt','filipe','ribeiro.filipe09@gmail.com','930442495','2018-10-10','2018-10-12',1,0,'146','Quarto Duplo Superior com Varanda e Vista Mar (parcial)','room','2018-10-09 15:43:11','2018-10-09 15:43:11',NULL),
	(527,'pt','Luís paulino','lfmp78@gmail.com','918052391','2018-10-27','2018-10-28',2,0,'126','Pack Romântico','pack','2018-10-09 20:21:34','2018-10-09 20:21:34',NULL),
	(528,'pt','Antonio Iacobucci','iacobucci52@gmail.com','915818911','2018-10-10','2018-10-11',1,0,'64','Quarto Duplo Conforto','room','2018-10-09 21:01:29','2018-10-09 21:01:29',NULL),
	(529,'pt','Beatriz valadas','beatriz.pereira.valadas@gmail.com','934269727','2018-10-09','2018-10-10',2,0,'126','Pack Romântico','pack','2018-10-09 22:28:21','2018-10-09 22:28:21',NULL),
	(530,'pt','Neal','neal.rosatella@gmail.com','917176606','2018-10-20','2018-10-21',1,0,'99','Quarto Familiar','room','2018-10-10 06:51:29','2018-10-10 06:51:29',NULL),
	(531,'pt','Beatriz','beatriz.pereira.valadas@gmail.com','924369727','2018-11-09','2018-11-10',2,0,'126','Pack Romântico','pack','2018-10-10 13:36:24','2018-10-10 13:36:24',NULL),
	(532,'pt','Martinho Dias','martinhobmpdias@gmail.com','917092369','2018-10-11','2018-10-12',2,0,'126','Pack Romântico','pack','2018-10-10 15:47:58','2018-10-10 15:47:58',NULL),
	(533,'pt','João Matias','joaocsmatias@gmail.com','914481478','2018-10-27','2018-10-28',2,0,'64','Quarto Duplo Conforto','room','2018-10-10 20:59:59','2018-10-10 20:59:59',NULL),
	(534,'pt','Marta','piresvictoriano@gmail.com','963 781 677','2018-11-02','2018-11-04',2,0,'182','Quarto Duplo Superior com Terraço e Vista Mar (parcial)','room','2018-10-10 21:27:07','2018-10-10 21:27:07',NULL),
	(535,'pt','helena','helena_delgado@netcabo.pt','918419599','2018-11-03','2018-11-04',2,0,'64','Quarto Duplo Conforto','room','2018-10-10 21:41:31','2018-10-10 21:41:31',NULL),
	(536,'pt','ines alvoeiro','inesalvoeiro@hotmail.com','936665549','2018-12-06','2018-12-08',1,0,'102','Quarto Individual Conforto','room','2018-10-11 08:30:41','2018-10-11 08:30:41',NULL),
	(537,'pt','Leonor moreira rato','leonormoreirarato@gmail.com','917322511','2018-10-11','2018-10-12',2,0,'91','Quarto Duplo Superior com Terraço e Vista Mar (parcial)','room','2018-10-11 18:37:18','2018-10-11 18:37:18',NULL),
	(538,'pt','Margarida Doce','margaridadoce@gmail.com','916700491','2018-11-01','2018-11-03',1,1,'146','Quarto Duplo Superior com Varanda e Vista Mar (parcial)','room','2018-10-11 19:38:41','2018-10-11 19:38:41',NULL),
	(539,'pt','Alina chindris','alinachindris@icloud.com','917353661','2018-11-16','2018-11-18',2,0,'252','Pack Romântico','pack','2018-10-11 19:45:58','2018-10-11 19:45:58',NULL),
	(540,'pt','Miguel Silva','msilva1@live.com.pt','912686889','2018-10-13','2018-10-15',2,1,'198','Quarto Familiar','room','2018-10-11 21:56:31','2018-10-11 21:56:31',NULL),
	(541,'pt','Cátia Breda','catybreda@Gmail.com','910152437','2018-10-12','2018-10-13',2,0,'139','Pack Massagem','pack','2018-10-12 00:13:14','2018-10-12 00:13:14',NULL),
	(542,'pt','Oriana','orianagabriela59@gmail.com','933341992','2018-10-15','2018-10-16',2,0,'139','Pack Massagem','pack','2018-10-12 13:15:34','2018-10-12 13:15:34',NULL),
	(543,'pt','Ana Madeira','patriciamafeira11_02_1996@hotmail.com','960232695','2018-12-15','2018-12-16',2,0,'126','Pack Romântico','pack','2018-10-12 18:06:21','2018-10-12 18:06:21',NULL),
	(544,'pt','Miguel Colaco','migcolaco@gmail.com','916968325','2018-11-15','2018-11-16',2,0,'126','Pack Romântico','pack','2018-10-13 16:21:04','2018-10-13 16:21:04',NULL),
	(545,'pt','Carolina carvalho','carol_pp@hotmail.com','914993648','2018-10-27','2018-10-28',2,0,'139','Pack Massagem','pack','2018-10-14 13:16:51','2018-10-14 13:16:51',NULL),
	(546,'pt','Cátia Esteves Gonçalves','catiafeg@gmail.com','916820946','2018-10-27','2018-10-28',2,0,'126','Pack Romântico','pack','2018-10-14 20:22:10','2018-10-14 20:22:10',NULL),
	(547,'pt','Ricardo Santos','rjsg61442@hotmail.com','926838151','2018-10-20','2018-10-21',2,0,'139','Pack Massagem','pack','2018-10-14 21:45:02','2018-10-14 21:45:02',NULL),
	(548,'pt','Eva beirante','evabeirante@gmail.com','913246712','2018-10-20','2018-10-21',2,0,'126','Pack Romântico','pack','2018-10-15 09:35:49','2018-10-15 09:35:49',NULL),
	(549,'pt','ana','anaroma-hotel@hotmail.com','912563110','2018-11-11','2018-11-12',1,0,'126','Pack Romântico','pack','2018-10-15 10:36:50','2018-10-15 10:36:50',NULL),
	(550,'pt','Léa','lea.cayrol@gmail.com','937574305','2019-05-03','2019-05-05',3,0,'198','Quarto Familiar','room','2018-10-15 15:10:12','2018-10-15 15:10:12',NULL),
	(551,'pt','ALCINO RAFAEL','alcinorafael@rafaelefilhos.pt','966776246','2018-12-29','2019-01-01',1,0,'450','Quarto Duplo Superior com Varanda e Vista Mar (parcial)','room','2018-10-15 20:11:34','2018-10-15 20:11:34',NULL),
	(552,'pt','Dinon','dinons@hotmail.com','915410011','2018-10-20','2018-10-21',2,0,'139','Pack Massagem','pack','2018-10-15 20:22:27','2018-10-15 20:22:27',NULL),
	(553,'pt','Eva beirante','evabeirante@gmail.com','913246712','2018-10-20','2018-10-21',2,0,'104','Suite com Vista Piscina','room','2018-10-15 20:52:44','2018-10-15 20:52:44',NULL),
	(554,'pt','Pedro Sousa','pedro_mssousa@hotmail.com','916130644','2018-10-20','2018-10-22',1,0,'146','Quarto Duplo Superior com Varanda e Vista Mar (parcial)','room','2018-10-15 22:07:05','2018-10-15 22:07:05',NULL),
	(555,'pt','Carlos Simões','caitasimoes@gmail.com','933975262','2018-10-21','2018-10-22',1,0,'64','Quarto Duplo Conforto','room','2018-10-15 22:21:18','2018-10-15 22:21:18',NULL),
	(556,'pt','Rita Nunes','ritann012@gmail.com','917022483','2018-10-17','2018-10-18',2,0,'126','Pack Romântico','pack','2018-10-15 22:27:22','2018-10-15 22:27:22',NULL),
	(557,'pt','Sandro Contenta','scontenta@hitmail.com','14164540302','2018-10-16','2018-10-17',1,0,'91','Quarto Duplo Superior com Terraço e Vista Mar (parcial)','room','2018-10-16 08:20:05','2018-10-16 08:20:05',NULL),
	(558,'pt','Sandra Filipa Gonçalves Ferreira','sandrafilipagferreira@hotmail.com','918644228','2018-11-24','2018-11-25',2,0,'126','Pack Romântico','pack','2018-10-16 09:39:18','2018-10-16 09:39:18',NULL),
	(559,'pt','nuno','nbarreto@ua.pt','+351926477171','2018-11-03','2018-11-04',2,0,'73','Quarto Duplo Superior com Varanda e Vista Mar (parcial)','room','2018-10-16 15:40:57','2018-10-16 15:40:57',NULL),
	(560,'pt','Raphael Gomes','raphael-gomes@outlook.com','910004982','2018-11-24','2018-11-25',2,0,'126','Pack Romântico','pack','2018-10-17 14:30:57','2018-10-17 14:30:57',NULL),
	(561,'pt','Rute Martins','ruteisabelmartins@gmail.com','917645557','2018-10-27','2018-10-28',2,0,'139','Pack Massagem','pack','2018-10-17 20:47:42','2018-10-17 20:47:42',NULL),
	(562,'pt','Renato patricio','rosa.barros1961@gmail.com','961086875','2018-10-26','2018-10-28',1,0,'252','Pack Romântico','pack','2018-10-17 22:54:04','2018-10-17 22:54:04',NULL),
	(563,'pt','André Antas','andreantas@hotmail.com','968506952','2018-11-01','2018-11-03',1,0,'252','Pack Romântico','pack','2018-10-17 23:44:51','2018-10-17 23:44:51',NULL),
	(564,'pt','Nuno','nffcardoso@hotmail.com','965265744','2018-10-21','2018-10-23',2,0,'252','Pack Romântico','pack','2018-10-17 23:47:14','2018-10-17 23:47:14',NULL),
	(565,'pt','Edgar Pinto','amazingrock@sapo.pt','965078996','2018-10-20','2018-10-21',2,0,'64','Quarto Duplo Conforto','room','2018-10-18 07:59:33','2018-10-18 07:59:33',NULL),
	(566,'pt','Fernanda','fernandaalsantiago@gmail.com','32991678890','2018-10-19','2018-10-22',2,1,'297','Quarto Familiar','room','2018-10-18 13:39:17','2018-10-18 13:39:17',NULL),
	(567,'pt','Vasco Ribeiro','vascobrunoribeiro@gmail.com','919953300','2018-10-18','2018-10-19',1,0,'64','Quarto Duplo Conforto','room','2018-10-18 14:54:40','2018-10-18 14:54:40',NULL),
	(568,'pt','Vasco Ribeiro','vascobrunoribeiro@gmail.com','919953300','2018-10-19','2018-10-20',2,0,'64','Quarto Duplo Conforto','room','2018-10-18 14:55:17','2018-10-18 14:55:17',NULL),
	(569,'pt','mafalda silva','mafaldamagalhaes1966@gmail.com','787974862','2018-10-19','2018-10-20',1,0,'64','Quarto Duplo Conforto','room','2018-10-18 15:47:01','2018-10-18 15:47:01',NULL),
	(570,'pt','Marcos Morgado','marcos.morgado5@gmail.com','965352019','2018-11-10','2018-11-11',2,0,'64','Quarto Duplo Conforto','room','2018-10-18 18:48:49','2018-10-18 18:48:49',NULL),
	(571,'pt','Mija Pawlicki','mia.pawlicki@gmail.com','916668557','2018-11-03','2018-11-04',2,0,'139','Pack Massagem','pack','2018-10-18 19:28:24','2018-10-18 19:28:24',NULL),
	(572,'pt','Fábio Sampaio','fabiofrsampaio@gmail.com','915756290','2018-10-29','2018-10-30',2,0,'64','Quarto Duplo Conforto','room','2018-10-18 21:36:05','2018-10-18 21:36:05',NULL),
	(573,'pt','Ricardo Pereira','acasadomar@gmail.com','915134006','2018-10-20','2018-10-21',2,0,'139','Pack Massagem','pack','2018-10-19 00:03:48','2018-10-19 00:03:48',NULL),
	(574,'pt','Mija Pawlicki','mia.pawlicki@gmail.com','916668557','2018-11-17','2018-11-18',2,0,'139','Pack Massagem','pack','2018-10-19 07:18:52','2018-10-19 07:18:52',NULL),
	(575,'pt','patricia','patriciakinnen@gmail.com','964167193','2018-11-30','2018-12-02',2,0,'146','Quarto Duplo Superior com Varanda e Vista Mar (parcial)','room','2018-10-19 16:37:52','2018-10-19 16:37:52',NULL),
	(576,'pt','Carolina Marcelino Rodrigues','carolinamarcelino.1998@gmail.com','913032894','2018-10-26','2018-10-27',2,0,'126','Pack Romântico','pack','2018-10-19 17:40:21','2018-10-19 17:40:21',NULL),
	(577,'pt','Carlos','penedamoreira@gmail.com','962805835','2018-11-03','2018-11-04',1,0,'126','Pack Romântico','pack','2018-10-20 08:41:34','2018-10-20 08:41:34',NULL),
	(578,'pt','Carlos','penedamoreira@gmail.com','962805835','2018-11-03','2018-11-04',2,0,'139','Pack Massagem','pack','2018-10-20 09:29:55','2018-10-20 09:29:55',NULL),
	(579,'pt','JoanaMorgado','jo.cmorgado11@gmail.com','918947227','2018-12-30','2019-01-01',2,0,'343','Quarto Duplo Conforto','room','2018-10-20 10:53:36','2018-10-20 10:53:36',NULL),
	(580,'pt','João Pedro Marques','joao.pedro.marques@me.com','913758544','2018-10-25','2018-10-27',2,0,'278','Pack Massagem','pack','2018-10-20 12:48:02','2018-10-20 12:48:02',NULL),
	(581,'pt','Alda','aldamariagomes@gmail.com','913390959','2019-01-02','2019-01-04',1,0,'252','Pack Romântico','pack','2018-10-20 20:03:48','2018-10-20 20:03:48',NULL),
	(582,'pt','Sandra Caxias','nuno_caxias@hotmail.com','934746835','2018-11-24','2018-11-25',2,0,'126','Pack Romântico','pack','2018-10-20 20:37:46','2018-10-20 20:37:46',NULL),
	(583,'pt','Rute Coelho','rute.ifc@gmail.com','967213045','2018-10-26','2018-10-27',2,0,'139','Pack Massagem','pack','2018-10-20 23:15:35','2018-10-20 23:15:35',NULL),
	(584,'pt','Ana Geraldo','anessence.rock@gmail.com','916598076','2018-10-27','2018-10-28',2,0,'139','Pack Massagem','pack','2018-10-21 01:03:30','2018-10-21 01:03:30',NULL),
	(585,'pt','Carlos Silva','carloslopesmatossilva@gmail.com','919777482','2018-10-28','2018-10-29',2,0,'139','Pack Massagem','pack','2018-10-21 12:00:09','2018-10-21 12:00:09',NULL),
	(586,'pt','Mafalda Calisto','m.calisto@interway-group.com','919555800','2018-12-07','2018-12-08',2,0,'139','Pack Massagem','pack','2018-10-21 14:59:38','2018-10-21 14:59:38',NULL),
	(587,'pt','Adérito henriques','Aderigesso@gmail.com','966621499','2019-03-09','2019-03-10',2,0,'139','Pack Massagem','pack','2018-10-21 16:43:59','2018-10-21 16:43:59',NULL),
	(588,'pt','Ricardo Coutinho','Ricardomlcoutinho@gmail.com','926670502','2018-11-01','2018-11-04',1,0,'378','Pack Romântico','pack','2018-10-21 20:06:54','2018-10-21 20:06:54',NULL),
	(589,'pt','Ruben Letras','ruben.letras@gmail.com','913819349','2018-11-17','2018-11-19',2,0,'128','Quarto Duplo Conforto','room','2018-10-21 23:00:37','2018-10-21 23:00:37',NULL),
	(590,'pt','g','dfgd@g.con','dg','2018-10-22','2018-10-23',1,0,'64','Quarto Duplo Conforto','room','2018-10-22 07:10:39','2018-10-22 07:10:39',NULL),
	(591,'pt','Rita Vasques','rita.vasques@uria.com','968056315','2018-12-30','2019-01-01',2,0,'0','Pack Adoráveis 60','pack','2018-10-22 08:00:41','2018-10-22 08:00:41',NULL),
	(592,'pt','Filipe Guerreiro','fmrguerreiro@gmail.com','916055336','2018-11-02','2018-11-03',2,0,'126','Pack Romântico','pack','2018-10-22 09:23:50','2018-10-22 09:23:50',NULL),
	(593,'pt','Sumisa Baticã','Sumisabatica@hotmail.com','969306500','2018-10-26','2018-10-27',2,0,'126','Pack Romântico','pack','2018-10-22 10:41:54','2018-10-22 10:41:54',NULL),
	(594,'pt','Ana Cardoso','ana.catarina.cardoso13@gmail.com','932267442','2018-12-31','2019-01-01',2,0,'126','Pack Romântico','pack','2018-10-22 15:31:43','2018-10-22 15:31:43',NULL),
	(595,'pt','Fábio Sampaio','fabiofrsampaio@gmail.com','915756290','2018-10-29','2018-10-30',2,0,'64','Quarto Duplo Conforto','room','2018-10-23 10:52:45','2018-10-23 10:52:45',NULL),
	(596,'pt','Paula Silvestre','pagssilvestre@gmail.com','219821155','2018-11-03','2018-11-04',3,0,'99','Quarto Familiar','room','2018-10-23 11:02:11','2018-10-23 11:02:11',NULL),
	(597,'pt','aa','A@a.com','001','2018-12-08','2018-12-10',1,0,'252','Pack Romântico','pack','2018-10-23 11:20:41','2018-10-23 11:20:41',NULL),
	(598,'pt','paulasebastiao@iol.pt','paulasebastiao@iol.pt','924369639','2018-12-30','2019-01-01',1,0,'448','Suite com Vista Piscina','room','2018-10-23 11:24:09','2018-10-23 11:24:09',NULL),
	(599,'pt','Lara','larav_carvalho@hotmail.com','968736097','2018-11-03','2018-11-04',2,0,'126','Pack Romântico','pack','2018-10-23 14:40:13','2018-10-23 14:40:13',NULL),
	(600,'pt','IFPM','ifpm@ifpm.pt','213242160','2018-10-27','2018-10-28',2,0,'73','Quarto Duplo Superior com Varanda e Vista Mar (parcial)','room','2018-10-23 16:27:31','2018-10-23 16:27:31',NULL),
	(601,'pt','Inês Isabel vasco Brás','inesbras5@hotmail.com','961711941','2018-12-31','2019-01-01',1,0,'126','Pack Romântico','pack','2018-10-23 16:34:30','2018-10-23 16:34:30',NULL),
	(602,'pt','debora fontes','deb.fontes@gmail.com','965457680','2018-11-03','2018-11-04',2,0,'73','Quarto Duplo Superior com Varanda e Vista Mar (parcial)','room','2018-10-24 10:34:08','2018-10-24 10:34:08',NULL),
	(603,'pt','Catia Nobre','catia.nobre@united-win.com.pt','910065438','2018-11-17','2018-11-18',2,0,'139','Pack Massagem','pack','2018-10-24 10:50:12','2018-10-24 10:50:12',NULL),
	(604,'pt','Zahir','zahirhussein1995@gmail.com','910200953','2018-12-31','2019-01-01',2,0,'279','Quarto Duplo Conforto','room','2018-10-24 12:29:37','2018-10-24 12:29:37',NULL),
	(605,'pt','César Marques','cesarpedrooliveiramarques@gmail.com','918028924','2018-10-27','2018-10-28',2,0,'73','Quarto Duplo Superior com Varanda e Vista Mar (parcial)','room','2018-10-24 14:30:23','2018-10-24 14:30:23',NULL),
	(606,'pt','Fernando Costa','fernando.costa45@hotmail.com','917540690','2018-10-26','2018-10-28',2,0,'278','Pack Massagem','pack','2018-10-24 19:09:25','2018-10-24 19:09:25',NULL),
	(607,'pt','Patricia Fernandes','patriciavnfernandes91@gmail.com','912121535','2018-11-01','2018-11-03',2,0,'146','Quarto Duplo Superior com Varanda e Vista Mar (parcial)','room','2018-10-24 20:16:54','2018-10-24 20:16:54',NULL),
	(608,'pt','telma Gil','telmagil70@hotmail.com','939790885','2018-12-31','2019-01-01',1,0,'324','Quarto Duplo Superior com Terraço e Vista Mar (parcial)','room','2018-10-24 20:30:50','2018-10-24 20:30:50',NULL),
	(609,'pt','Alexandra Faustino','alexandrafaustino@gmail.com','964524962','2018-11-02','2018-11-04',2,0,'278','Pack Massagem','pack','2018-10-24 21:19:54','2018-10-24 21:19:54',NULL),
	(610,'pt','Elisal Ribeiro','russellribeiro2058@gmail.com','21991772462','2018-11-24','2018-11-28',2,0,'364','Quarto Duplo Superior com Terraço e Vista Mar (parcial)','room','2018-10-25 00:12:18','2018-10-25 00:12:18',NULL),
	(611,'pt','Vanda','vanda_beu@hotmail.com','935035464','2018-11-02','2018-11-03',2,0,'126','Pack Romântico','pack','2018-10-25 13:22:44','2018-10-25 13:22:44',NULL),
	(612,'pt','Irina Tereshchenkova','irina.tereschenkova0107@gmail.com','916953715','2018-10-26','2018-10-28',2,0,'208','Suite com Vista Piscina','room','2018-10-25 18:30:24','2018-10-25 18:30:24',NULL),
	(613,'pt','Lara Carvalho','larav_carvalho@hotmail.com','968736097','2018-11-10','2018-11-11',2,0,'126','Pack Romântico','pack','2018-10-25 19:30:29','2018-10-25 19:30:29',NULL),
	(614,'pt','Joana','joraquel10@hotmail.com','918017847','2018-12-31','2019-01-01',2,0,'126','Pack Romântico','pack','2018-10-25 20:27:03','2018-10-25 20:27:03',NULL),
	(615,'pt','Mercedes','mercmoraes@hotmail.com','964240800','2018-10-28','2018-10-29',2,0,'139','Pack Massagem','pack','2018-10-26 01:58:02','2018-10-26 01:58:02',NULL),
	(616,'pt','Joana Ferreira','joanaaraujoferreira@hotmail.com','919332368','2018-12-31','2019-01-01',2,0,'126','Pack Romântico','pack','2018-10-26 11:27:42','2018-10-26 11:27:42',NULL),
	(617,'pt','Magda babo','salvadorgustavo9130@gmail.com','912839398','2018-10-28','2018-10-29',2,0,'126','Pack Romântico','pack','2018-10-26 11:50:22','2018-10-26 11:50:22',NULL),
	(618,'pt','José','dronzero.pt@gmail.com','910888863','2018-10-27','2018-10-28',2,0,'73','Quarto Duplo Superior com Varanda e Vista Mar (parcial)','room','2018-10-26 17:43:42','2018-10-26 17:43:42',NULL),
	(619,'pt','Raquel Caeiro','anartcaeiro@gmail.com','915530500','2018-10-29','2018-10-30',2,0,'126','Pack Romântico','pack','2018-10-26 20:34:51','2018-10-26 20:34:51',NULL),
	(620,'pt','Mónica Sofia','monicasmrebelo@hotmail.com','962946721','2018-10-27','2018-10-28',1,0,'73','Quarto Duplo Superior com Varanda e Vista Mar (parcial)','room','2018-10-27 09:10:30','2018-10-27 09:10:30',NULL),
	(621,'pt','Manuel','slb.nogueira@yahoo.com.br','965216026','2018-12-31','2019-01-01',2,0,'139','Pack Massagem','pack','2018-10-27 12:21:33','2018-10-27 12:21:33',NULL),
	(622,'pt','catarina santos','a.catarina.ss@hotmail.com','910613795','2018-12-31','2019-01-01',2,0,'126','Pack Romântico','pack','2018-10-27 14:05:18','2018-10-27 14:05:18',NULL),
	(623,'pt','Paula','paulacmbarreto@gmail.com','916044500','2018-12-28','2019-01-02',2,0,'695','Pack Massagem','pack','2018-10-27 15:53:43','2018-10-27 15:53:43',NULL),
	(624,'pt','Natacha Ferreira','natachaenf@gmail.com','968137736','2018-11-10','2018-11-11',2,0,'126','Pack Romântico','pack','2018-10-27 16:30:53','2018-10-27 16:30:53',NULL),
	(625,'pt','Ricardo Ferreira','ricardo.ferreira.1978@gmail.com','939995553','2018-11-09','2018-11-12',2,0,'192','Quarto Duplo Conforto','room','2018-10-27 17:05:05','2018-10-27 17:05:05',NULL),
	(626,'pt','Ricardo Ferreira','ricardo.ferreira.1978@gmail.com','939995553','2018-11-09','2018-11-12',1,0,'219','Quarto Duplo Superior com Varanda e Vista Mar (parcial)','room','2018-10-27 17:11:02','2018-10-27 17:11:02',NULL),
	(627,'pt','30/12/2018   1/01/2019','valquiriasjsil@hotmail.com','963784729','2018-11-30','2019-01-01',1,0,'3503','Quarto Familiar','room','2018-10-27 19:14:39','2018-10-27 19:14:39',NULL),
	(628,'pt','Valquiria silva','valquiriasjsil@hotmail.com','+351963784729','2018-12-30','2019-01-01',2,1,'533','Quarto Familiar','room','2018-10-27 19:19:08','2018-10-27 19:19:08',NULL),
	(629,'pt','sofia costa','28sofia@live.com.pt','934947535','2018-11-02','2018-11-03',2,0,'139','Pack Massagem','pack','2018-10-27 21:05:49','2018-10-27 21:05:49',NULL),
	(630,'pt','Tito Júnior','titoj7@hotmail.com','913574085','2018-12-30','2019-01-01',2,0,'278','Pack Massagem','pack','2018-10-27 21:44:47','2018-10-27 21:44:47',NULL),
	(631,'pt','Sonia Alexandra Oliveira Rodrigues','soniarodrigues74@sapo.pt','935619576','2018-11-03','2018-11-04',2,0,'64','Quarto Duplo Conforto','room','2018-10-28 11:38:57','2018-10-28 11:38:57',NULL),
	(632,'pt','André Portugal','escapingdream@gmail.com','914916010','2018-11-01','2018-11-03',2,0,'128','Quarto Duplo Conforto','room','2018-10-28 13:15:33','2018-10-28 13:15:33',NULL),
	(633,'pt','Nelson','nelsonmlpinheiro.10@gmail.com','913489381','2018-11-11','2018-11-12',1,0,NULL,'Quarto Duplo Conforto','room','2018-10-28 13:21:38','2018-10-28 13:21:38',NULL),
	(634,'pt','Nicole Nunes','nicole.alexandra7@hotmail.com','960223989','2018-11-09','2018-11-10',2,0,'73','Quarto Duplo Superior com Varanda e Vista Mar (parcial)','room','2018-10-28 14:22:09','2018-10-28 14:22:09',NULL),
	(635,'pt','Nelson','nelsonmjpinheiro.10@gmail.com','913489381','2018-11-11','2018-11-12',2,0,'64','Quarto Duplo Conforto','room','2018-10-28 15:39:25','2018-10-28 15:39:25',NULL),
	(636,'pt','catarina carvalho','carvalhocatarina63@gmail.com','916649804','2018-11-10','2018-11-11',2,0,'139','Pack Massagem','pack','2018-10-28 18:46:27','2018-10-28 18:46:27',NULL),
	(637,'pt','Sonia Torcato','smtorcato@gmail.com','918966057','2018-11-03','2018-11-04',1,0,'126','Pack Romântico','pack','2018-10-28 21:44:17','2018-10-28 21:44:17',NULL),
	(638,'pt','Rui Ferreira','mcrui@clix.pt','+351962057583','2018-11-24','2018-11-25',2,1,'99','Quarto Familiar','room','2018-10-28 22:21:56','2018-10-28 22:21:56',NULL),
	(639,'pt','Maria João Barata','mariajoaobarata87@gmail.com','913060903','2018-11-01','2018-11-02',2,0,'73','Quarto Duplo Superior com Varanda e Vista Mar (parcial)','room','2018-10-28 22:42:41','2018-10-28 22:42:41',NULL),
	(640,'pt','Maria Dias Costa','mariamanueldc@hotmail.com','929003483','2018-11-01','2018-11-03',2,0,'278','Pack Massagem','pack','2018-10-29 13:11:18','2018-10-29 13:11:18',NULL),
	(641,'pt','Hugo','hteixeira@netcabo.pt','917018690','2018-11-01','2018-11-02',1,0,'51','Quarto Individual Conforto','room','2018-10-29 15:17:38','2018-10-29 15:17:38',NULL),
	(642,'pt','Diogo Amorim Monteiro','diimonteiro7@hotmail.com','939511644','2018-11-17','2018-11-18',2,0,'126','Pack Romântico','pack','2018-10-29 20:21:33','2018-10-29 20:21:33',NULL),
	(643,'pt','Vitor Hugo Salgado','vitorhsalgado@gmail.com','965735666','2018-10-31','2018-11-02',1,0,'278','Pack Massagem','pack','2018-10-29 23:28:40','2018-10-29 23:28:40',NULL),
	(644,'pt','Emília Ribeiro','milafbsribeiro@gmail.com','934043261','2018-11-16','2018-11-18',2,0,'146','Quarto Duplo Superior com Varanda e Vista Mar (parcial)','room','2018-10-30 01:06:54','2018-10-30 01:06:54',NULL),
	(645,'pt','Afonso pereira','afonso17pereirasab@gmail.com','965812504','2018-11-03','2018-11-04',2,0,'126','Pack Romântico','pack','2018-10-30 03:12:51','2018-10-30 03:12:51',NULL),
	(646,'pt','Fátima Nunes','pfatima.nunes@gmail.com','925967380','2018-11-02','2018-11-03',2,0,'64','Quarto Duplo Conforto','room','2018-10-30 08:56:28','2018-10-30 08:56:28',NULL),
	(647,'pt','Fátima Nunes','pfatima.nunes@gmail.com','925967380','2018-11-02','2018-11-03',2,0,'73','Quarto Duplo Superior com Varanda e Vista Mar (parcial)','room','2018-10-30 08:59:59','2018-10-30 08:59:59',NULL),
	(648,'pt','ema sousa','emasousa32@gmail.com','963221406','2018-11-24','2018-11-25',2,0,'126','Pack Romântico','pack','2018-10-30 10:13:14','2018-10-30 10:13:14',NULL),
	(649,'pt','ssdcx','sadxd@dmv.com','asxas','2018-12-31','2019-01-01',1,0,'126','Pack Romântico','pack','2018-10-30 11:07:23','2018-10-30 11:07:23',NULL),
	(650,'pt','Ana Neves','nevesssana@gmail.com','966328989','2018-12-08','2018-12-09',2,0,'64','Quarto Duplo Conforto','room','2018-10-30 11:24:06','2018-10-30 11:24:06',NULL),
	(651,'pt','Mónica Raquel Soares de Oliveira','monica_oliveira17@hotmail.com','962447089','2018-12-31','2019-01-02',2,0,'252','Pack Romântico','pack','2018-10-30 13:37:39','2018-10-30 13:37:39',NULL),
	(652,'pt','Erica Embalo','ericaembalo@outlook.fr','939811932','2018-11-02','2018-11-03',2,0,'139','Pack Massagem','pack','2018-10-30 20:35:22','2018-10-30 20:35:22',NULL),
	(653,'pt','Raquel','raquelsantosferreira@outlook.pt','912772875','2018-11-02','2018-11-03',2,0,'126','Pack Romântico','pack','2018-10-31 13:06:51','2018-10-31 13:06:51',NULL),
	(654,'pt','Marcia','marcia.silva@zagope.pt','912959826','2018-11-01','2018-11-03',2,0,'252','Pack Romântico','pack','2018-10-31 18:03:08','2018-10-31 18:03:08',NULL),
	(655,'pt','Eduardo Silvério','ejdsilver@hotmail.com','919417619','2018-11-03','2018-11-04',2,1,'99','Quarto Familiar','room','2018-10-31 19:14:49','2018-10-31 19:14:49',NULL),
	(656,'pt','Marina Munot','Munot.marina@gmail.com','937062497','2018-11-09','2018-11-11',1,0,'252','Pack Romântico','pack','2018-11-01 21:38:14','2018-11-01 21:38:14',NULL),
	(657,'pt','Claudia Alexandra Filipe Santos','claudia.santos45@gmail.com','918219159','2018-11-03','2018-11-04',2,0,'126','Pack Romântico','pack','2018-11-02 10:32:23','2018-11-02 10:32:23',NULL),
	(658,'pt','Ana','mouracoutinho@gmail.com','968702637','2018-12-25','2018-12-26',1,0,'64','Quarto Duplo Conforto','room','2018-11-02 20:23:51','2018-11-02 20:23:51',NULL),
	(659,'pt','Marina PAscoal','marinapascoal25@msn.com','966791995','2018-12-31','2019-01-01',2,1,'434','Quarto Familiar','room','2018-11-02 23:22:47','2018-11-02 23:22:47',NULL),
	(660,'pt','Nuno','nuno-lopes9@hotmail.com','917109890','2018-11-03','2018-11-04',1,0,'139','Pack Massagem','pack','2018-11-03 13:20:02','2018-11-03 13:20:02',NULL),
	(661,'pt','Marco','smarqito@gmail.com','915144831','2018-12-15','2018-12-16',2,0,NULL,'Pack Romântico','pack','2018-11-03 14:28:36','2018-11-03 14:28:36',NULL),
	(662,'pt','Helena','hmtv.vidal@gmail.com','918441300','2018-11-30','2018-12-01',1,0,'73','Quarto Duplo Superior com Varanda e Vista Mar (parcial)','room','2018-11-03 18:40:02','2018-11-03 18:40:02',NULL),
	(663,'pt','Susana Isabel Sousa lopes','smile_susana@hotmail.com','915487378','2018-12-30','2019-01-01',2,0,'252','Pack Romântico','pack','2018-11-03 20:34:28','2018-11-03 20:34:28',NULL),
	(664,'pt','Ana Gomes','simao.ana@gmail.com','968053933','2018-11-04','2018-11-06',2,0,'128','Quarto Duplo Conforto','room','2018-11-03 23:16:39','2018-11-03 23:16:39',NULL),
	(665,'pt','Marta Mendes','martasofia.mendes@gmail.com','965219815','2018-11-23','2018-11-25',2,0,'128','Quarto Duplo Conforto','room','2018-11-04 11:20:40','2018-11-04 11:20:40',NULL),
	(666,'pt','Marlene Martins','Marleneifmartins@aecastrodaire.com','934570883','2018-12-28','2018-12-29',2,0,'126','Pack Romântico','pack','2018-11-04 12:04:25','2018-11-04 12:04:25',NULL),
	(667,'pt','Maria Helena Pinheiro Martinho','helenamartinho@sapo.pt','964747506','2018-12-15','2018-12-16',2,0,'91','Quarto Duplo Superior com Terraço e Vista Mar (parcial)','room','2018-11-04 15:32:51','2018-11-04 15:32:51',NULL),
	(668,'pt','Joana Pacheco','joana_ramos_@hotmail.com','963544581','2018-12-31','2019-01-01',1,0,'126','Pack Romântico','pack','2018-11-04 18:17:21','2018-11-04 18:17:21',NULL),
	(669,'pt','Maria Clara Cruz Santos','m_clara_s@hotmail.com','917035980','2018-12-30','2019-01-01',2,0,'343','Quarto Duplo Conforto','room','2018-11-04 21:42:17','2018-11-04 21:42:17',NULL),
	(670,'pt','Jose Portilha','filipeskina1989@gmail.com','916329903','2018-12-31','2019-01-01',2,0,'126','Pack Romântico','pack','2018-11-04 21:52:21','2018-11-04 21:52:21',NULL),
	(671,'pt','Thiago Negreiros','thiagovnegreiros@gmail.com','11999453830','2018-11-16','2018-11-19',1,0,'312','Suite com Vista Piscina','room','2018-11-05 15:59:33','2018-11-05 15:59:33',NULL),
	(672,'pt','Cristiana Teixeira','cristiana_silva98@sapo.pt','915689792','2018-11-25','2018-11-26',2,0,'64','Quarto Duplo Conforto','room','2018-11-05 16:32:00','2018-11-05 16:32:00',NULL),
	(673,'pt','Isabel Pestana','isabelpestana89@hotmail.com','967757072','2018-11-05','2018-11-06',2,0,'139','Pack Massagem','pack','2018-11-05 19:42:32','2018-11-05 19:42:32',NULL),
	(674,'pt','Ângela Pinto','boutiquepasserellebobadela@gmail.com','936084919','2018-12-29','2019-01-02',1,0,'523','Quarto Duplo Superior com Varanda e Vista Mar (parcial)','room','2018-11-05 20:43:28','2018-11-05 20:43:28',NULL),
	(675,'pt','Ana maria morais da costa','serpente654321@gmail.com','935993071','2018-12-29','2019-01-01',2,0,'450','Quarto Duplo Superior com Varanda e Vista Mar (parcial)','room','2018-11-05 21:47:28','2018-11-05 21:47:28',NULL),
	(676,'pt','Andrea Ferreira','andreafssa@gmail.com','912980333','2018-11-26','2018-11-27',2,0,'126','Pack Romântico','pack','2018-11-06 11:44:51','2018-11-06 11:44:51',NULL),
	(677,'pt','Miguel Cruz','miguel.cruz.arc@gmail.com','914279227','2018-11-17','2018-11-18',1,0,'126','Pack Romântico','pack','2018-11-06 15:09:23','2018-11-06 15:09:23',NULL),
	(678,'pt','Elena','h.lvit34@gmail.com','938717753','2018-11-10','2018-11-11',2,0,'78','Quarto Twin Conforto','room','2018-11-06 20:08:15','2018-11-06 20:08:15',NULL),
	(679,'pt','Inês Flórido','inesflorido@hotmail.com','919149598','2018-12-30','2019-01-01',2,0,'252','Pack Romântico','pack','2018-11-06 21:31:15','2018-11-06 21:31:15',NULL),
	(680,'pt','Jaime','jaimehzsousa@sapo.pt','911000435','2018-12-30','2019-01-01',1,0,'362','Quarto Twin Conforto','room','2018-11-06 21:42:56','2018-11-06 21:42:56',NULL),
	(681,'pt','Raul Pereira Lino','raull.lino@gmail.com','968351855','2018-12-05','2018-12-07',2,0,'146','Quarto Duplo Superior com Varanda e Vista Mar (parcial)','room','2018-11-07 15:12:14','2018-11-07 15:12:14',NULL),
	(682,'pt','Teresa branco','teresavaleriobranco@gmail.com','919118829','2018-12-01','2018-12-02',2,0,'126','Pack Romântico','pack','2018-11-07 21:52:04','2018-11-07 21:52:04',NULL),
	(683,'pt','sergio pereira','sergiopereira20@hotmail.com','937660150','2018-11-16','2018-11-17',2,0,'104','Suite com Vista Piscina','room','2018-11-08 07:27:59','2018-11-08 07:27:59',NULL),
	(684,'pt','Nelson Santos Matoso','nsmatoso@gmail.com','917752186','2018-11-09','2018-11-11',2,0,'252','Pack Romântico','pack','2018-11-08 08:04:04','2018-11-08 08:04:04',NULL),
	(685,'pt','Jorge Pinto','jorge.g.pinto@gmail.com','965065941','2018-11-24','2018-11-25',2,1,'99','Quarto Familiar','room','2018-11-08 11:06:20','2018-11-08 11:06:20',NULL),
	(686,'pt','a','b@b.com','004','2018-12-08','2018-12-10',2,0,'208','Suite com Vista Piscina','room','2018-11-08 12:06:55','2018-11-08 12:06:55',NULL),
	(687,'pt','Solange da Cunha','spc79@hotmail.com','917141416','2018-11-24','2018-11-25',2,0,'73','Quarto Duplo Superior com Varanda e Vista Mar (parcial)','room','2018-11-08 14:12:25','2018-11-08 14:12:25',NULL),
	(688,'pt','Sonia torcato','smtorcato@gmail.com','918966057','2018-11-10','2018-11-11',2,0,'126','Pack Romântico','pack','2018-11-08 14:26:54','2018-11-08 14:26:54',NULL),
	(689,'pt','ana branco','anapbranco996@gmail.com','962882248','2018-11-14','2018-11-15',2,0,'139','Pack Massagem','pack','2018-11-08 17:30:25','2018-11-08 17:30:25',NULL),
	(690,'pt','Cláudia Bruges','brugesclaudia@gmail.com','969014065','2018-11-19','2018-11-21',2,0,'182','Quarto Duplo Superior com Terraço e Vista Mar (parcial)','room','2018-11-09 01:01:39','2018-11-09 01:01:39',NULL),
	(691,'pt','Carina ferreira','carinaferreirapita@gmail.com','916634682','2018-11-10','2018-11-11',2,0,'126','Pack Romântico','pack','2018-11-09 10:18:38','2018-11-09 10:18:38',NULL),
	(692,'pt','Rita Fernandes','fernandes.rita04@gmail.com','915819655','2018-11-10','2018-11-12',2,0,'252','Pack Romântico','pack','2018-11-09 14:33:48','2018-11-09 14:33:48',NULL),
	(693,'pt','Joao Silva','joaoppintosilva@gmail.com','919256141','2018-12-01','2018-12-02',2,0,'64','Quarto Duplo Conforto','room','2018-11-10 09:11:45','2018-11-10 09:11:45',NULL),
	(694,'en','Irina Fonseca','fonseca.acp@hotmail.com','916458046','2018-11-10','2018-11-11',2,0,'0','Lovely 60\'s Package','pack','2018-11-10 11:42:15','2018-11-10 11:42:15',NULL),
	(695,'en','YONA MAYORKAS','ymayorkas@gmail.com','+33609770732','2019-05-24','2019-05-27',2,0,'219','Double Superior Room with Balcony and Partial Sea View','room','2018-11-10 14:25:40','2018-11-10 14:25:40',NULL),
	(696,'pt','Tania Alexandra dos santos','tanianuria9@gmail.com','910054574','2018-11-17','2018-11-18',2,0,'126','Pack Romântico','pack','2018-11-10 15:39:25','2018-11-10 15:39:25',NULL),
	(697,'pt','Rita Pereira','fontjoao@gmail.com','939050044','2018-12-09','2018-12-10',2,0,'73','Quarto Duplo Superior com Varanda e Vista Mar (parcial)','room','2018-11-10 16:00:50','2018-11-10 16:00:50',NULL),
	(698,'en','Austin Ambrose','austin_ambrose@hotmail.com','+441895440605','2019-01-03','2019-01-04',2,0,'64','Double Comfort Room','room','2018-11-10 17:18:53','2018-11-10 17:18:53',NULL),
	(699,'pt','A','a@gmail.com','917869383','2018-11-16','2018-11-18',2,0,'252','Pack Romântico','pack','2018-11-10 18:39:25','2018-11-10 18:39:25',NULL),
	(700,'pt','Marina Munot','Munot.marina@gmail.com','683258145','2018-11-23','2018-11-25',2,0,'182','Quarto Duplo Superior com Terraço e Vista Mar (parcial)','room','2018-11-10 21:05:46','2018-11-10 21:05:46',NULL),
	(701,'pt','Marina Munot','Munot.marina@gmail.com','683258145','2018-11-23','2018-11-25',2,0,'182','Quarto Duplo Superior com Terraço e Vista Mar (parcial)','room','2018-11-10 21:05:47','2018-11-10 21:05:47',NULL),
	(702,'pt','Joana Marques','joanapaulamarquespaeta@gmail.com','935764957','2018-11-24','2018-11-25',2,0,'126','Pack Romântico','pack','2018-11-11 10:39:43','2018-11-11 10:39:43',NULL),
	(703,'pt','Andreia Videira','andreia.sophia19@hotmail.com','910811029','2018-11-12','2018-11-13',2,0,'126','Pack Romântico','pack','2018-11-11 11:52:11','2018-11-11 11:52:11',NULL),
	(704,'pt','Rui','rucaa35@gmail.com','963926767','2019-01-24','2019-01-27',2,0,'273','Quarto Duplo Superior com Terraço e Vista Mar (parcial)','room','2018-11-11 13:44:22','2018-11-11 13:44:22',NULL),
	(705,'pt','Laura Soares','lauraccsoares@gmail.com','962493092','2018-11-11','2018-11-12',2,0,'126','Pack Romântico','pack','2018-11-11 16:28:50','2018-11-11 16:28:50',NULL),
	(706,'pt','Ana','anaftbras@gmail.com','966202954','2018-12-01','2018-12-02',2,0,'64','Quarto Duplo Conforto','room','2018-11-11 17:07:15','2018-11-11 17:07:15',NULL),
	(707,'pt','maria  ceu','ceulop@gmail.com','967078255','2018-11-17','2018-11-18',1,0,'0','Pack Adoráveis 60','pack','2018-11-11 20:20:14','2018-11-11 20:20:14',NULL),
	(708,'pt','Tânia Andreia Ferreira Correia','tafc25@gmail.com','+351 0935308131','2018-11-17','2018-11-18',2,0,'104','Suite com Vista Piscina','room','2018-11-11 20:50:47','2018-11-11 20:50:47',NULL),
	(709,'pt','Tânia Andreia Ferreira Correia','tafc25@gmail.com','+351 0935308131','2018-11-11','2018-11-12',2,0,'126','Pack Romântico','pack','2018-11-11 20:53:04','2018-11-11 20:53:04',NULL),
	(710,'pt','Miguel','h.miguel.p.silva@gmail.com','963828838','2018-12-01','2018-12-02',2,0,'126','Pack Romântico','pack','2018-11-12 08:33:27','2018-11-12 08:33:27',NULL),
	(711,'pt','Inês','ines.fteixeira@hotmail.com','962866311','2019-03-26','2019-04-02',1,0,'448','Quarto Duplo Conforto','room','2018-11-12 11:49:13','2018-11-12 11:49:13',NULL),
	(712,'en','Brami','fabienne.brami@gmail.com','0620426813','2019-05-24','2019-05-27',1,0,'273','Double Superior Room with Terrace and Partial Sea View','room','2018-11-12 13:17:25','2018-11-12 13:17:25',NULL),
	(713,'pt','Fernanda Nunes','fnunes1967@hotmail.com','934109942','2018-12-31','2019-01-01',1,0,'279','Quarto Duplo Conforto','room','2018-11-12 14:54:47','2018-11-12 14:54:47',NULL),
	(714,'pt','Gonçalo Cabaço','goncas31@hotmail.com','962558337','2018-11-17','2018-11-18',2,0,'73','Quarto Duplo Superior com Varanda e Vista Mar (parcial)','room','2018-11-12 15:36:46','2018-11-12 15:36:46',NULL),
	(715,'pt','Gonçalo Cabaço','goncas31@hotmail.com','962558337','2018-11-17','2018-11-18',2,0,'139','Pack Massagem','pack','2018-11-12 15:41:28','2018-11-12 15:41:28',NULL),
	(716,'pt','carlos diogo','migueldiogo88@hotmail.com','934635954','2018-11-24','2018-11-25',1,0,'64','Quarto Duplo Conforto','room','2018-11-12 16:41:32','2018-11-12 16:41:32',NULL),
	(717,'pt','Anita','anitacostasantos@gmail.com','915325819','2018-11-16','2018-11-17',2,0,'139','Pack Massagem','pack','2018-11-13 11:03:36','2018-11-13 11:03:36',NULL),
	(718,'pt','Joana','joanafcfigueira@gmail.com','963380577','2018-12-17','2018-12-18',2,0,'64','Quarto Duplo Conforto','room','2018-11-13 11:34:50','2018-11-13 11:34:50',NULL),
	(719,'pt','Rianne','riannee_h@hotmail.com','0611495491','2018-12-03','2018-12-04',2,0,'64','Quarto Duplo Conforto','room','2018-11-13 13:06:13','2018-11-13 13:06:13',NULL),
	(720,'pt','joana costa','jakota_22@hotmail.com','911166969','2018-12-01','2018-12-02',2,0,'126','Pack Romântico','pack','2018-11-13 14:06:04','2018-11-13 14:06:04',NULL),
	(721,'pt','Hélder Miguel Pinto','helder.pinto.sa@gmail.com','963239984','2018-12-08','2018-12-09',2,0,'126','Pack Romântico','pack','2018-11-13 14:20:36','2018-11-13 14:20:36',NULL),
	(722,'pt','Graça Ferreira','gracamariaferreira@live.com','918398476','2018-11-17','2018-11-18',2,0,'126','Pack Romântico','pack','2018-11-13 14:46:31','2018-11-13 14:46:31',NULL),
	(723,'pt','Maria Helena Pardal','mariahpdpardal@gmail.com','926227372','2018-11-24','2018-11-25',2,0,'126','Pack Romântico','pack','2018-11-13 20:22:20','2018-11-13 20:22:20',NULL),
	(724,'pt','Sérgio Moura','klaudia_@msn.com','932181225','2018-11-13','2018-11-14',2,0,'126','Pack Romântico','pack','2018-11-13 20:23:21','2018-11-13 20:23:21',NULL),
	(725,'pt','Angela Santos','angelamarinasantos@gmail.com','968030837','2018-12-04','2018-12-07',1,0,'219','Quarto Duplo Superior com Varanda e Vista Mar (parcial)','room','2018-11-13 21:42:17','2018-11-13 21:42:17',NULL),
	(726,'pt','Lígia Fernandes','ligiameec@gmail.com','910249229','2018-11-16','2018-11-18',1,0,'102','Quarto Individual Conforto','room','2018-11-13 22:59:06','2018-11-13 22:59:06',NULL),
	(727,'pt','Carla alexandra jorge ribeiro','marrimcarla300@gmail.com','966662437','2018-11-16','2018-11-17',2,0,'64','Quarto Duplo Conforto','room','2018-11-14 12:12:28','2018-11-14 12:12:28',NULL),
	(728,'pt','Jessica da luz ambrosio','jessica98daluz@hotmail.com','917307069','2018-11-16','2018-11-17',2,0,'64','Quarto Duplo Conforto','room','2018-11-14 12:19:34','2018-11-14 12:19:34',NULL),
	(729,'pt','Elisabete Silva','bete.tinyerdinger2@gimail.com','937938936','2018-12-08','2018-12-09',2,0,'126','Pack Romântico','pack','2018-11-14 14:21:16','2018-11-14 14:21:16',NULL),
	(730,'pt','Marcia Viana','maxafmv@gmail.com','936103360','2018-12-01','2018-12-02',1,0,'126','Pack Romântico','pack','2018-11-14 14:50:40','2018-11-14 14:50:40',NULL),
	(731,'pt','Luís Gomes','luiscarlos1997@live.com','962802787','2018-12-01','2018-12-02',2,0,'126','Pack Romântico','pack','2018-11-14 15:10:51','2018-11-14 15:10:51',NULL),
	(732,'pt','d','s@q.com','222222222','2018-11-16','2018-11-18',2,0,'182','Quarto Duplo Superior com Terraço e Vista Mar (parcial)','room','2018-11-14 22:28:18','2018-11-14 22:28:18',NULL),
	(733,'pt','Beatriz Sofia Cunha Pereira','beatrix_cunha210@hotmail.com','914156991','2018-12-27','2018-12-28',2,0,'126','Pack Romântico','pack','2018-11-15 10:07:01','2018-11-15 10:07:01',NULL),
	(734,'pt','Carla Gonçalves','carlagcabaco@gmail.com','966217278','2018-11-17','2018-11-18',2,0,'139','Pack Massagem','pack','2018-11-15 12:15:54','2018-11-15 12:15:54',NULL),
	(735,'pt','Ana Leão','aniscas23@gmail.com','965371496','2018-12-08','2018-12-09',2,0,'126','Pack Romântico','pack','2018-11-15 15:55:03','2018-11-15 15:55:03',NULL),
	(736,'pt','Marta Ferreira','martinhafmaciel8@gmail.com','910213068','2018-11-16','2018-11-17',2,0,'0','Pack Adoráveis 60','pack','2018-11-15 22:28:36','2018-11-15 22:28:36',NULL),
	(737,'pt','Marina Santos','marina.s.esteves@gmail.com','914555944','2018-11-16','2018-11-18',2,1,'198','Quarto Familiar','room','2018-11-15 23:52:51','2018-11-15 23:52:51',NULL),
	(738,'pt','Ana Paula Gracio','anapgracio@gmail.com','965121271','2018-11-17','2018-11-18',2,0,'126','Pack Romântico','pack','2018-11-16 03:03:18','2018-11-16 03:03:18',NULL),
	(739,'pt','Daniela','dannboa3@gmail.com','+351965896100','2018-11-16','2018-11-17',1,0,'0','Pack Adoráveis 60','pack','2018-11-16 11:35:22','2018-11-16 11:35:22',NULL),
	(740,'pt','Vitor Hugo Viegas Patrício','hugo.2331@hotmail.com','917112541','2018-12-08','2018-12-09',2,0,'104','Suite com Vista Piscina','room','2018-11-16 12:46:31','2018-11-16 12:46:31',NULL),
	(741,'pt','Yolanda Lourenço','yolalourenco11@gmail.com','934272031','2019-01-15','2019-01-17',2,0,'146','Quarto Duplo Superior com Varanda e Vista Mar (parcial)','room','2018-11-16 21:15:07','2018-11-16 21:15:07',NULL),
	(742,'pt','Nuno pereira','nuno.micky@hotmail.com','925053399','2018-11-23','2018-11-25',2,0,'252','Pack Romântico','pack','2018-11-16 21:49:23','2018-11-16 21:49:23',NULL),
	(743,'pt','Tania Costa','taniacosta87@sapo.pt','914173953','2018-12-02','2018-12-03',1,0,'51','Quarto Individual Conforto','room','2018-11-16 22:51:14','2018-11-16 22:51:14',NULL),
	(744,'pt','Dercio Martins','martins.dercio@gmail.com','912746335','2018-12-08','2018-12-09',2,0,'91','Quarto Duplo Superior com Terraço e Vista Mar (parcial)','room','2018-11-16 22:56:52','2018-11-16 22:56:52',NULL),
	(745,'pt','Elisabete Silva','bete.tinyerdinger2@gimail.com','937938936','2018-12-08','2018-12-09',2,0,'126','Pack Romântico','pack','2018-11-17 07:58:48','2018-11-17 07:58:48',NULL),
	(746,'pt','Cátia Silva','catia_spinto@hotmail.com','914671230','2018-12-01','2018-12-02',2,0,'139','Pack Massagem','pack','2018-11-17 09:34:49','2018-11-17 09:34:49',NULL),
	(747,'pt','Marco Ângelo','marco.angelo54@gmail.com','966347039','2018-11-17','2018-11-18',2,0,'126','Pack Romântico','pack','2018-11-17 13:41:32','2018-11-17 13:41:32',NULL),
	(748,'pt','Elisabete Pinhel','eplpinhel@gmail.com','+351911972918','2018-12-27','2018-12-28',2,0,'126','Pack Romântico','pack','2018-11-17 19:28:50','2018-11-17 19:28:50',NULL),
	(749,'pt','Lorranny Rodrigues','loh.rodriguez@hotmail.com','917382304','2018-12-27','2018-12-28',2,0,'126','Pack Romântico','pack','2018-11-17 20:26:31','2018-11-17 20:26:31',NULL),
	(750,'pt','Lia Castro','liacastro91@gmail.com','914341023','2018-12-08','2018-12-09',2,0,'64','Quarto Duplo Conforto','room','2018-11-17 21:53:15','2018-11-17 21:53:15',NULL),
	(751,'pt','Filipe Torres','filipeoliveira265@gmail.com','919958662','2018-11-30','2018-12-01',2,0,'126','Pack Romântico','pack','2018-11-18 00:22:33','2018-11-18 00:22:33',NULL),
	(752,'pt','Telma Candeias','telma.candeias@gmail.com','924477368','2018-12-31','2019-01-01',1,1,'434','Quarto Familiar','room','2018-11-18 16:32:19','2018-11-18 16:32:19',NULL),
	(753,'pt','T','r@gmail.com','6','2018-11-24','2018-11-25',2,0,'139','Pack Massagem','pack','2018-11-19 01:05:39','2018-11-19 01:05:39',NULL),
	(754,'en','DENIS SEITHER','DENISSEITHER@ALICEADSL.FR','663443710','2018-11-26','2018-11-28',2,0,'146','Double Superior Room with Balcony and Partial Sea View','room','2018-11-19 16:38:49','2018-11-19 16:38:49',NULL),
	(755,'pt','Pedro Calçada','calcadinha@gmail.com','913883573','2018-11-23','2018-11-25',1,0,'146','Quarto Duplo Superior com Varanda e Vista Mar (parcial)','room','2018-11-19 18:20:45','2018-11-19 18:20:45',NULL),
	(756,'en','Julia^Heiler','julia.heiler@yahoo.de','0049 178 1667339','2018-12-07','2018-12-08',2,0,'64','Double Comfort Room','room','2018-11-20 11:40:40','2018-11-20 11:40:40',NULL),
	(757,'pt','Carolina Marcelino Rodrigues','carolinamarcelino.1998@gmail.com','913032894','2018-11-24','2018-11-25',2,0,'126','Pack Romântico','pack','2018-11-20 22:16:05','2018-11-20 22:16:05',NULL),
	(758,'pt','Carolina Marcelino Rodrigues','carolinamarcelino.1998@gmail.com','913032894','2018-11-24','2018-11-25',2,0,'64','Quarto Duplo Conforto','room','2018-11-20 23:01:57','2018-11-20 23:01:57',NULL),
	(759,'pt','Carolina Marcelino Rodrigues','carolinamarcelino.1998@gmail.com','913032894','2018-11-24','2018-11-25',2,0,'126','Pack Romântico','pack','2018-11-21 00:16:55','2018-11-21 00:16:55',NULL),
	(760,'pt','Carolina Marcelino Rodrigues','carolinamarcelino.1998@gmail.com','913032894','2018-11-24','2018-11-25',2,0,'126','Pack Romântico','pack','2018-11-21 08:03:18','2018-11-21 08:03:18',NULL),
	(761,'pt','Rianne Hoffer','riannee_h@hotmail.com','910983540','2018-12-03','2018-12-04',2,0,'64','Quarto Duplo Conforto','room','2018-11-21 10:21:35','2018-11-21 10:21:35',NULL),
	(762,'pt','Ezequiel','goncalveslui@sapo.pt','937552407','2018-11-22','2018-11-23',1,0,'51','Quarto Individual Conforto','room','2018-11-21 11:27:53','2018-11-21 11:27:53',NULL),
	(763,'pt','Ezequiel','goncalveslui@sapo.pt','937552407','2018-11-22','2018-11-23',2,0,'139','Pack Massagem','pack','2018-11-21 11:30:12','2018-11-21 11:30:12',NULL),
	(764,'pt','Carolina Marcelino Rodrigues','carolinamarcelino.1998@gmail.com','913032894','2018-11-24','2018-11-25',2,0,'64','Quarto Duplo Conforto','room','2018-11-21 14:15:09','2018-11-21 14:15:09',NULL),
	(765,'pt','isabel ticas','isabel.ticas@finimed.pt','912507510','2018-12-08','2018-12-09',2,0,'139','Pack Massagem','pack','2018-11-21 16:54:47','2018-11-21 16:54:47',NULL),
	(766,'pt','ptr','pas@hotmail.com','219999999','2018-12-01','2018-12-02',2,1,'99','Quarto Familiar','room','2018-11-21 17:44:44','2018-11-21 17:44:44',NULL),
	(767,'pt','Tânia Martins','taniasfmartins@gmail.com','965138074','2018-12-14','2018-12-16',2,0,'252','Pack Romântico','pack','2018-11-21 22:09:42','2018-11-21 22:09:42',NULL),
	(768,'pt','Mónica Rebelo','ifpm@ifpm.pt','213242160','2018-12-31','2019-01-01',2,0,'139','Pack Massagem','pack','2018-11-22 15:31:06','2018-11-22 15:31:06',NULL),
	(769,'pt','Susana Miranda','Suoliveiramir17@gmail.com','914272471','2018-12-08','2018-12-09',2,0,'126','Pack Romântico','pack','2018-11-22 21:44:56','2018-11-22 21:44:56',NULL),
	(770,'pt','Marco costa','marco_v_costa@hotmail.com','919691906','2018-11-30','2018-12-02',2,0,'128','Quarto Duplo Conforto','room','2018-11-22 23:13:42','2018-11-22 23:13:42',NULL),
	(771,'pt','Dina','dinareistodrigues@gmail.com','962443933','2018-11-24','2018-11-25',2,1,'99','Quarto Familiar','room','2018-11-23 00:48:37','2018-11-23 00:48:37',NULL),
	(772,'pt','Dina Rodrigues','dinareisrodrigues@gmail.com','962443933','2018-11-23','2018-11-24',2,1,'99','Quarto Familiar','room','2018-11-23 01:44:22','2018-11-23 01:44:22',NULL),
	(773,'en','YONA MAYORKAS','ymayorkas@gmail.com','+33609770732','2019-05-24','2019-05-27',2,0,'219','Double Superior Room with Balcony and Partial Sea View','room','2018-11-23 15:22:52','2018-11-23 15:22:52',NULL),
	(774,'pt','Paula Tomás','paulavideiratomas@gmail.com','966527924','2018-12-07','2018-12-08',2,0,'64','Quarto Duplo Conforto','room','2018-11-23 16:00:48','2018-11-23 16:00:48',NULL),
	(775,'pt','Sérgio Santos','sergiosantos000@gmail.com','914098317','2019-04-06','2019-04-07',2,0,'64','Quarto Duplo Conforto','room','2018-11-23 16:59:53','2018-11-23 16:59:53',NULL),
	(776,'en','Louis Glorieux','louis.glorieux@gmail.com','7401259744','2018-12-08','2018-12-09',2,0,'104','Suite Swimming Pool View','room','2018-11-24 18:01:47','2018-11-24 18:01:47',NULL),
	(777,'pt','Andreia','nenucasenior@gmail.com','964717731','2019-01-01','2019-01-03',1,0,'128','Quarto Duplo Conforto','room','2018-11-24 20:55:17','2018-11-24 20:55:17',NULL),
	(778,'pt','carla','carla.amado@vodafone.pt','914279391','2019-07-04','2019-07-07',1,0,'282','Quarto Twin Conforto','room','2018-11-24 21:52:15','2018-11-24 21:52:15',NULL),
	(779,'pt','Lana','gorovayasveta@ukr.net','923269506','2019-01-06','2019-01-07',2,0,'126','Pack Romântico','pack','2018-11-24 23:29:35','2018-11-24 23:29:35',NULL),
	(780,'pt','Ana Nascimento','acmnascimento@hotmail.com','964746591','2018-12-08','2018-12-09',2,0,'73','Quarto Duplo Superior com Varanda e Vista Mar (parcial)','room','2018-11-25 17:23:32','2018-11-25 17:23:32',NULL),
	(781,'pt','Catarina Félix','catarina_sfelix@hotmail.com','965053570','2018-11-29','2018-12-02',1,0,'153','Quarto Individual Conforto','room','2018-11-25 20:57:50','2018-11-25 20:57:50',NULL),
	(782,'pt','Paula','paulaecowaste@mail.telepac.pt','919193652','2018-12-29','2019-01-01',1,0,'378','Pack Romântico','pack','2018-11-26 22:50:11','2018-11-26 22:50:11',NULL),
	(783,'pt','Cristiana Teixeira','cristiana_silva98@sapo.pt','915689792','2018-12-01','2018-12-02',2,0,'64','Quarto Duplo Conforto','room','2018-11-26 23:30:00','2018-11-26 23:30:00',NULL),
	(784,'pt','ANA SANTOS','anapatricia_sa@hotmail.com','936293782','2018-11-30','2018-12-02',2,1,'198','Quarto Familiar','room','2018-11-27 13:00:24','2018-11-27 13:00:24',NULL),
	(785,'pt','João Ascenso','joao_a_ascenso@hotmail.com','+351967262303','2018-11-27','2018-11-28',2,0,'126','Pack Romântico','pack','2018-11-27 13:11:30','2018-11-27 13:11:30',NULL),
	(786,'pt','Wilson Moreira','wrmoreirask@hotmail.com','915111321','2018-11-30','2018-12-02',2,0,'128','Quarto Duplo Conforto','room','2018-11-27 15:53:00','2018-11-27 15:53:00',NULL),
	(787,'pt','João Jacinto','joao.jacintoj@gmail.com','913795797','2018-12-27','2018-12-28',2,0,'73','Quarto Duplo Superior com Varanda e Vista Mar (parcial)','room','2018-11-27 20:41:30','2018-11-27 20:41:30',NULL),
	(788,'pt','Hugo Dionísio','hugodionisio.80@gmail.com','932258026','2018-12-01','2018-12-02',1,0,'99','Quarto Familiar','room','2018-11-27 22:20:15','2018-11-27 22:20:15',NULL),
	(789,'pt','Catarina','acatarinapinho@icloud.com','913392175','2018-12-01','2018-12-02',1,0,'139','Pack Massagem','pack','2018-11-27 23:49:18','2018-11-27 23:49:18',NULL),
	(790,'pt','João Nunes','joaonunes87@gmail.com','938139086','2018-12-15','2018-12-16',2,0,'104','Suite com Vista Piscina','room','2018-11-28 00:39:25','2018-11-28 00:39:25',NULL),
	(791,'pt','Joana','joanatremoco@gmail.com','964818675','2019-04-06','2019-04-07',1,0,NULL,'Quarto Duplo Conforto','room','2018-11-28 20:08:27','2018-11-28 20:08:27',NULL),
	(792,'en','Maria peixoto','mcarlotapeixoto@gmail.com','911122262','2019-01-05','2019-01-06',2,0,'91','Double Superior Room with Terrace and Partial Sea View','room','2018-11-29 14:32:15','2018-11-29 14:32:15',NULL),
	(793,'pt','Mafalda Pousada','Mafaldapousada@gmail.com','910566990','2018-12-07','2018-12-09',1,0,'128','Quarto Duplo Conforto','room','2018-11-29 16:04:21','2018-11-29 16:04:21',NULL),
	(794,'pt','Rita Folha','r.folha@adp.pt','917893835','2018-12-07','2018-12-09',2,0,'128','Quarto Duplo Conforto','room','2018-11-29 17:09:13','2018-11-29 17:09:13',NULL),
	(795,'pt','Carolina Santos','sgsantos.carolina@gmail.com','916224147','2018-12-01','2018-12-02',2,0,'73','Quarto Duplo Superior com Varanda e Vista Mar (parcial)','room','2018-11-29 19:14:28','2018-11-29 19:14:28',NULL),
	(796,'pt','Hugo Baptista','hfontainhas@hotmail.com','911886466','2018-12-01','2018-12-02',1,0,'91','Quarto Duplo Superior com Terraço e Vista Mar (parcial)','room','2018-11-29 19:41:40','2018-11-29 19:41:40',NULL),
	(797,'pt','Jose','abare@gmx.es','+34666666666','2018-12-05','2018-12-06',1,0,'51','Quarto Individual Conforto','room','2018-11-29 21:27:18','2018-11-29 21:27:18',NULL),
	(798,'pt','Bruna','brunafslucas26@hotmail.com','910091205','2018-12-31','2019-01-01',1,0,'279','Quarto Duplo Conforto','room','2018-11-29 22:39:48','2018-11-29 22:39:48',NULL),
	(799,'pt','Sandra Pinto','sandraicpinto@gmail.com','916256357','2018-12-07','2018-12-08',1,0,'51','Quarto Individual Conforto','room','2018-11-29 23:40:14','2018-11-29 23:40:14',NULL),
	(800,'pt','Luís Gomes Vieira Gomes Lda','susanavieiragomes@gmail.com','919719183','2018-12-01','2018-12-02',2,0,'64','Quarto Duplo Conforto','room','2018-11-30 09:26:35','2018-11-30 09:26:35',NULL),
	(801,'pt','Luís Gomes Vieira Gomes Lda','susanavieiragomes@gmail.com','919719183','2018-12-01','2018-12-02',2,0,'78','Quarto Twin Conforto','room','2018-11-30 09:28:10','2018-11-30 09:28:10',NULL),
	(802,'pt','manuela','mmanuelcosta@gmail.com','962784757','2018-12-08','2018-12-09',2,0,'78','Quarto Twin Conforto','room','2018-11-30 15:30:46','2018-11-30 15:30:46',NULL),
	(803,'pt','Olga','olga.roriz@sapo.pt','919515440','2018-11-30','2018-12-01',1,0,'104','Suite com Vista Piscina','room','2018-11-30 18:22:44','2018-11-30 18:22:44',NULL),
	(804,'en','Monica','monica_rasteiro@hotmail.com','6472698990','2019-08-10','2019-08-11',2,0,'126','Romantic Package','pack','2018-12-01 13:56:57','2018-12-01 13:56:57',NULL),
	(805,'pt','Carla Santos','csas.santos@gmail.com','914404107','2018-12-08','2018-12-09',2,0,'139','Pack Massagem','pack','2018-12-01 14:57:06','2018-12-01 14:57:06',NULL),
	(806,'pt','Bruno Dias','brunodias82@gmail.com','964773735','2019-05-03','2019-05-05',2,0,'146','Quarto Duplo Superior com Varanda e Vista Mar (parcial)','room','2018-12-01 23:21:36','2018-12-01 23:21:36',NULL),
	(807,'en','Tereza Kovalinkova','tereza.konvalinkova@email.cz','0042736526978','2018-12-02','2018-12-03',2,0,'64','Double Comfort Room','room','2018-12-02 10:26:20','2018-12-02 10:26:20',NULL),
	(808,'en','Sven','sven.waldschmidt@freenet.de','0162-2437293','2019-06-30','2019-07-03',2,1,'447','Family Room','room','2018-12-03 11:03:17','2018-12-03 11:03:17',NULL),
	(809,'pt','Mafalda almeida','almeida_mafalda@hotmail.com','912357313','2019-01-05','2019-01-06',2,0,'64','Quarto Duplo Conforto','room','2018-12-03 15:07:19','2018-12-03 15:07:19',NULL),
	(810,'pt','Madalena Fernandes','mada.fernandees@gmail.com','911179175','2018-12-21','2018-12-23',2,0,'146','Quarto Duplo Superior com Varanda e Vista Mar (parcial)','room','2018-12-04 09:17:34','2018-12-04 09:17:34',NULL),
	(811,'en','Vasco Nunes da Silva','vasconunesdasilva@gmail.com','963396432','2018-12-30','2018-12-31',1,0,'73','Double Superior Room with Balcony and Partial Sea View','room','2018-12-04 13:15:10','2018-12-04 13:15:10',NULL),
	(812,'en','Vasco Nunes da Silva','vasconunesdasilva@gmail.com','963396432','2018-12-30','2018-12-31',2,0,'73','Double Superior Room with Balcony and Partial Sea View','room','2018-12-04 13:16:11','2018-12-04 13:16:11',NULL),
	(813,'pt','laura','laurasegura.u2@gmail.com','605086134','2018-12-15','2018-12-17',2,0,'146','Quarto Duplo Superior com Varanda e Vista Mar (parcial)','room','2018-12-05 16:48:56','2018-12-05 16:48:56',NULL),
	(814,'pt','Pedro Mesquita Lopes','pedromesquitalopes@mail.telepac.pt','914917401','2018-12-08','2018-12-09',2,0,'73','Quarto Duplo Superior com Varanda e Vista Mar (parcial)','room','2018-12-06 11:10:59','2018-12-06 11:10:59',NULL),
	(815,'pt','Mónica Rebelo','monicasmrebelo@gmail.com','962946721','2018-12-08','2018-12-09',1,0,'73','Quarto Duplo Superior com Varanda e Vista Mar (parcial)','room','2018-12-06 12:56:17','2018-12-06 12:56:17',NULL),
	(816,'pt','Jose Porto','joseporto@gmx.es','+34659152257','2018-12-11','2018-12-12',1,0,'51','Quarto Individual Conforto','room','2018-12-07 20:51:50','2018-12-07 20:51:50',NULL),
	(817,'pt','Gilberto Carmo','gilcarmo@sapo.pt','917515847','2018-12-15','2018-12-16',2,0,'73','Quarto Duplo Superior com Varanda e Vista Mar (parcial)','room','2018-12-09 18:42:27','2018-12-09 18:42:27',NULL),
	(818,'pt','Daniela','danielafiliparj@gmail.com','912760563','2019-02-23','2019-02-24',2,0,'126','Pack Romântico','pack','2018-12-10 09:58:34','2018-12-10 09:58:34',NULL),
	(819,'pt','daniela','danielafiliparj@gmail.com','912760563','2019-02-23','2019-02-24',2,0,'64','Quarto Duplo Conforto','room','2018-12-10 10:01:14','2018-12-10 10:01:14',NULL),
	(820,'pt','Liliana Rodrigues','lili.rodrigues.sofia@gmail.com','912627535','2019-02-02','2019-02-03',2,0,'64','Quarto Duplo Conforto','room','2018-12-10 13:54:39','2018-12-10 13:54:39',NULL),
	(821,'pt','D','d@d.pt','933333333','2018-12-15','2018-12-16',1,0,'139','Pack Massagem','pack','2018-12-10 16:41:23','2018-12-10 16:41:23',NULL),
	(822,'pt','Carla','carlaleite.sinalcabo@gmail.com','939795534','2018-12-15','2018-12-16',2,0,'126','Pack Romântico','pack','2018-12-11 00:48:58','2018-12-11 00:48:58',NULL),
	(823,'pt','Pedro Catarino','paacatarino@hotmail.com','961251351','2018-12-29','2019-01-01',1,0,'407','Quarto Duplo Conforto','room','2018-12-11 16:40:21','2018-12-11 16:40:21',NULL),
	(824,'pt','Miguel Angelo Martins Monteiro','mmtecpro@gmail.com','+351 917465484','2018-12-22','2018-12-23',2,0,'126','Pack Romântico','pack','2018-12-12 13:44:51','2018-12-12 13:44:51',NULL),
	(825,'pt','Dina Rodrigues','dinareisrodrigues@gmail.com','962443933','2018-12-20','2018-12-21',2,1,'99','Quarto Familiar','room','2018-12-12 17:44:15','2018-12-12 17:44:15',NULL),
	(826,'en','Fonseca','catfonseca@hotmail.com','0032486238024','2018-12-28','2018-12-30',1,2,'198','Family Room','room','2018-12-13 11:18:25','2018-12-13 11:18:25',NULL),
	(827,'en','Hannelore','hannelorevdb@hotmail.com','31652777509','2018-12-29','2019-01-05',1,0,'968','Suite Swimming Pool View','room','2018-12-13 19:23:02','2018-12-13 19:23:02',NULL),
	(828,'pt','Manuela Silva','mmsolong@gmail.com','919778413','2018-12-20','2018-12-21',2,0,'139','Pack Massagem','pack','2018-12-14 15:03:37','2018-12-14 15:03:37',NULL),
	(829,'en','inês','ines-ferreira1@campus.ul.pt','925330923','2018-12-26','2018-12-27',2,0,'139','Massage Package','pack','2018-12-15 10:34:30','2018-12-15 10:34:30',NULL),
	(830,'pt','Vítor','vitor.a.melo@gmail.com','938885390','2018-12-29','2018-12-30',2,1,'99','Quarto Familiar','room','2018-12-15 15:43:28','2018-12-15 15:43:28',NULL),
	(831,'pt','LEONARDO PANTALEÃO','leoagugyn@gmail.com','+55 62 981047564','2019-02-10','2019-02-11',3,0,'99','Quarto Familiar','room','2018-12-15 16:45:43','2018-12-15 16:45:43',NULL),
	(832,'pt','Miriam Rodrigues','miriamorim@hotmail.com','965875831','2018-12-22','2018-12-24',2,0,'156','Quarto Twin Conforto','room','2018-12-17 18:57:17','2018-12-17 18:57:17',NULL),
	(833,'pt','Paula Lagarto','plagarto@lusa.pt','217116556','2018-12-22','2018-12-23',1,0,'64','Quarto Duplo Conforto','room','2018-12-17 20:01:30','2018-12-17 20:01:30',NULL),
	(834,'pt','Vania Severino','vaniaseverino@gmail.com','933941504','2019-01-01','2019-01-02',2,0,'126','Pack Romântico','pack','2018-12-18 00:08:15','2018-12-18 00:08:15',NULL),
	(835,'pt','Sara Baptista','mokamboss@gmail.com','919556588','2019-01-04','2019-01-06',2,0,'146','Quarto Duplo Superior com Varanda e Vista Mar (parcial)','room','2018-12-18 09:30:52','2018-12-18 09:30:52',NULL),
	(836,'pt','Rita Roda','rita.roda@netcabo.pt','931039083','2018-12-31','2019-01-01',2,0,'139','Pack Massagem','pack','2018-12-18 19:38:39','2018-12-18 19:38:39',NULL),
	(837,'en','Eisele','sunnysmilefl@yahoo.com','015221706099','2019-04-02','2019-04-11',1,0,'459','Single Comfort Room','room','2018-12-19 13:49:11','2018-12-19 13:49:11',NULL),
	(838,'pt','Emilia Machado','emncm@hotmail.com','966302559','2018-12-29','2018-12-30',2,0,'139','Pack Massagem','pack','2018-12-20 09:49:41','2018-12-20 09:49:41',NULL),
	(839,'pt','Hugo teixeira','hteixeira@netcabo.pt','917018690','2018-12-21','2018-12-22',1,0,'51','Quarto Individual Conforto','room','2018-12-20 17:47:27','2018-12-20 17:47:27',NULL),
	(840,'en','Waldthaler','jojofin@gmail.com','004915165182400','2019-01-02','2019-01-04',2,0,'146','Double Superior Room with Balcony and Partial Sea View','room','2018-12-21 06:12:28','2018-12-21 06:12:28',NULL),
	(841,'pt','Salete Marques','SALETE.MARQUES@GROUNDFORCE.PT','969174274','2019-01-19','2019-01-20',2,0,'126','Pack Romântico','pack','2018-12-22 17:00:52','2018-12-22 17:00:52',NULL),
	(842,'en','Anne Broos','annebroos001@hotmail.com','476727481','2019-06-10','2019-06-18',2,0,'857','Double Superior Room with Terrace and Partial Sea View','room','2018-12-23 13:04:44','2018-12-23 13:04:44',NULL),
	(843,'en','Anne Broos','annebroos001@hotmail.com','476727481','2019-06-10','2019-06-18',2,0,'0','Lovely 60\'s Package','pack','2018-12-23 13:10:18','2018-12-23 13:10:18',NULL),
	(844,'en','E','ed@gmail.com','467913574','2018-12-23','2018-12-24',1,0,'51','Single Comfort Room','room','2018-12-23 15:45:51','2018-12-23 15:45:51',NULL),
	(845,'pt','Sofia','sofia_anc@hotmail.com','967112608','2019-01-04','2019-01-10',1,0,'438','Quarto Duplo Superior com Varanda e Vista Mar (parcial)','room','2018-12-23 16:04:35','2018-12-23 16:04:35',NULL),
	(846,'pt','MONCHO RODRIGUEZ','monchorodriguezcruz@gmail.com','0034649846203','2019-04-18','2019-04-21',2,1,'297','Quarto Familiar','room','2018-12-23 21:56:48','2018-12-23 21:56:48',NULL),
	(847,'pt','Sofia Vieira','sofiacruzvieira@gmail.com','913004233','2018-12-27','2018-12-29',2,0,'128','Quarto Duplo Conforto','room','2018-12-24 11:45:51','2018-12-24 11:45:51',NULL),
	(848,'pt','Nuno Nuno','nuno.cruz.inacio@gmail.com','914793937','2019-01-20','2019-01-21',2,0,'126','Pack Romântico','pack','2018-12-24 14:34:02','2018-12-24 14:34:02',NULL),
	(849,'pt','Paulo Pereira','gamoportugal@sapo.pt','967096122','2018-12-28','2018-12-29',1,0,'73','Quarto Duplo Superior com Varanda e Vista Mar (parcial)','room','2018-12-24 16:11:39','2018-12-24 16:11:39',NULL),
	(850,'pt','Susana','a1a1@gmail.com','918765432','2019-01-12','2019-01-13',2,0,'126','Pack Romântico','pack','2018-12-24 16:18:08','2018-12-24 16:18:08',NULL),
	(851,'pt','Paulo Pereira','gamoportugal@sapo.pt','967096122','2018-12-28','2018-12-29',2,0,'73','Quarto Duplo Superior com Varanda e Vista Mar (parcial)','room','2018-12-24 22:43:02','2018-12-24 22:43:02',NULL),
	(852,'pt','Pedro Colaço','pedro.colaco@netcabo.pt','963990414','2018-12-26','2018-12-28',2,0,'128','Quarto Duplo Conforto','room','2018-12-25 18:38:58','2018-12-25 18:38:58',NULL),
	(853,'pt','Catarina','catyfarinha@hotmail.com','915598786','2018-12-29','2018-12-30',2,0,'139','Pack Massagem','pack','2018-12-25 20:32:33','2018-12-25 20:32:33',NULL),
	(854,'pt','josé','josebernardo1989@gmail.com','915147568','2018-12-29','2018-12-31',1,0,'252','Pack Romântico','pack','2018-12-26 11:33:00','2018-12-26 11:33:00',NULL),
	(855,'pt','BRUNO FORTE','BRUNOAGTFORTE@GMAIL.COM','916949111','2018-12-31','2019-01-01',2,0,'126','Pack Romântico','pack','2018-12-26 12:05:21','2018-12-26 12:05:21',NULL),
	(856,'en','Miguel Baptista','miguelbaptista@gmail.com','927418586','2018-12-28','2018-12-30',1,2,'198','Family Room','room','2018-12-26 12:20:29','2018-12-26 12:20:29',NULL),
	(857,'pt','jose carvalho','joseantonio.car@netcabo.pt','966569988','2018-12-31','2019-01-01',2,0,'284','Quarto Twin Conforto','room','2018-12-26 12:34:20','2018-12-26 12:34:20',NULL),
	(858,'pt','Sofia Carrondo','sofia_anc@hotmail.com','967112608','2019-01-04','2019-01-10',2,0,'438','Quarto Duplo Superior com Varanda e Vista Mar (parcial)','room','2018-12-26 14:38:39','2018-12-26 14:38:39',NULL),
	(859,'pt','Inês Dias','inesgpdias@gmail.com','918317582','2018-12-29','2018-12-30',2,0,'64','Quarto Duplo Conforto','room','2018-12-26 14:42:46','2018-12-26 14:42:46',NULL),
	(860,'pt','Diana Patrícia da Costa Luz','dianaluz134@gmail.com','910001312','2018-12-31','2019-01-01',1,0,'279','Quarto Duplo Conforto','room','2018-12-26 16:09:03','2018-12-26 16:09:03',NULL),
	(861,'pt','Graça Ferreira','gracamariaferreira@live.com','918398476','2018-12-27','2018-12-28',2,0,'139','Pack Massagem','pack','2018-12-27 00:49:31','2018-12-27 00:49:31',NULL),
	(862,'pt','carla Guimaraes','carlaguima@gmail.com','933213629','2018-12-29','2018-12-30',2,0,'126','Pack Romântico','pack','2018-12-27 12:16:11','2018-12-27 12:16:11',NULL),
	(863,'pt','António Pedro Gonçalves Moreira','apgmore@gmail.com','963891090','2019-01-12','2019-01-13',2,0,'139','Pack Massagem','pack','2018-12-27 17:41:29','2018-12-27 17:41:29',NULL),
	(864,'pt','isern luc','lucisern52@gmail.com','917661473','2018-12-31','2019-01-01',2,0,'0','Pack Adoráveis 60','pack','2018-12-28 18:45:03','2018-12-28 18:45:03',NULL),
	(865,'pt','Beatriz Ângelo','beatrizmariafigueiredo1@gmail.com','926043496','2019-02-16','2019-02-17',2,0,'73','Quarto Duplo Superior com Varanda e Vista Mar (parcial)','room','2018-12-28 21:20:45','2018-12-28 21:20:45',NULL),
	(866,'pt','Margarida','margaridadnd@gmail.com','918970558','2018-12-30','2019-01-01',1,0,'377','Quarto Duplo Superior com Varanda e Vista Mar (parcial)','room','2018-12-29 10:37:05','2018-12-29 10:37:05',NULL),
	(867,'pt','maria','thebapart@gmail.com','00351914622523','2018-12-30','2019-01-01',1,0,'362','Quarto Twin Conforto','room','2018-12-29 11:28:25','2018-12-29 11:28:25',NULL),
	(868,'pt','Joana Marques','joanapaulamarquespaeta@gmail.com','935764957','2019-01-05','2019-01-06',2,0,'126','Pack Romântico','pack','2018-12-29 18:30:30','2018-12-29 18:30:30',NULL),
	(869,'pt','Ângela Marina Alves David','aga55.55@gmail.com','913383569','2018-12-30','2018-12-31',2,0,'139','Pack Massagem','pack','2018-12-30 13:39:14','2018-12-30 13:39:14',NULL),
	(870,'pt','Cláudia Batista','batista.claudia@gmail.com','933171497','2019-01-02','2019-01-04',2,0,'128','Quarto Duplo Conforto','room','2018-12-31 00:30:16','2018-12-31 00:30:16',NULL),
	(871,'en','TERESA XAVIER','txavier63@hotmail.com','914043668','2019-01-04','2019-01-06',1,0,'102','Single Comfort Room','room','2019-01-01 14:28:43','2019-01-01 14:28:43',NULL),
	(872,'en','Flo','jd3i65@gmail.com','+491622511877','2019-01-01','2019-01-02',2,0,'73','Double Superior Room with Balcony and Partial Sea View','room','2019-01-01 15:03:51','2019-01-01 15:03:51',NULL),
	(873,'pt','Angela Bruno','santosangela86@gmail.com','962589128','2019-01-09','2019-01-10',2,0,'64','Quarto Duplo Conforto','room','2019-01-01 18:35:27','2019-01-01 18:35:27',NULL),
	(874,'pt','Andreia Silva','andreia.c.silva@icloud.com','936740743','2019-01-04','2019-01-05',1,0,'104','Suite com Vista Piscina','room','2019-01-02 21:00:12','2019-01-02 21:00:12',NULL),
	(875,'pt','André Moreno','andre.nmoreno@gmail.com','917600225','2019-01-12','2019-01-13',2,0,'126','Pack Romântico','pack','2019-01-03 14:03:35','2019-01-03 14:03:35',NULL),
	(876,'pt','Mauro tiago conde Crachat','Maurocrachat@Gmail.com','925477356','2019-01-06','2019-01-07',2,0,'64','Quarto Duplo Conforto','room','2019-01-03 15:42:01','2019-01-03 15:42:01',NULL),
	(877,'pt','Patricia','patricia_a_silva69@hotmail.com','935998822','2019-01-12','2019-01-13',2,0,'73','Quarto Duplo Superior com Varanda e Vista Mar (parcial)','room','2019-01-04 01:03:32','2019-01-04 01:03:32',NULL),
	(878,'pt','Ana','anagraca72@gmail.com','962844252','2019-02-10','2019-02-11',2,0,'64','Quarto Duplo Conforto','room','2019-01-04 08:15:46','2019-01-04 08:15:46',NULL),
	(879,'pt','Emanuel Costa','emanuelxisto@sapo.pt','969658867','2019-01-04','2019-01-05',2,1,'99','Quarto Familiar','room','2019-01-04 11:51:58','2019-01-04 11:51:58',NULL),
	(880,'pt','Fábio carvalho','miguelcarvalho2403@gmail.com','912918791','2019-01-08','2019-01-09',2,0,'64','Quarto Duplo Conforto','room','2019-01-04 20:59:49','2019-01-04 20:59:49',NULL),
	(881,'en','Sara Turnbull','sara@workwild.space','+447972103996','2019-01-07','2019-01-11',1,0,'204','Single Comfort Room','room','2019-01-04 21:43:24','2019-01-04 21:43:24',NULL),
	(882,'pt','Sofia','joana.sofia.bras@gmail.com','964291948','2019-01-12','2019-01-13',2,0,'139','Pack Massagem','pack','2019-01-04 22:03:40','2019-01-04 22:03:40',NULL),
	(883,'pt','Inês César','ines.carapinha@hotmail.com','926428734','2019-02-16','2019-02-17',2,0,'126','Pack Romântico','pack','2019-01-05 11:28:37','2019-01-05 11:28:37',NULL),
	(884,'pt','Antonio Batalha','antonio.batalha@gmail.com','968717337','2019-01-05','2019-01-06',2,0,'64','Quarto Duplo Conforto','room','2019-01-05 14:17:22','2019-01-05 14:17:22',NULL),
	(885,'en','Nina Anik Raduner','nina.raduner@hotmail.com','0796546163','2019-01-10','2019-01-12',1,0,'102','Single Comfort Room','room','2019-01-05 15:29:56','2019-01-05 15:29:56',NULL),
	(886,'pt','Lara','larav_carvalho@hotmail.com','968736097','2019-01-26','2019-01-27',2,0,'126','Pack Romântico','pack','2019-01-05 16:48:44','2019-01-05 16:48:44',NULL),
	(887,'pt','Maria Moreira','maria.port68@yahoo.com','938569041','2019-01-12','2019-01-13',2,0,'73','Quarto Duplo Superior com Varanda e Vista Mar (parcial)','room','2019-01-05 16:58:05','2019-01-05 16:58:05',NULL),
	(888,'en','Mark Gassmann','markgassmann@gmail.com','0041793960990','2019-01-06','2019-01-09',1,0,'153','Single Comfort Room','room','2019-01-05 22:16:57','2019-01-05 22:16:57',NULL),
	(889,'pt','Joana','joanario@gmail.com','00351214913431','2019-01-12','2019-01-13',2,0,'139','Pack Massagem','pack','2019-01-06 13:41:06','2019-01-06 13:41:06',NULL),
	(890,'en','PHILIPPON','pascal.maryline@live.fr','674178201','2019-05-29','2019-06-15',2,0,'1547','Double Superior Room with Terrace and Partial Sea View','room','2019-01-06 17:46:13','2019-01-06 17:46:13',NULL),
	(891,'en','PHILIPPON','pascal.maryline@live.fr','674178201','2019-05-29','2019-06-15',2,0,'1547','Double Superior Room with Terrace and Partial Sea View','room','2019-01-06 17:46:16','2019-01-06 17:46:16',NULL),
	(892,'pt','PAULA DIAS','PCPD1975@GMAIL.COM','966286896','2019-01-18','2019-01-20',2,1,'198','Quarto Familiar','room','2019-01-06 18:47:44','2019-01-06 18:47:44',NULL),
	(893,'pt','Raquel Guerreiro','raquelguerreiro17797@gmail.com','932277923','2019-02-15','2019-02-17',2,0,'128','Quarto Duplo Conforto','room','2019-01-06 22:43:18','2019-01-06 22:43:18',NULL),
	(894,'en','Michal Frenkiel','michal.frenkiel@gmail.com','972526201111','2019-04-19','2019-04-22',1,0,'219','Double Superior Room with Balcony and Partial Sea View','room','2019-01-07 07:26:50','2019-01-07 07:26:50',NULL),
	(895,'pt','Mafalda Teixeira','mafalda_o@hotmail.com','911007758','2019-02-02','2019-02-03',2,1,'99','Quarto Familiar','room','2019-01-07 21:39:05','2019-01-07 21:39:05',NULL),
	(896,'pt','Felix Sampaio','carlos.serra.m@gmail.com','915052965','2019-01-12','2019-01-13',2,0,'126','Pack Romântico','pack','2019-01-07 21:55:32','2019-01-07 21:55:32',NULL),
	(897,'pt','Rita Monteiro Ventura','ritamonteiroventura@gmail.com','918329521','2019-02-15','2019-02-17',2,0,'128','Quarto Duplo Conforto','room','2019-01-07 23:35:34','2019-01-07 23:35:34',NULL),
	(898,'pt','Maria Ines','maria_farias93@hotmail.com','966345241','2019-01-12','2019-01-13',2,0,'73','Quarto Duplo Superior com Varanda e Vista Mar (parcial)','room','2019-01-07 23:45:15','2019-01-07 23:45:15',NULL),
	(899,'pt','Nuno Verissimo','nunoeden@gmail.com','925600854','2019-01-12','2019-01-13',2,0,'139','Pack Massagem','pack','2019-01-08 11:06:54','2019-01-08 11:06:54',NULL),
	(900,'pt','Carla Oliveira','carla.oliveira@uab.pt','966126196','2019-01-09','2019-01-11',1,0,'146','Quarto Duplo Superior com Varanda e Vista Mar (parcial)','room','2019-01-08 23:44:24','2019-01-08 23:44:24',NULL),
	(901,'pt','Margarida Rodrigues','mlrodrigues@aeiou.pt','963315186','2019-02-09','2019-02-10',3,0,'99','Quarto Familiar','room','2019-01-09 09:13:42','2019-01-09 09:13:42',NULL),
	(902,'pt','Pedro Calçda','calcadinha@gmail.com','913883573','2019-01-25','2019-01-27',2,0,'128','Quarto Duplo Conforto','room','2019-01-09 11:08:06','2019-01-09 11:08:06',NULL),
	(903,'pt','Magda','maggirao29@gmail.com','966591573','2019-01-25','2019-01-27',1,0,'252','Pack Romântico','pack','2019-01-09 14:56:58','2019-01-09 14:56:58',NULL),
	(904,'pt','Sonia Marques','soniamarques987@gmail.com','+351968513347','2019-01-12','2019-01-13',2,1,'99','Quarto Familiar','room','2019-01-09 23:36:26','2019-01-09 23:36:26',NULL),
	(905,'pt','António Pedro Gonçalves Moreira','apgmore@gmail.com','963891090','2019-01-12','2019-01-13',2,0,'64','Quarto Duplo Conforto','room','2019-01-10 19:23:29','2019-01-10 19:23:29',NULL),
	(906,'pt','Guilherme','guilheralves92@gmail.com','915085909','2019-01-17','2019-01-19',1,0,NULL,'Pack Romântico','pack','2019-01-11 17:46:54','2019-01-11 17:46:54',NULL),
	(907,'pt','Guilherme Alves','guilheralves92@gmail.com','915085909','2019-01-17','2019-01-19',2,0,'182','Quarto Duplo Superior com Terraço e Vista Mar (parcial)','room','2019-01-11 17:55:33','2019-01-11 17:55:33',NULL),
	(908,'pt','Tania Moura','moura.tania@gmail.com','964252572','2019-01-27','2019-01-28',2,0,'64','Quarto Duplo Conforto','room','2019-01-12 12:13:26','2019-01-12 12:13:26',NULL),
	(909,'pt','Vitor Couto','vitorcouto88@sapo.pt','916566517','2019-01-18','2019-01-20',2,0,'128','Quarto Duplo Conforto','room','2019-01-12 18:50:58','2019-01-12 18:50:58',NULL),
	(910,'pt','Rute Santos luis','rute.luis86@gmail.com','911811052','2019-02-03','2019-02-04',2,0,'73','Quarto Duplo Superior com Varanda e Vista Mar (parcial)','room','2019-01-13 20:48:20','2019-01-13 20:48:20',NULL),
	(911,'pt','Mariana Pitta','mari-pitta@hotmail.com','965562815','2019-01-13','2019-01-14',2,0,'139','Pack Massagem','pack','2019-01-13 21:30:06','2019-01-13 21:30:06',NULL),
	(912,'pt','Mariana Pitta','mari-pitta@hotmail.com','965562815','2019-01-19','2019-01-20',2,0,'139','Pack Massagem','pack','2019-01-13 21:31:58','2019-01-13 21:31:58',NULL),
	(913,'pt','Beatriz Rocha','abeatrizrocha93@gmail.com','918370900','2019-02-16','2019-02-17',1,0,'126','Pack Romântico','pack','2019-01-13 22:21:24','2019-01-13 22:21:24',NULL),
	(914,'pt','Pedro Cruz','pcruz3336@gmail.com','968771938','2019-02-16','2019-02-17',2,0,'126','Pack Romântico','pack','2019-01-14 17:11:42','2019-01-14 17:11:42',NULL),
	(915,'pt','Luis Miguel Dias Feio','meo.luismiguel@gmail.com','961739401','2019-07-22','2019-07-28',1,0,'1194','Pack Romântico','pack','2019-01-14 18:27:29','2019-01-14 18:27:29',NULL),
	(916,'pt','Luis Miguel Dias Feio','meo.luismiguel@gmail.com','961739401','2019-07-22','2019-07-24',2,0,'396','Pack Massagem','pack','2019-01-14 18:31:30','2019-01-14 18:31:30',NULL),
	(917,'en','Elsa','elsa_policarpo@hotmail.com','964281282','2019-01-20','2019-01-22',1,0,'278','Massage Package','pack','2019-01-14 23:36:37','2019-01-14 23:36:37',NULL),
	(918,'pt','Rui da Silva','rusilva@sapo.pt','917722313','2019-03-02','2019-03-05',2,1,'297','Quarto Familiar','room','2019-01-15 11:47:45','2019-01-15 11:47:45',NULL),
	(919,'pt','Mónica Rebelo','monicasmrebelo@gmail.com','914396116','2019-01-19','2019-01-20',1,0,'126','Pack Romântico','pack','2019-01-15 13:22:43','2019-01-15 13:22:43',NULL),
	(920,'en','Markus Feldkamp','felde1@gmx.de','00491717421354','2019-09-27','2019-10-07',2,0,'910','Double Superior Room with Terrace and Partial Sea View','room','2019-01-15 19:14:21','2019-01-15 19:14:21',NULL),
	(921,'pt','Luis Filipe Tomás da Silva','luis_f_t_silva@hotmail.com','966853235','2019-03-02','2019-03-05',2,1,'297','Quarto Familiar','room','2019-01-15 20:31:18','2019-01-15 20:31:18',NULL),
	(922,'pt','Luis Filipe Tomás da Silva','luis_f_t_silva@hotmail.com','966853235','2019-03-02','2019-03-05',2,1,'297','Quarto Familiar','room','2019-01-15 20:31:19','2019-01-15 20:31:19',NULL),
	(923,'pt','Sonia','nunes.sonia@yahoo.fr','917784981','2019-02-16','2019-02-17',2,0,'126','Pack Romântico','pack','2019-01-15 22:23:44','2019-01-15 22:23:44',NULL),
	(924,'pt','Carlos','caitasimoes@gmail.com','933975262','2019-01-26','2019-01-27',2,0,'126','Pack Romântico','pack','2019-01-17 05:05:14','2019-01-17 05:05:14',NULL),
	(925,'pt','mafalda silva','mafaldamagalhaes1966@gmail.com','787974862','2019-01-26','2019-01-27',2,0,'126','Pack Romântico','pack','2019-01-17 05:06:45','2019-01-17 05:06:45',NULL),
	(926,'pt','Nélia','chambel.neli@gmail.com','966423300','2019-02-16','2019-02-17',1,0,'126','Pack Romântico','pack','2019-01-17 10:56:10','2019-01-17 10:56:10',NULL),
	(927,'pt','Ruben Pinho','rubenbatistapinho@gmail.com','964013568','2019-01-21','2019-01-22',2,0,'126','Pack Romântico','pack','2019-01-17 14:55:17','2019-01-17 14:55:17',NULL),
	(928,'pt','Helena Isabel G Medeiros','helena.goulart.medeiros@gmail.com','962987695','2019-02-16','2019-02-17',2,0,'139','Pack Massagem','pack','2019-01-18 15:36:24','2019-01-18 15:36:24',NULL),
	(929,'pt','Sónia Veloso','luis.duartegomes@sapo.pt','965590888','2019-01-26','2019-01-27',2,1,'99','Quarto Familiar','room','2019-01-18 15:44:04','2019-01-18 15:44:04',NULL),
	(930,'pt','Rita','ritasantos@hotmail.com','917854265','2019-01-26','2019-01-27',2,0,'139','Pack Massagem','pack','2019-01-18 16:56:32','2019-01-18 16:56:32',NULL),
	(931,'pt','Sónia Silva','sonia.j.silva@sapo.pt','964117516','2019-03-16','2019-03-17',2,0,'126','Pack Romântico','pack','2019-01-18 18:16:37','2019-01-18 18:16:37',NULL),
	(932,'pt','flavio','tavares.fb@gmail.com','5531991427302','2019-06-21','2019-06-23',1,0,'158','Quarto Individual Conforto','room','2019-01-18 20:21:08','2019-01-18 20:21:08',NULL),
	(933,'pt','Alexandre Manuel Salazar de Sousa Lemos','lexusalazar@gmail.com','919156597','2019-08-13','2019-08-21',2,1,'1192','Quarto Familiar','room','2019-01-18 22:57:06','2019-01-18 22:57:06',NULL),
	(934,'pt','Joana Lopes','jrpmplopes@gmail.com','926092725','2019-02-15','2019-02-17',2,0,'128','Quarto Duplo Conforto','room','2019-01-19 14:33:40','2019-01-19 14:33:40',NULL),
	(935,'pt','Joana Lopes','jrpmplopes@gmail.com','926092725','2019-02-15','2019-02-17',2,0,'128','Quarto Duplo Conforto','room','2019-01-19 14:33:42','2019-01-19 14:33:42',NULL),
	(936,'en','Blok','shannablok@gmail.com','31651764639','2019-05-09','2019-05-10',1,0,'73','Double Superior Room with Balcony and Partial Sea View','room','2019-01-19 16:33:42','2019-01-19 16:33:42',NULL),
	(937,'pt','Ruth Bettencourt','sorb2003@yahoo.de','+4923776072','2019-04-07','2019-04-11',2,0,'292','Quarto Duplo Superior com Varanda e Vista Mar (parcial)','room','2019-01-19 18:00:26','2019-01-19 18:00:26',NULL),
	(938,'pt','Sofia','sofiagordinho@gmail.com','962345004','2019-03-02','2019-03-05',2,1,'297','Quarto Familiar','room','2019-01-19 23:54:51','2019-01-19 23:54:51',NULL),
	(939,'pt','Vítor Caseiro','frutariadavila@sapo.pt','965704960','2019-03-01','2019-03-03',2,0,'252','Pack Romântico','pack','2019-01-20 14:24:35','2019-01-20 14:24:35',NULL),
	(940,'pt','Catarina','cjoanac@gmail.com','912566800','2019-02-15','2019-02-17',1,0,'146','Quarto Duplo Superior com Varanda e Vista Mar (parcial)','room','2019-01-20 17:33:14','2019-01-20 17:33:14',NULL),
	(941,'pt','Antonio Barbosa','apnbarbosa@gmail.com','934777880','2019-01-25','2019-01-27',2,0,'146','Quarto Duplo Superior com Varanda e Vista Mar (parcial)','room','2019-01-21 12:21:42','2019-01-21 12:21:42',NULL),
	(942,'pt','Rita Correia dos Santos','rita.correiadossantos@hotmail.com','918295136','2019-02-09','2019-02-10',1,0,'139','Pack Massagem','pack','2019-01-21 14:44:05','2019-01-21 14:44:05',NULL),
	(943,'pt','Marco Coelho','marco.coelho@jhcoelho.pt','351919956913','2019-07-03','2019-07-07',2,1,'596','Quarto Familiar','room','2019-01-21 18:09:28','2019-01-21 18:09:28',NULL),
	(944,'pt','Sílvia Silva','silviasrsilva@gmail.com','914167674','2019-01-28','2019-01-29',2,0,'139','Pack Massagem','pack','2019-01-21 22:59:04','2019-01-21 22:59:04',NULL),
	(945,'pt','Rosario Santos','rosario.santos@danone.com','919620451','2019-02-02','2019-02-03',1,0,'91','Quarto Duplo Superior com Terraço e Vista Mar (parcial)','room','2019-01-23 16:12:29','2019-01-23 16:12:29',NULL),
	(946,'pt','Rosario Santos','rosario.santos@danone.com','919620451','2019-02-02','2019-02-03',1,0,'64','Quarto Duplo Conforto','room','2019-01-23 16:13:47','2019-01-23 16:13:47',NULL),
	(947,'en','isabelle fontaine','lesfontisa@gmail.com','783338504','2019-07-21','2019-07-23',2,0,'114','Double Superior Room with Balcony and Partial Sea View','room','2019-01-23 17:39:40','2019-01-23 17:39:40',NULL),
	(948,'pt','Miguel Pacheco','miguelpacheco.fisio@gmail.com','964486733','2019-03-09','2019-03-10',1,0,'73','Quarto Duplo Superior com Varanda e Vista Mar (parcial)','room','2019-01-24 00:16:09','2019-01-24 00:16:09',NULL),
	(949,'pt','Ana Tomás','ana.tomas@aig.com','916877135','2019-03-02','2019-03-05',1,1,'312','Suite com Vista Piscina','room','2019-01-24 11:46:27','2019-01-24 11:46:27',NULL),
	(950,'pt','Catarina Heleno','catarina_heleno@hotmail.com','913338651','2019-02-16','2019-02-17',2,0,'73','Quarto Duplo Superior com Varanda e Vista Mar (parcial)','room','2019-01-24 14:32:36','2019-01-24 14:32:36',NULL),
	(951,'pt','Joana Carreiro','joanalcarreiro@gmail.com','963785422','2019-03-30','2019-03-31',3,0,'99','Quarto Familiar','room','2019-01-24 18:48:57','2019-01-24 18:48:57',NULL),
	(952,'pt','Paulo Barros','Pbarros58@gmail.com','932334083','2019-04-12','2019-04-14',1,0,'102','Quarto Individual Conforto','room','2019-01-24 22:04:12','2019-01-24 22:04:12',NULL),
	(953,'pt','Nuno Vaz','nunovix@gmail.com','934066075','2019-02-16','2019-02-17',2,1,'99','Quarto Familiar','room','2019-01-25 01:46:27','2019-01-25 01:46:27',NULL),
	(954,'en','Chris Collingridge','ccollingridge@googlemail.com','+447970115186','2019-08-02','2019-08-03',1,2,'149','Family Room','room','2019-01-26 15:32:57','2019-01-26 15:32:57',NULL),
	(955,'en','LUIS INACIO','luis.m.s.inacio@sapo.pt','919395939','2019-02-15','2019-02-17',3,0,'198','Family Room','room','2019-01-26 22:30:55','2019-01-26 22:30:55',NULL),
	(956,'en','Victoria Beale','vickybeale@hotmail.com','+447966765606','2019-05-31','2019-06-01',2,0,'73','Double Superior Room with Balcony and Partial Sea View','room','2019-01-27 11:24:11','2019-01-27 11:24:11',NULL),
	(957,'pt','Lyvia Amaral','fplamaral@gmail.com','965889204','2019-02-15','2019-02-16',2,0,'139','Pack Massagem','pack','2019-01-27 12:42:05','2019-01-27 12:42:05',NULL),
	(958,'pt','Lyvia Amaral','fplamaral@gmail.com','965889204','2019-02-15','2019-02-16',2,0,'139','Pack Massagem','pack','2019-01-27 12:43:54','2019-01-27 12:43:54',NULL),
	(959,'en','Colin Ward','colin@deletetheweb.com','07792546591','2019-05-25','2019-06-01',2,1,'693','Family Room','room','2019-01-27 22:42:58','2019-01-27 22:42:58',NULL),
	(960,'pt','António Vieira','lindeza.custodio@gmail.com','966871833','2019-02-04','2019-02-06',2,0,'182','Quarto Duplo Superior com Terraço e Vista Mar (parcial)','room','2019-01-28 10:36:42','2019-01-28 10:36:42',NULL),
	(961,'en','Rúben','ruben.estevao@slingshot.pt','999999999','2019-07-21','2019-07-23',2,0,'228','Double Superior Room with Balcony and Partial Sea View','room','2019-01-28 10:47:30','2019-01-28 10:47:30',NULL),
	(962,'pt','Dorisa','dorisa_martins@msn.com','917407965','2019-02-02','2019-02-03',1,1,'99','Quarto Familiar','room','2019-01-28 12:36:26','2019-01-28 12:36:26',NULL),
	(963,'pt','Marina Ascenso','marinaascenso80@gmail.com','211584870','2019-04-20','2019-04-21',1,1,'64','Quarto Duplo Conforto','room','2019-01-28 12:51:23','2019-01-28 12:51:23',NULL),
	(964,'pt','Ângela','angelaarrais@gmail.com','939049141','2019-02-16','2019-02-17',2,0,'126','Pack Romântico','pack','2019-01-28 21:41:19','2019-01-28 21:41:19',NULL),
	(965,'pt','Ana Maçãs','ana.macas@gmail.com','966550788','2019-02-02','2019-02-03',1,0,NULL,'Quarto Duplo Superior com Varanda e Vista Mar (parcial)','room','2019-01-28 22:41:40','2019-01-28 22:41:40',NULL),
	(966,'pt','felipe antonio martinez castaño','felimarspain@gmail.com','003461787329','2019-03-01','2019-03-03',2,0,'146','Quarto Duplo Superior com Varanda e Vista Mar (parcial)','room','2019-01-29 07:14:35','2019-01-29 07:14:35',NULL),
	(967,'pt','Cristina Isabel carreira gil','Cristinagil_14@hotmail.com','912977476','2019-02-15','2019-02-17',2,0,'252','Pack Romântico','pack','2019-01-29 15:11:56','2019-01-29 15:11:56',NULL),
	(968,'pt','serantoni','idem.louis@yahoo.fr','969706276','2019-01-31','2019-02-01',1,0,'126','Pack Romântico','pack','2019-01-29 15:58:32','2019-01-29 15:58:32',NULL),
	(969,'pt','Fabio Ferreira','fabioscp_4@hotmail.com','914151314','2019-02-19','2019-02-20',2,0,'64','Quarto Duplo Conforto','room','2019-01-29 19:38:30','2019-01-29 19:38:30',NULL),
	(970,'en','Anna','ypelsinka@gmail.com','+35915810016','2019-02-12','2019-02-13',2,0,'139','Massage Package','pack','2019-01-29 20:29:40','2019-01-29 20:29:40',NULL),
	(971,'pt','Rui VInagreiro','rui.vinagreiro@gmail.com','917507308','2019-02-02','2019-02-03',1,0,'126','Pack Romântico','pack','2019-01-29 22:36:14','2019-01-29 22:36:14',NULL),
	(972,'pt','Manuela Nogueira','nogueiramanuela.p@gmail.com','913568771','2019-02-15','2019-02-16',2,0,'126','Pack Romântico','pack','2019-01-30 11:03:32','2019-01-30 11:03:32',NULL),
	(973,'en','Miguel Oliveira','miguel.eduardo.oliveira@gmail.com','915161772','2019-02-01','2019-02-03',2,0,'128','Double Comfort Room','room','2019-01-30 11:04:31','2019-01-30 11:04:31',NULL),
	(974,'pt','Cláudia Antunes','claudia_antuness@sapo.pt','917253474','2019-02-02','2019-02-03',2,0,'73','Quarto Duplo Superior com Varanda e Vista Mar (parcial)','room','2019-01-30 19:31:57','2019-01-30 19:31:57',NULL),
	(975,'pt','Helena','helenajustino@gmail.com','968631654','2019-02-22','2019-02-24',2,0,'278','Pack Massagem','pack','2019-01-31 15:24:09','2019-01-31 15:24:09',NULL),
	(976,'en','José Júlio Santos','jjdsantos@gmail.com','966554698','2019-02-23','2019-02-24',2,0,'139','Massage Package','pack','2019-01-31 21:31:21','2019-01-31 21:31:21',NULL),
	(977,'en','carlos silva','carlossilva172@aol.com','447305740463','2019-06-27','2019-07-06',2,0,'801','Double Comfort Room','room','2019-01-31 23:17:31','2019-01-31 23:17:31',NULL),
	(978,'pt','José António Santos','joseantoniomsantos@gmail.com','967034299','2019-02-14','2019-02-17',1,0,'219','Quarto Duplo Superior com Varanda e Vista Mar (parcial)','room','2019-02-01 09:10:25','2019-02-01 09:10:25',NULL),
	(979,'en','Ines Vareta','inesvareta@gmail.com','911897074','2019-02-02','2019-02-03',2,0,'126','Romantic Package','pack','2019-02-01 12:52:53','2019-02-01 12:52:53',NULL),
	(980,'en','yolanda','ysanders21@outlook.com','3156405551','2019-06-27','2019-07-06',2,0,'801','Double Comfort Room','room','2019-02-01 19:19:05','2019-02-01 19:19:05',NULL),
	(981,'pt','Nuno Almeida','nasa72@gmail.com','964374934','2019-03-04','2019-03-05',3,0,'99','Quarto Familiar','room','2019-02-01 20:00:58','2019-02-01 20:00:58',NULL),
	(982,'en','van der velde','catrin@van-der-velde.de','4942116984535','2019-03-21','2019-03-25',1,0,'292','Double Superior Room with Balcony and Partial Sea View','room','2019-02-01 20:01:29','2019-02-01 20:01:29',NULL),
	(983,'pt','Joana Filipa Lopes Fradinho','joana_fradinho@msn.com','933028396','2019-02-13','2019-02-15',1,0,'252','Pack Romântico','pack','2019-02-01 21:25:54','2019-02-01 21:25:54',NULL),
	(984,'pt','Nuno','nunogdias@gmail.com','936710033','2019-02-09','2019-02-10',2,0,'139','Pack Massagem','pack','2019-02-02 01:03:13','2019-02-02 01:03:13',NULL),
	(985,'pt','Pedro Cruz','pcruz3336@gmail.com','968771938','2019-02-16','2019-02-17',2,0,'126','Pack Romântico','pack','2019-02-02 03:02:46','2019-02-02 03:02:46',NULL),
	(986,'pt','David Noivo Gomes','davidct1@hotmail.com','964341591','2019-02-16','2019-02-17',2,0,'126','Pack Romântico','pack','2019-02-02 10:43:28','2019-02-02 10:43:28',NULL),
	(987,'pt','Patrick Guerreiro','joana-santos-teixeira@hotmail.com','938448898','2019-03-09','2019-03-10',2,0,'139','Pack Massagem','pack','2019-02-02 22:27:34','2019-02-02 22:27:34',NULL),
	(988,'pt','francisco jesus','francisco.branco.jesus@gmail.com','912202121','2019-02-16','2019-02-17',2,0,'64','Quarto Duplo Conforto','room','2019-02-03 11:49:23','2019-02-03 11:49:23',NULL),
	(989,'pt','Vanessa Moura','mouravanessa3@gmail.com','915940870','2019-02-16','2019-02-17',1,0,'104','Suite com Vista Piscina','room','2019-02-03 14:51:58','2019-02-03 14:51:58',NULL),
	(990,'pt','Ana Rita Almeida Silva','sun833@outlook.pt','911103935','2019-02-14','2019-02-15',2,0,'126','Pack Romântico','pack','2019-02-03 16:26:11','2019-02-03 16:26:11',NULL),
	(991,'pt','João Quinta','joao.m.s.quinta@hotmail.com','933584664','2019-02-17','2019-02-18',2,0,'64','Quarto Duplo Conforto','room','2019-02-03 23:46:20','2019-02-03 23:46:20',NULL),
	(992,'pt','francisco jesus','francisco.branco.jesus@gmail.com','912202121','2019-03-02','2019-03-03',1,0,'74','Quarto Duplo Conforto','room','2019-02-04 21:30:32','2019-02-04 21:30:32',NULL),
	(993,'pt','Marco Tomé','tomemarco85@gmail.com','+351 0925625620','2019-02-11','2019-02-13',1,0,'146','Quarto Duplo Superior com Varanda e Vista Mar (parcial)','room','2019-02-04 22:03:30','2019-02-04 22:03:30',NULL),
	(994,'pt','Mariana','mariana.v.ribeiro@gmail.com','916457533','2019-02-28','2019-03-01',2,0,'64','Quarto Duplo Conforto','room','2019-02-05 01:40:31','2019-02-05 01:40:31',NULL),
	(995,'pt','Hugo João Felgueiras Antas','hugojfantas@gmail.com','961794328','2019-02-19','2019-02-20',2,0,'73','Quarto Duplo Superior com Varanda e Vista Mar (parcial)','room','2019-02-05 10:12:10','2019-02-05 10:12:10',NULL),
	(996,'en','Claudia Kapuy','claudia@kapuy.de','+491729891620','2019-08-06','2019-08-07',2,1,'149','Family Room','room','2019-02-05 11:51:26','2019-02-05 11:51:26',NULL),
	(997,'en','Claudia Kapuy','claudia@kapuy.de','+491729891620','2019-08-06','2019-08-07',2,0,'94','Twin Comfort Room','room','2019-02-05 11:57:00','2019-02-05 11:57:00',NULL),
	(998,'pt','nuno barreto','nbarreto@ua.pt','+351926477171','2019-02-23','2019-02-24',2,1,'109','Quarto Familiar','room','2019-02-05 16:16:21','2019-02-05 16:16:21',NULL),
	(999,'pt','Ana Rita Baltazar','ritabaltazar2605@gmail.com','916074777','2019-02-23','2019-02-24',2,0,'74','Quarto Duplo Conforto','room','2019-02-06 02:45:52','2019-02-06 02:45:52',NULL),
	(1000,'pt','Nuno Barreto','nbarreto@ua.pt','926477171','2019-03-02','2019-03-03',1,2,'109','Quarto Familiar','room','2019-02-06 09:42:05','2019-02-06 09:42:05',NULL),
	(1001,'pt','Carlos Miranda','carlos.gaspar2011@gmail.com','966234340','2019-02-28','2019-03-03',2,0,'202','Quarto Duplo Conforto','room','2019-02-06 09:45:37','2019-02-06 09:45:37',NULL),
	(1002,'pt','Pedro Cruz','pcruz3336@gmail.com','968771938','2019-02-23','2019-02-24',2,0,'136','Pack Romântico','pack','2019-02-06 12:44:16','2019-02-06 12:44:16',NULL),
	(1003,'pt','Luís Cruz','canalizacruz@sapo.pt','918295859','2019-02-23','2019-02-24',2,0,'136','Pack Romântico','pack','2019-02-06 13:18:26','2019-02-06 13:18:26',NULL),
	(1004,'pt','Manuela Chaves','nela_chaves@hotmail.com','963553508','2019-02-13','2019-02-15',1,0,'128','Quarto Duplo Conforto','room','2019-02-06 15:04:42','2019-02-06 15:04:42',NULL),
	(1005,'pt','paulo moradas','xynmoradas@gmail.com','913436328','2019-02-16','2019-02-17',2,0,'149','Pack Massagem','pack','2019-02-06 18:01:16','2019-02-06 18:01:16',NULL),
	(1006,'pt','Cláudia Antunes','claudia_antuness@sapo.pt','917253474','2019-02-09','2019-02-10',2,0,'74','Quarto Duplo Conforto','room','2019-02-06 19:16:56','2019-02-06 19:16:56',NULL),
	(1007,'pt','Diogo Alves','diogo20199621@gmail.com','966360594','2019-02-24','2019-02-28',2,0,'292','Quarto Duplo Superior com Varanda e Vista Mar (parcial)','room','2019-02-06 20:12:45','2019-02-06 20:12:45',NULL),
	(1008,'pt','Miguel Coelho','mikejcoelho@gmail.com','918261310','2019-03-02','2019-03-03',1,1,'74','Quarto Duplo Conforto','room','2019-02-06 20:24:12','2019-02-06 20:24:12',NULL),
	(1009,'pt','miguel coelho','mikejcoelho@mail.com','918261310','2019-03-04','2019-03-05',1,1,'64','Quarto Duplo Conforto','room','2019-02-06 20:25:58','2019-02-06 20:25:58',NULL),
	(1010,'pt','miguel Coelho','mikejcoelho@gmail.com','918261310','2019-03-04','2019-03-05',1,1,'64','Quarto Duplo Conforto','room','2019-02-06 20:41:03','2019-02-06 20:41:03',NULL),
	(1011,'en','João Manuel Ramos Grilo Madeira','grilomadeira@gmail.com','962035449','2019-02-08','2019-02-09',2,0,'64','Double Comfort Room','room','2019-02-06 20:42:09','2019-02-06 20:42:09',NULL),
	(1012,'pt','Ana Carola','amartacarola@gmail.com','912369716','2019-02-17','2019-02-18',2,0,'64','Quarto Duplo Conforto','room','2019-02-07 08:17:45','2019-02-07 08:17:45',NULL),
	(1013,'pt','Bruno Saramago','bsaramago@hotmail.com','913244850','2019-02-22','2019-02-23',2,0,'126','Pack Romântico','pack','2019-02-07 12:03:09','2019-02-07 12:03:09',NULL),
	(1014,'en','muller','gerald.muller@georgfischer.com','0792194910','2019-03-19','2019-03-21',1,0,'146','Double Superior Room with Balcony and Partial Sea View','room','2019-02-07 15:35:06','2019-02-07 15:35:06',NULL),
	(1015,'pt','Patricia Petronilho','patricia.petronilho.86@gmail.com','916528662','2019-02-07','2019-02-08',2,0,'64','Quarto Duplo Conforto','room','2019-02-07 17:14:35','2019-02-07 17:14:35',NULL),
	(1016,'pt','Patricia Petronilho','patricia.petronilho.86@gmail.com','916528662','2019-02-08','2019-02-09',2,0,'64','Quarto Duplo Conforto','room','2019-02-07 17:18:09','2019-02-07 17:18:09',NULL),
	(1017,'pt','Miguel Verhaegen','miguel.verhaegen@rabelo.be','0032497576153','2019-02-07','2019-02-08',2,1,'99','Quarto Familiar','room','2019-02-07 18:50:55','2019-02-07 18:50:55',NULL),
	(1018,'pt','Rafaela silva','rafaela.silva@sapo.pt','962696456','2019-03-01','2019-03-02',1,0,'139','Pack Massagem','pack','2019-02-08 09:41:03','2019-02-08 09:41:03',NULL),
	(1019,'pt','Bruno Sol','bruno_sol_1@hotmail.com','916296381','2019-02-15','2019-02-16',2,0,'149','Pack Massagem','pack','2019-02-08 11:01:25','2019-02-08 11:01:25',NULL),
	(1020,'en','Gudrun Krönig Hess','gudireisen@bluewin.ch','+4915751201165','2019-02-14','2019-02-16',2,0,'156','Double Superior Room with Balcony and Partial Sea View','room','2019-02-08 17:56:05','2019-02-08 17:56:05',NULL),
	(1021,'pt','Liliana Coelho','piramidedosucesso@sapo.pt','962313918','2019-02-12','2019-02-13',2,0,'64','Quarto Duplo Conforto','room','2019-02-09 12:03:44','2019-02-09 12:03:44',NULL),
	(1022,'pt','FILIPA MATOS','FILIPAITM@GMAIL.COM','919900994','2019-02-09','2019-02-10',1,0,'74','Quarto Duplo Conforto','room','2019-02-09 13:36:12','2019-02-09 13:36:12',NULL),
	(1023,'pt','FILIPA MATOS','FILIPAITM@GMAIL.COM','919900994','2019-02-09','2019-02-10',1,0,'74','Quarto Duplo Conforto','room','2019-02-09 13:43:51','2019-02-09 13:43:51',NULL),
	(1024,'pt','FILIPA MATOS','FILIPAITM@GMAIL.COM','919900994','2019-02-09','2019-02-10',1,0,'74','Quarto Duplo Conforto','room','2019-02-09 13:48:30','2019-02-09 13:48:30',NULL),
	(1025,'pt','Fabio Carvalho','miguelcarvalho2403@gmail.com','960 417 474','2019-02-14','2019-02-15',2,0,'64','Quarto Duplo Conforto','room','2019-02-09 20:44:43','2019-02-09 20:44:43',NULL),
	(1026,'pt','Paula Valente','paulavalente46@gmail.com','0','2019-02-16','2019-02-17',2,0,'74','Quarto Duplo Conforto','room','2019-02-10 00:55:57','2019-02-10 00:55:57',NULL),
	(1027,'en','Gourav','gouravgyl@yahoo.com','351932788856','2019-02-16','2019-02-17',2,0,'88','Twin Comfort Room','room','2019-02-10 08:36:31','2019-02-10 08:36:31',NULL),
	(1028,'pt','Renata Santos','rcalmeidasantos@gmail.com','912086402','2019-02-11','2019-02-12',1,0,'139','Pack Massagem','pack','2019-02-10 14:13:40','2019-02-10 14:13:40',NULL),
	(1029,'pt','Miguel Serra','miguelministro97@gmail.com','914919646','2019-02-15','2019-02-16',2,0,'74','Quarto Duplo Conforto','room','2019-02-10 18:15:13','2019-02-10 18:15:13',NULL),
	(1030,'pt','João Artur Santos','joaoartur23@gmail.com','968081201','2019-03-03','2019-03-06',2,0,'229','Quarto Duplo Superior com Varanda e Vista Mar (parcial)','room','2019-02-10 20:19:46','2019-02-10 20:19:46',NULL),
	(1031,'pt','Nelson Rodrigues','ncrodrigues71@gmail.com','918688568','2019-02-22','2019-02-24',2,0,'288','Pack Massagem','pack','2019-02-11 12:00:36','2019-02-11 12:00:36',NULL),
	(1032,'pt','Joana Alves','joana.alves_93@hotmail.com','968085688','2019-02-11','2019-02-13',2,0,'128','Quarto Duplo Conforto','room','2019-02-11 16:24:43','2019-02-11 16:24:43',NULL),
	(1033,'pt','Fabiana','vendraminifabiana@gmail.com','011992882980','2019-02-22','2019-02-25',2,0,'427','Pack Massagem','pack','2019-02-11 22:24:27','2019-02-11 22:24:27',NULL),
	(1034,'pt','Rowman Sá','rowman.aps@gmail.com','913449930','2019-02-14','2019-02-15',2,0,'73','Quarto Duplo Superior com Varanda e Vista Mar (parcial)','room','2019-02-12 00:19:02','2019-02-12 00:19:02',NULL),
	(1035,'pt','Daniela Santos','danielasantos-7@hotmail.com','916985147','2019-02-17','2019-02-18',2,0,'64','Quarto Duplo Conforto','room','2019-02-12 00:19:53','2019-02-12 00:19:53',NULL),
	(1036,'en','Fabio Laranjeira','fabiolaranjeira.dev@gmail.com','965284418','2019-03-19','2019-03-20',2,0,'126','Romantic Package','pack','2019-02-12 12:21:25','2019-02-12 12:21:25',NULL),
	(1037,'pt','Mihai Ticu','mihai.ticu@hotmail.com','918917804','2019-04-30','2019-05-01',2,0,'126','Pack Romântico','pack','2019-02-12 15:10:49','2019-02-12 15:10:49',NULL),
	(1038,'pt','Adriano Pereira','adrianodlp@hotmail.com','913409641','2019-02-25','2019-02-26',1,0,'51','Quarto Individual Conforto','room','2019-02-12 15:24:51','2019-02-12 15:24:51',NULL),
	(1039,'pt','André Marques','andre.marquez0@gmail.com','927437842','2019-06-19','2019-06-22',2,0,'287','Quarto Duplo Conforto','room','2019-02-12 17:42:05','2019-02-12 17:42:05',NULL),
	(1040,'pt','Inês Nascimento','ineslealnascimento@gmail.com','927728668','2019-03-03','2019-03-05',1,0,'252','Pack Romântico','pack','2019-02-12 21:07:45','2019-02-12 21:07:45',NULL),
	(1041,'pt','Inês Nascimento','ineslealnascimento@gmail.com','927728668','2019-03-03','2019-03-05',1,0,'252','Pack Romântico','pack','2019-02-12 21:10:43','2019-02-12 21:10:43',NULL),
	(1042,'pt','Inês Nascimento','ineslealnascimento@gmail.com','927728668','2019-03-03','2019-03-05',1,0,'146','Quarto Duplo Superior com Varanda e Vista Mar (parcial)','room','2019-02-12 21:12:50','2019-02-12 21:12:50',NULL),
	(1043,'en','carlos alberto silva gomes','carlos.silcar@gmail.com','0621180021','2019-03-11','2019-03-13',2,0,'252','Romantic Package','pack','2019-02-12 21:51:25','2019-02-12 21:51:25',NULL),
	(1044,'pt','Maria Galego','maria.orlanda@gmail.com','967185589','2019-02-17','2019-02-18',2,0,'73','Quarto Duplo Superior com Varanda e Vista Mar (parcial)','room','2019-02-12 22:07:43','2019-02-12 22:07:43',NULL),
	(1045,'pt','Gerardo Rodrigues','gerardo@promusical.com','960072111','2019-03-02','2019-03-03',2,0,'149','Pack Massagem','pack','2019-02-13 10:04:19','2019-02-13 10:04:19',NULL),
	(1046,'pt','Hugo Pereira','hugo.menino@portugalmail.pt','911753544','2019-02-14','2019-02-15',2,0,'64','Quarto Duplo Conforto','room','2019-02-13 13:07:58','2019-02-13 13:07:58',NULL),
	(1047,'pt','Ines Nobre','inesnobre@hotmail.com','913450248','2019-02-16','2019-02-17',2,0,'136','Pack Romântico','pack','2019-02-13 14:51:41','2019-02-13 14:51:41',NULL),
	(1048,'pt','Filipa Andreia Capelão Morgado','filipandreiamorgado@gmail.com','963300075','2019-02-14','2019-02-15',2,0,'64','Quarto Duplo Conforto','room','2019-02-13 16:10:08','2019-02-13 16:10:08',NULL),
	(1049,'en','Fernando Augusto Campina Martins','f.campinamartins@gmail.com','911519318','2019-02-16','2019-02-17',2,0,'149','Massage Package','pack','2019-02-14 02:18:12','2019-02-14 02:18:12',NULL),
	(1050,'pt','Maria Santos','cduarte93@hotmail.com','917163123','2019-02-15','2019-02-17',1,2,'218','Quarto Familiar','room','2019-02-14 16:45:04','2019-02-14 16:45:04',NULL),
	(1051,'pt','Alice Martins','medical2645@gmail.com','914629410','2019-02-16','2019-02-17',1,0,'74','Quarto Duplo Conforto','room','2019-02-15 10:29:50','2019-02-15 10:29:50',NULL),
	(1052,'pt','Célia Fernandes','celia.mg.fernandes@gmail.com','967558515','2019-03-03','2019-03-05',1,0,'182','Quarto Duplo Superior com Terraço e Vista Mar (parcial)','room','2019-02-15 11:46:41','2019-02-15 11:46:41',NULL),
	(1053,'pt','Rita do Carmo','grafcarmo@gmail.com','926083080','2019-02-16','2019-02-17',1,2,'109','Quarto Familiar','room','2019-02-15 11:48:04','2019-02-15 11:48:04',NULL),
	(1054,'en','Vania','vaniafmarques.85@gmail.com','916504682','2019-02-15','2019-02-16',1,0,'61','Single Comfort Room','room','2019-02-15 13:22:16','2019-02-15 13:22:16',NULL),
	(1055,'pt','Vania Marques','vaniafmarques.85@gmail.com','916504682','2019-02-15','2019-02-16',1,0,'88','Quarto Twin Conforto','room','2019-02-15 13:23:20','2019-02-15 13:23:20',NULL),
	(1056,'pt','Vania Marques','vaniafmarques.85@gmail.com','916504682','2019-02-15','2019-02-16',1,0,'61','Quarto Individual Conforto','room','2019-02-15 15:05:38','2019-02-15 15:05:38',NULL),
	(1057,'en','Vania Marques','vaniafmarques.85@gmail.com','916504682','2019-02-15','2019-02-16',1,0,'61','Single Comfort Room','room','2019-02-15 15:07:28','2019-02-15 15:07:28',NULL),
	(1058,'pt','Teste Slingshot','joao.ribeiro@slingshot.pt','147258369','2019-02-15','2019-02-16',1,0,'114','Suite com Vista Piscina','room','2019-02-15 15:08:45','2019-02-15 15:08:45',NULL),
	(1059,'en','Teste Slingshot En','joao.ribeiro@slingshot.pt','147258369','2019-02-15','2019-02-16',1,0,'114','Suite Swimming Pool View','room','2019-02-15 15:09:50','2019-02-15 15:09:50',NULL),
	(1060,'en','Ruben Teste','ruben.estevao@slingshot.pt','000000000','2019-02-15','2019-02-16',1,0,'74','Double Comfort Room','room','2019-02-15 15:11:39','2019-02-15 15:11:39',NULL),
	(1061,'pt','Rúben Estêvão','ruben.estevao@slingshot.pt','000000','2019-02-15','2019-02-16',1,0,'101','Quarto Duplo Superior com Terraço e Vista Mar (parcial)','room','2019-02-15 15:16:08','2019-02-15 15:16:08',NULL),
	(1062,'pt','Slingshot teste 2','catarina.antunes@slingshot.pt','00000000','2019-02-15','2019-02-16',1,0,'114','Suite com Vista Piscina','room','2019-02-15 15:29:03','2019-02-15 15:29:03',NULL),
	(1063,'en','Slingshot teste 2','catarina.antunes@slingshot.pt','00000000','2019-02-15','2019-02-16',1,0,'74','Double Comfort Room','room','2019-02-15 15:29:50','2019-02-15 15:29:50',NULL),
	(1064,'pt','Slingshot teste 2','catarina.antunes@slingshot.pt','00000000','2019-02-15','2019-02-16',1,0,'114','Suite com Vista Piscina','room','2019-02-15 15:34:27','2019-02-15 15:34:27',NULL),
	(1065,'en','Slingshot teste 3','joao.ribeiro@slingshot.pt','147258369','2019-02-15','2019-02-16',1,0,'114','Suite Swimming Pool View','room','2019-02-15 16:13:43','2019-02-15 16:13:43',NULL),
	(1066,'pt','Joana Mota','joana_n_mota@hotmail.com','917040991','2019-02-16','2019-02-17',1,0,'83','Quarto Duplo Superior com Varanda e Vista Mar (parcial)','room','2019-02-15 21:42:14','2019-02-15 21:42:14',NULL),
	(1067,'pt','Hugo','hugopaulo106@gmail.com','914680355','2019-02-16','2019-02-17',2,0,'136','Pack Romântico','pack','2019-02-15 21:57:25','2019-02-15 21:57:25',NULL),
	(1068,'pt','Sofia Vieira','sofiakitty1@hotmail.com','927297701','2019-03-22','2019-03-23',2,0,'83','Quarto Duplo Superior com Varanda e Vista Mar (parcial)','room','2019-02-15 23:53:18','2019-02-15 23:53:18',NULL),
	(1069,'pt','Mafalda Magalhães','mafaldamagalhaes1966@gmail.com','787974862','2019-02-16','2019-02-17',1,0,'136','Pack Romântico','pack','2019-02-16 05:07:55','2019-02-16 05:07:55',NULL),
	(1070,'pt','Vania Marques','vaniafmarques.85@gmail.com','916504682','2019-02-16','2019-02-17',1,0,'83','Quarto Duplo Superior com Varanda e Vista Mar (parcial)','room','2019-02-16 08:46:08','2019-02-16 08:46:08',NULL),
	(1071,'en','Vania Marques','vaniafmarques.85@gmail.com','916504682','2019-02-16','2019-02-17',1,0,'88','Twin Comfort Room','room','2019-02-16 08:48:37','2019-02-16 08:48:37',NULL),
	(1072,'pt','Ana M Ricardo','anamricardo@gmail.com','914532269','2019-02-18','2019-02-20',2,0,'278','Pack Massagem','pack','2019-02-16 22:41:10','2019-02-16 22:41:10',NULL),
	(1073,'en','Evelyn McKinnie','e.mck@fireglow.co.uk','7884077278','2019-05-03','2019-05-05',1,0,'166','Double Superior Room with Balcony and Partial Sea View','room','2019-02-17 13:47:59','2019-02-17 13:47:59',NULL),
	(1074,'pt','Nuno Nascimento','nuno.nascimento@synergie.pt','938603200','2019-03-02','2019-03-03',2,0,'136','Pack Romântico','pack','2019-02-17 17:35:55','2019-02-17 17:35:55',NULL),
	(1075,'pt','Jorge Mendes','k7_shark@hotmail.com','917080665','2019-03-03','2019-03-04',2,0,'126','Pack Romântico','pack','2019-02-17 17:56:18','2019-02-17 17:56:18',NULL),
	(1076,'pt','Miguel Rosado','mrosado2119@gmail.com','910042555','2019-09-22','2019-09-23',2,0,'126','Pack Romântico','pack','2019-02-17 17:56:23','2019-02-17 17:56:23',NULL),
	(1077,'pt','Sandra Pinto','semifusa_@hotmail.com','932856864','2019-02-23','2019-02-24',2,0,'149','Pack Massagem','pack','2019-02-17 20:51:19','2019-02-17 20:51:19',NULL),
	(1078,'pt','João Santos','labpdb@gmail.com','936162677','2019-03-02','2019-03-03',2,0,'74','Quarto Duplo Conforto','room','2019-02-18 00:16:09','2019-02-18 00:16:09',NULL),
	(1079,'en','Nath','nathpub@hotmail.com','+33681234567','2019-05-06','2019-05-10',2,0,'312','Twin Comfort Room','room','2019-02-18 09:29:39','2019-02-18 09:29:39',NULL),
	(1080,'pt','Sofia Margarida Algarvio dos Remédios Salvado','sofia.salvado@gmail.com','963188985','2019-02-23','2019-02-24',2,0,'136','Pack Romântico','pack','2019-02-18 17:02:52','2019-02-18 17:02:52',NULL),
	(1081,'pt','Jessica Rodrigues Barbosa','jrb@ua.pt','914123672','2019-02-22','2019-02-24',1,0,'166','Quarto Twin Conforto','room','2019-02-18 18:54:12','2019-02-18 18:54:12',NULL),
	(1082,'pt','Márcio Seromenho','majs.net@outlook.pt','963380459','2019-02-23','2019-02-24',2,0,'83','Quarto Duplo Superior com Varanda e Vista Mar (parcial)','room','2019-02-18 19:16:03','2019-02-18 19:16:03',NULL),
	(1083,'pt','Ana Rita','anar.anarita@gmail.com','963908569','2019-05-18','2019-05-19',2,0,'136','Pack Romântico','pack','2019-02-19 11:14:55','2019-02-19 11:14:55',NULL),
	(1084,'pt','Cláudia Soares','clafesoares@hotmail.com','912889664','2019-03-02','2019-03-03',2,0,'74','Quarto Duplo Conforto','room','2019-02-19 13:53:22','2019-02-19 13:53:22',NULL),
	(1085,'pt','Tiago alves','trekuh@hotmail.com','964426105','2019-02-24','2019-02-26',1,0,'146','Quarto Duplo Superior com Varanda e Vista Mar (parcial)','room','2019-02-19 20:15:30','2019-02-19 20:15:30',NULL),
	(1086,'pt','Raquel','raquelj.spald@gmail.com','969586326','2019-02-23','2019-02-24',2,0,'74','Quarto Duplo Conforto','room','2019-02-19 23:32:25','2019-02-19 23:32:25',NULL),
	(1087,'pt','Marta Franco','martamartinsneves@hotmail.com','962255710','2019-02-22','2019-02-23',2,0,'64','Quarto Duplo Conforto','room','2019-02-20 12:04:53','2019-02-20 12:04:53',NULL),
	(1088,'en','Nuno Santos','nuno.santos.referee@gmail.com','936414889','2019-02-23','2019-02-24',2,0,'74','Double Comfort Room','room','2019-02-20 14:11:36','2019-02-20 14:11:36',NULL),
	(1089,'en','Troy Dinkel','troybdinkel@gmail.com','5188171060','2019-04-21','2019-04-22',2,1,'109','Family Room','room','2019-02-21 03:01:38','2019-02-21 03:01:38',NULL),
	(1090,'pt','Patrícia Catalão','patricia_catalao@yahoo.com','967789015','2019-03-02','2019-03-03',2,0,'83','Quarto Duplo Superior com Varanda e Vista Mar (parcial)','room','2019-02-21 14:57:49','2019-02-21 14:57:49',NULL),
	(1091,'pt','Bárbara Teixeira','barbarateixeiraraminhos@gmail.com','966757145','2019-04-18','2019-04-20',2,1,'218','Quarto Familiar','room','2019-02-21 19:24:05','2019-02-21 19:24:05',NULL),
	(1092,'pt','Luana Mota','luanamota233@gmail.com','966175396','2019-03-01','2019-03-02',2,0,'64','Quarto Duplo Conforto','room','2019-02-21 21:16:28','2019-02-21 21:16:28',NULL),
	(1093,'pt','Bruno Saramago','bsaramago@hotmail.com','913244851','2019-02-23','2019-02-24',2,0,'136','Pack Romântico','pack','2019-02-22 09:19:43','2019-02-22 09:19:43',NULL),
	(1094,'pt','Conchi Pérez','conchipepo@hotmail.com','+34669666810','2019-04-18','2019-04-21',1,0,'249','Quarto Duplo Superior com Varanda e Vista Mar (parcial)','room','2019-02-22 12:40:13','2019-02-22 12:40:13',NULL),
	(1095,'pt','Carlos Pereira','cpereira1967@gmail.com','919210722','2019-03-02','2019-03-03',2,0,'74','Quarto Duplo Conforto','room','2019-02-22 20:04:41','2019-02-22 20:04:41',NULL),
	(1096,'pt','Miguel Serrão','miguel.serrao@havasmg.com','00351932243090','2019-03-02','2019-03-05',1,0,'283','Quarto Duplo Superior com Terraço e Vista Mar (parcial)','room','2019-02-24 01:22:45','2019-02-24 01:22:45',NULL),
	(1097,'en','Liza Mirelman','lizamirelman351@gmail.com','00447720288778','2019-05-03','2019-05-05',2,0,'202','Double Superior Room with Terrace and Partial Sea View','room','2019-02-24 08:11:07','2019-02-24 08:11:07',NULL),
	(1098,'en','Arko','arko.miha@siol.net','0038641894003','2019-05-10','2019-05-12',2,0,'262','Romantic Package','pack','2019-02-24 14:21:50','2019-02-24 14:21:50',NULL),
	(1099,'pt','Joana Gonçalves','janitaraquelita@hotmail.com','966367046','2019-03-01','2019-03-02',3,0,'99','Quarto Familiar','room','2019-02-24 19:36:41','2019-02-24 19:36:41',NULL),
	(1100,'pt','Rita Nunes','ritann012@gmail.com','925067819','2019-03-02','2019-03-04',2,0,'156','Quarto Duplo Superior com Varanda e Vista Mar (parcial)','room','2019-02-24 20:48:51','2019-02-24 20:48:51',NULL),
	(1101,'en','Nayla Abou-Khalil','nayla.ak@gmail.com','07859416742','2019-05-25','2019-05-27',2,0,'138','Double Comfort Room','room','2019-02-24 21:21:45','2019-02-24 21:21:45',NULL),
	(1102,'pt','Jesus Antonio Garcia Garcia','susogarciagarcia@gmail.com','653042252','2019-04-14','2019-04-19',2,1,'505','Quarto Familiar','room','2019-02-25 10:58:56','2019-02-25 10:58:56',NULL),
	(1103,'en','dumont','dumontlu@free.fr','+679233428','2019-08-07','2019-08-16',1,2,'1351','Family Room','room','2019-02-25 22:24:09','2019-02-25 22:24:09',NULL),
	(1104,'en','dumont','dumontlu@free.fr','+679233428','2019-08-07','2019-08-16',1,2,'1351','Family Room','room','2019-02-25 22:25:15','2019-02-25 22:25:15',NULL),
	(1105,'pt','Ana Catarina Lopes de Oliveira','catarinalopesoliveira@hotmail.com','966530389','2019-03-16','2019-03-18',2,0,'156','Quarto Duplo Superior com Varanda e Vista Mar (parcial)','room','2019-02-25 23:18:29','2019-02-25 23:18:29',NULL),
	(1106,'pt','Hugo Alexandre','hugo_alexandre@live.com','918639573','2019-03-15','2019-03-16',2,0,'126','Pack Romântico','pack','2019-02-26 13:03:58','2019-02-26 13:03:58',NULL),
	(1107,'pt','Diana Vieira','diana_brancovieira@hotmail.com','966792944','2019-04-06','2019-04-07',2,0,'149','Pack Massagem','pack','2019-02-26 19:17:28','2019-02-26 19:17:28',NULL),
	(1108,'pt','josé fonseca','to_quel@hotmail.com','966966721','2019-03-01','2019-03-04',1,0,'307','Quarto Familiar','room','2019-02-26 20:00:43','2019-02-26 20:00:43',NULL),
	(1109,'pt','Manuel Jorge Barbosa Santos','manueljbsantos@gmail.com','919375454','2019-04-19','2019-04-22',3,0,'327','Quarto Familiar','room','2019-02-26 22:05:01','2019-02-26 22:05:01',NULL),
	(1110,'pt','hugo teixeira','hteixeira@netcabo.pt','917018690','2019-03-02','2019-03-04',1,1,'166','Quarto Twin Conforto','room','2019-02-26 23:37:30','2019-02-26 23:37:30',NULL),
	(1111,'pt','João','joaohmpbrajal@hotmail.com','919191706','2019-03-01','2019-03-03',1,0,'288','Pack Massagem','pack','2019-02-27 15:22:47','2019-02-27 15:22:47',NULL),
	(1112,'pt','Ana Margarida Bastos','annabastos487@gmail.com','910231013','2019-03-04','2019-03-05',2,0,'73','Quarto Duplo Superior com Varanda e Vista Mar (parcial)','room','2019-02-27 15:54:39','2019-02-27 15:54:39',NULL),
	(1113,'pt','well Hotel & Spa','fonseca.acp@hotmail.com','916458046','2019-03-01','2019-03-02',2,0,'73','Quarto Duplo Superior com Varanda e Vista Mar (parcial)','room','2019-02-27 17:11:22','2019-02-27 17:11:22',NULL),
	(1114,'pt','Ana','comoumadiva17@gmail.com','910231013','2019-03-04','2019-03-05',2,0,'73','Quarto Duplo Superior com Varanda e Vista Mar (parcial)','room','2019-02-27 22:21:17','2019-02-27 22:21:17',NULL),
	(1115,'en','broudic','broudicn@gmail.com','0668169925','2019-03-04','2019-03-05',2,0,NULL,'Double Superior Room with Balcony and Partial Sea View','room','2019-02-28 21:23:32','2019-02-28 21:23:32',NULL),
	(1116,'en','broudic','broudicn@gmail.com','0668169925','2019-03-04','2019-03-05',2,0,'73','Double Superior Room with Balcony and Partial Sea View','room','2019-02-28 21:24:36','2019-02-28 21:24:36',NULL),
	(1117,'en','broudic','broudicn@gmail.com','0668169925','2019-03-04','2019-03-05',1,0,'73','Double Superior Room with Terrace and Partial Sea View','room','2019-02-28 21:24:45','2019-02-28 21:24:45',NULL),
	(1118,'en','broudic','broudicn@gmail.com','0668169925','2019-03-04','2019-03-05',2,0,'91','Double Superior Room with Balcony and Partial Sea View','room','2019-02-28 21:25:01','2019-02-28 21:25:01',NULL),
	(1119,'en','broudic','broudicn@gmail.com','0668169925','2019-03-04','2019-03-05',2,0,'91','Double Superior Room with Balcony and Partial Sea View','room','2019-02-28 21:25:01','2019-02-28 21:25:01',NULL),
	(1120,'en','broudic','broudicn@gmail.com','0668169925','2019-03-04','2019-03-05',2,0,'73','Double Superior Room with Balcony and Partial Sea View','room','2019-02-28 21:25:06','2019-02-28 21:25:06',NULL),
	(1121,'en','broudic','broudicn@gmail.com','0668169925','2019-03-04','2019-03-05',2,0,'73','Double Superior Room with Balcony and Partial Sea View','room','2019-02-28 21:25:06','2019-02-28 21:25:06',NULL),
	(1122,'en','broudic','broudicn@gmail.com','0668169925','2019-03-04','2019-03-05',2,0,'73','Double Superior Room with Balcony and Partial Sea View','room','2019-02-28 21:25:06','2019-02-28 21:25:06',NULL),
	(1123,'en','broudic','broudicn@gmail.com','0668169925','2019-03-04','2019-03-05',2,0,'73','Double Superior Room with Balcony and Partial Sea View','room','2019-02-28 21:25:07','2019-02-28 21:25:07',NULL),
	(1124,'pt','qqq','qqq@aa.aa','222','2019-03-23','2019-03-24',1,0,'74','Quarto Duplo Conforto','room','2019-02-28 23:08:26','2019-02-28 23:08:26',NULL),
	(1125,'en','Diogo','diogo.s_66@hotmail.com','913790682','2019-03-23','2019-03-24',2,0,'74','Double Comfort Room','room','2019-03-01 19:36:56','2019-03-01 19:36:56',NULL),
	(1126,'pt','Claudia Quaresma','q.claudia@gmail.com','962921108','2019-03-04','2019-03-05',1,2,'99','Quarto Familiar','room','2019-03-03 18:53:58','2019-03-03 18:53:58',NULL),
	(1127,'pt','Mário Rui','mariu_rui@live.com','933379780','2019-03-03','2019-03-04',1,0,'64','Quarto Duplo Conforto','room','2019-03-03 21:53:57','2019-03-03 21:53:57',NULL),
	(1128,'pt','Inês Silva','ines.grs@gmail.com','917367121','2019-03-30','2019-03-31',2,0,'136','Pack Romântico','pack','2019-03-04 00:24:42','2019-03-04 00:24:42',NULL),
	(1129,'pt','Jorge Jacinto','jessyjacinto@gmail.com','916073184','2019-03-15','2019-03-17',2,0,'138','Quarto Duplo Conforto','room','2019-03-04 13:24:08','2019-03-04 13:24:08',NULL),
	(1130,'pt','Ana Rita Ferreira Dias','ana.rita.f.dias@gmail.com','934432383','2019-03-09','2019-03-10',2,0,'149','Pack Massagem','pack','2019-03-05 01:13:40','2019-03-05 01:13:40',NULL),
	(1131,'pt','Marc','marcsilvapinto@gmail.com','936923313','2019-03-24','2019-03-25',2,0,'139','Pack Massagem','pack','2019-03-05 11:52:40','2019-03-05 11:52:40',NULL),
	(1132,'pt','JOANA CATARINA FREIRE','jcsf89@gmail.com','968430448','2019-03-18','2019-03-20',1,0,'278','Pack Massagem','pack','2019-03-05 23:32:36','2019-03-05 23:32:36',NULL),
	(1133,'en','Rudy Salvador','rudysalvador@hotmail.com','641485577','2019-03-07','2019-03-08',3,0,'109','Family Room','room','2019-03-06 11:25:54','2019-03-06 11:25:54',NULL),
	(1134,'pt','diogo esteves','diogo.esteves.40376@gmail.com','961717905','2019-03-09','2019-03-10',2,0,'136','Pack Romântico','pack','2019-03-06 12:20:27','2019-03-06 12:20:27',NULL),
	(1135,'pt','Cátia Jesus','tfalacatiajesus@gmail.com','913446556','2019-03-09','2019-03-10',2,0,'136','Pack Romântico','pack','2019-03-06 12:36:41','2019-03-06 12:36:41',NULL),
	(1136,'pt','Liliana Santos','lilianapatriciatsantos@gmail.com','932293402','2019-03-09','2019-03-10',2,0,'136','Pack Romântico','pack','2019-03-06 14:43:43','2019-03-06 14:43:43',NULL),
	(1137,'pt','liliana','lilianarocha.t21@gmail.com','910493021','2019-03-29','2019-03-30',1,0,'139','Pack Massagem','pack','2019-03-06 15:00:46','2019-03-06 15:00:46',NULL),
	(1138,'pt','Vanda','diasvanda@sapo.pt','933266213','2019-03-15','2019-03-16',2,0,'139','Pack Massagem','pack','2019-03-06 19:48:15','2019-03-06 19:48:15',NULL),
	(1139,'pt','Isabel Conde','conde.isabel@gmail.com','939313104','2019-03-23','2019-03-24',2,0,'101','Quarto Duplo Superior com Terraço e Vista Mar (parcial)','room','2019-03-07 00:00:42','2019-03-07 00:00:42',NULL),
	(1140,'pt','Isabel Conde','conde.isabel@gmail.com','939313104','2019-03-23','2019-03-24',1,0,'83','Quarto Duplo Superior com Varanda e Vista Mar (parcial)','room','2019-03-07 00:09:30','2019-03-07 00:09:30',NULL),
	(1141,'pt','Miguel Silva','miguelmsilva@ua.pt','913138533','2019-03-08','2019-03-09',2,0,'136','Pack Romântico','pack','2019-03-07 03:08:08','2019-03-07 03:08:08',NULL),
	(1142,'pt','Karim Barros','karim.mdb@gmail.com','917020728','0001-12-31','1970-08-22',2,0,NULL,'Quarto Duplo Superior com Varanda e Vista Mar (parcial)','room','2019-03-07 10:53:11','2019-03-07 10:53:11',NULL),
	(1143,'pt','Rafael marques','marquesrafael403@gmail.com','910445092','2019-04-13','2019-04-14',2,0,'136','Pack Romântico','pack','2019-03-07 13:47:36','2019-03-07 13:47:36',NULL),
	(1144,'pt','Carina Inácio','carinacio@live.com.pt','916532578','2019-03-11','2019-03-12',2,0,'126','Pack Romântico','pack','2019-03-07 14:39:15','2019-03-07 14:39:15',NULL),
	(1145,'pt','Alinne Severo','alinne.severo@hotmail.com','933399632','2019-04-12','2019-04-14',1,0,'112','Quarto Individual Conforto','room','2019-03-07 17:13:46','2019-03-07 17:13:46',NULL),
	(1146,'pt','Alinne Severo','alinne.severo@hotmail.com','933399632','2019-04-12','2019-04-14',1,0,'112','Quarto Individual Conforto','room','2019-03-07 17:13:49','2019-03-07 17:13:49',NULL),
	(1147,'pt','Andre Gouveia','andregpgouveia@gmail.com','916180188','2019-03-07','2019-03-08',1,0,'61','Quarto Individual Conforto','room','2019-03-07 18:53:23','2019-03-07 18:53:23',NULL),
	(1148,'pt','Andre Gouveia','andregpgouveia@gmail.com','916180188','2019-03-15','2019-03-17',1,0,'112','Quarto Individual Conforto','room','2019-03-07 18:54:21','2019-03-07 18:54:21',NULL),
	(1149,'pt','Miguel Sousa','filipesousa.99@hotmail.com','966497224','2019-04-22','2019-04-23',2,0,'64','Quarto Duplo Conforto','room','2019-03-07 19:52:29','2019-03-07 19:52:29',NULL),
	(1150,'en','Gerrit','Gcderuiter@gmail.com','961013475','2019-04-10','2019-04-12',1,0,'208','Suite Swimming Pool View','room','2019-03-07 20:04:04','2019-03-07 20:04:04',NULL),
	(1151,'en','Gerrit','Gcderuiter@gmail.com','961013475','2019-03-07','2019-03-08',1,0,'136','Romantic Package','pack','2019-03-07 20:05:34','2019-03-07 20:05:34',NULL),
	(1152,'pt','Dina Rodrigues','dinareisrodrigues@gmail.com','962443933','2019-03-11','2019-03-12',2,1,'99','Quarto Familiar','room','2019-03-07 20:57:26','2019-03-07 20:57:26',NULL),
	(1153,'pt','Diogo Luzia','diogoluzia25@gmail.com','913722491','2019-03-16','2019-03-17',2,0,'114','Suite com Vista Piscina','room','2019-03-07 22:45:17','2019-03-07 22:45:17',NULL),
	(1154,'pt','Inês Margarida de Souza','ines.santosmp@gmail.com','924020356','2019-05-03','2019-05-05',2,0,'202','Quarto Duplo Superior com Terraço e Vista Mar (parcial)','room','2019-03-07 22:47:08','2019-03-07 22:47:08',NULL),
	(1155,'en','Paulo Lourenço','plourenco59@aol.com','+33637680273','2019-03-16','2019-03-17',2,0,'136','Romantic Package','pack','2019-03-07 22:50:31','2019-03-07 22:50:31',NULL),
	(1156,'pt','José Medina','rafael_jose97@hotmail.com','915392018','2019-03-25','2019-03-26',2,0,'126','Pack Romântico','pack','2019-03-07 23:37:08','2019-03-07 23:37:08',NULL),
	(1157,'pt','Filipa manuela Guimarães Veloso','filipa.m.veloso@hotmail.com','918134323','2019-04-24','2019-04-25',2,0,'126','Pack Romântico','pack','2019-03-08 00:25:33','2019-03-08 00:25:33',NULL),
	(1158,'pt','Ana Rita Teixeira Ribeiro','Rita88ribeiro@gmail.com','916569250','2019-03-21','2019-03-22',2,0,'126','Pack Romântico','pack','2019-03-08 00:35:15','2019-03-08 00:35:15',NULL),
	(1159,'pt','Ruben Manso','ruben_h09@hotmail.com','926874238','2019-03-16','2019-03-17',2,0,'136','Pack Romântico','pack','2019-03-08 07:47:12','2019-03-08 07:47:12',NULL),
	(1160,'pt','Cristiana Gaspar','krys-gaspar@hotmail.com','969313739','2019-04-05','2019-04-07',2,0,'262','Pack Romântico','pack','2019-03-08 07:54:11','2019-03-08 07:54:11',NULL),
	(1161,'pt','Ana Carolina Pombinho','carol.pombinha@hotmail.com','916270510','2019-06-08','2019-06-10',2,0,'148','Quarto Duplo Conforto','room','2019-03-08 13:51:01','2019-03-08 13:51:01',NULL),
	(1162,'pt','luis antonio','luispingas@hotmail.com','967755856','2019-03-12','2019-03-16',1,0,'204','Quarto Individual Conforto','room','2019-03-08 16:36:04','2019-03-08 16:36:04',NULL),
	(1163,'pt','Wulf','wulfvde@gmail.com','0653439592','2019-03-13','2019-03-17',2,0,'302','Quarto Duplo Superior com Varanda e Vista Mar (parcial)','room','2019-03-08 18:10:13','2019-03-08 18:10:13',NULL),
	(1164,'pt','Gonçalo Mendes','mendes1998@live.com.pt','962801829','2019-04-19','2019-04-21',2,0,'272','Pack Romântico','pack','2019-03-09 01:52:16','2019-03-09 01:52:16',NULL),
	(1165,'en','VERBAUWHEDE DIRK','verbauwhededirk@telenet.be','0032494441000','2019-05-31','2019-06-04',2,0,'374','Double Superior Room with Terrace and Partial Sea View','room','2019-03-09 10:02:08','2019-03-09 10:02:08',NULL),
	(1166,'pt','Ana Raquel Gonçalves Soledade','ana_rakel13@hotmail.com','925330042','2019-03-09','2019-03-10',2,0,'136','Pack Romântico','pack','2019-03-09 14:39:45','2019-03-09 14:39:45',NULL),
	(1167,'pt','Barbosa Carlota','carlota_marisa@hotmail.com','913341454','2019-03-16','2019-03-17',2,0,'83','Quarto Duplo Superior com Varanda e Vista Mar (parcial)','room','2019-03-09 15:36:49','2019-03-09 15:36:49',NULL),
	(1168,'pt','Rita Cipriano','ritacipriano@outlook.pt','933195783','2019-03-30','2019-03-31',2,0,'149','Pack Massagem','pack','2019-03-09 19:16:30','2019-03-09 19:16:30',NULL),
	(1169,'pt','Rita Cipriano','ritacipriano@outlook.pt','933195783','2019-03-30','2019-03-31',2,0,'136','Pack Romântico','pack','2019-03-09 19:17:33','2019-03-09 19:17:33',NULL),
	(1170,'pt','Francisco Ramos','kiko_ramos10@hotmail.com','969626408','2019-03-09','2019-03-10',2,0,'101','Quarto Duplo Superior com Terraço e Vista Mar (parcial)','room','2019-03-09 19:20:00','2019-03-09 19:20:00',NULL),
	(1171,'pt','Carlos Varela','carlos.leon86@hotmail.com','963473147','2019-04-05','2019-04-06',2,0,'126','Pack Romântico','pack','2019-03-09 22:35:56','2019-03-09 22:35:56',NULL),
	(1172,'pt','Ferreira Manuel','manuelf52@t-online.de','015127512187','2019-03-21','2019-03-22',2,0,'126','Pack Romântico','pack','2019-03-10 10:55:56','2019-03-10 10:55:56',NULL),
	(1173,'pt','Ruben','rsloes89@gmail.com','0041792075361','2019-06-24','2019-06-28',1,0,'536','Quarto Duplo Superior com Terraço e Vista Mar (parcial)','room','2019-03-10 15:29:58','2019-03-10 15:29:58',NULL),
	(1174,'pt','Ruben','rsloes89@gmail.com','0041792075361','2019-06-24','2019-06-28',1,0,'536','Quarto Duplo Superior com Terraço e Vista Mar (parcial)','room','2019-03-10 15:30:03','2019-03-10 15:30:03',NULL),
	(1175,'pt','Ruben Silva Lopes','rslopes89@gmail.com','0041792075361','2019-06-24','2019-06-28',2,0,'456','Quarto Duplo Superior com Varanda e Vista Mar (parcial)','room','2019-03-10 15:37:08','2019-03-10 15:37:08',NULL),
	(1176,'pt','Ana Isabel Rocha Cardoso','rocha1ana@hotmail.com','919830195','2019-04-27','2019-04-28',2,0,'136','Pack Romântico','pack','2019-03-10 17:14:01','2019-03-10 17:14:01',NULL),
	(1177,'pt','Salomé Rossana Santos','lounaneff@gmail.com','910700845','2019-03-16','2019-03-17',2,0,'136','Pack Romântico','pack','2019-03-10 20:20:01','2019-03-10 20:20:01',NULL),
	(1178,'pt','Sara Pereira','jupereira15021997@gmail.com','962539037','2019-03-16','2019-03-17',1,0,'114','Suite com Vista Piscina','room','2019-03-10 20:35:54','2019-03-10 20:35:54',NULL),
	(1179,'pt','Sara Pereira','jupereira15021997@gmail.com','962539037','2019-03-16','2019-03-17',2,0,'136','Pack Romântico','pack','2019-03-10 20:38:07','2019-03-10 20:38:07',NULL),
	(1180,'pt','PRISCILA CRESPI GARCIA','pricrespi@hotmail.com','51998007147','2019-06-21','2019-06-23',2,0,'288','Quarto Duplo Superior com Terraço e Vista Mar (parcial)','room','2019-03-11 03:05:12','2019-03-11 03:05:12',NULL),
	(1181,'pt','PRISCILA CRESPI GARCIA','pricrespi@hotmail.com','51998007147','2019-06-21','2019-06-23',1,0,'198','Quarto Duplo Conforto','room','2019-03-11 03:08:25','2019-03-11 03:08:25',NULL),
	(1182,'en','SELLAM Dan','dsellam01@gmail.com','+33695750416','2019-05-25','2019-05-27',1,0,'192','Double Superior Room with Terrace and Partial Sea View','room','2019-03-11 09:55:02','2019-03-11 09:55:02',NULL),
	(1183,'pt','Alvaro Eugenio Araujo','superjabue@gmail.com','963461228','2019-04-06','2019-04-07',1,0,'136','Pack Romântico','pack','2019-03-11 11:18:34','2019-03-11 11:18:34',NULL),
	(1184,'pt','Ana Martins Domingos','anacjmd78@gmail.com','961728675','2019-03-24','2019-03-25',2,1,'99','Quarto Familiar','room','2019-03-11 13:16:42','2019-03-11 13:16:42',NULL),
	(1185,'pt','José','zevarela@yahoo.com','964643761','2019-09-07','2019-09-08',1,0,'134','Quarto Duplo Superior com Terraço e Vista Mar (parcial)','room','2019-03-11 15:26:26','2019-03-11 15:26:26',NULL),
	(1186,'pt','silvia santos','santos.morgadinho@gmail.com','916495029','2019-03-16','2019-03-17',2,0,'83','Quarto Duplo Superior com Varanda e Vista Mar (parcial)','room','2019-03-11 15:53:28','2019-03-11 15:53:28',NULL),
	(1187,'pt','Gonçalo','som3d.cascais@gmail.com','918807438','2019-03-11','2019-03-12',1,0,'126','Pack Romântico','pack','2019-03-11 16:28:36','2019-03-11 16:28:36',NULL),
	(1188,'pt','ana santos','catarina_195@live.com.pt','914769514','2019-03-30','2019-04-01',2,0,'262','Pack Romântico','pack','2019-03-11 19:22:07','2019-03-11 19:22:07',NULL),
	(1189,'pt','Joana Jorge','joanajorge1998@gmail.com','917122520','2019-03-11','2019-03-12',1,0,'64','Quarto Duplo Conforto','room','2019-03-11 20:51:52','2019-03-11 20:51:52',NULL),
	(1190,'en','Oberle, Tanja','t.oberle@elektro-oberle.de','00491797886534','2019-08-01','2019-08-11',2,1,'1490','Family Room','room','2019-03-12 09:03:39','2019-03-12 09:03:39',NULL),
	(1191,'pt','Cátia','catia_jeronimo_87@hotmail.com','962904523','2019-04-06','2019-04-07',2,0,'136','Pack Romântico','pack','2019-03-12 13:22:53','2019-03-12 13:22:53',NULL),
	(1192,'pt','Joana Azevedo','joana.ip.azevedo@gmail.com','962631337','2019-03-21','2019-03-24',3,0,'317','Quarto Familiar','room','2019-03-12 21:42:40','2019-03-12 21:42:40',NULL),
	(1193,'pt','Joana Azevedo','joana.ip.azevedo@gmail.com','962631737','2019-03-23','2019-03-24',2,0,'74','Quarto Duplo Conforto','room','2019-03-12 21:45:26','2019-03-12 21:45:26',NULL),
	(1194,'en','Anna Strobel','annas.strobel@gmail.com','+491703177570','2019-05-02','2019-05-11',2,1,'911','Family Room','room','2019-03-12 22:03:50','2019-03-12 22:03:50',NULL),
	(1195,'pt','raquel azevedo','raquelspa@gmail.com','926621732','2019-03-23','2019-03-24',1,0,'74','Quarto Duplo Conforto','room','2019-03-13 11:11:59','2019-03-13 11:11:59',NULL),
	(1196,'pt','raquel azevedo','raquelspa@gmail.com','926621732','2019-03-23','2019-03-24',2,0,'74','Quarto Duplo Conforto','room','2019-03-13 11:13:41','2019-03-13 11:13:41',NULL),
	(1197,'pt','Joana Azevedo','joana.ip.azevedo@gmail.com','962631337','2019-03-23','2019-03-24',2,0,'83','Quarto Duplo Superior com Varanda e Vista Mar (parcial)','room','2019-03-13 12:26:18','2019-03-13 12:26:18',NULL),
	(1198,'pt','Rafael cura','rrrcura@gmail.com','925248644','2019-03-22','2019-03-24',2,0,'272','Pack Romântico','pack','2019-03-13 17:01:13','2019-03-13 17:01:13',NULL),
	(1199,'pt','Tiago Rodrigues','tiagoemanuel_rodrigues@hotmail.com','913398073','2019-03-15','2019-03-16',2,1,'99','Quarto Familiar','room','2019-03-13 19:25:18','2019-03-13 19:25:18',NULL),
	(1200,'pt','Ana Guille','anaguille9@gmail.com','961295968','2019-03-30','2019-03-31',2,0,'136','Pack Romântico','pack','2019-03-13 19:30:45','2019-03-13 19:30:45',NULL),
	(1201,'pt','João Morais','jm637701@gmail.com','968827687','2019-03-23','2019-03-25',2,0,'262','Pack Romântico','pack','2019-03-14 11:14:21','2019-03-14 11:14:21',NULL),
	(1202,'pt','Bruno Fernandes','brunomof@gmail.com','926689514','2019-03-16','2019-03-17',2,0,'149','Pack Massagem','pack','2019-03-14 14:22:35','2019-03-14 14:22:35',NULL),
	(1203,'pt','Bruno Fernandes','brunomof@gmail.com','926689514','2019-03-17','2019-03-18',2,0,'139','Pack Massagem','pack','2019-03-14 14:43:49','2019-03-14 14:43:49',NULL),
	(1204,'pt','Fátima Cristina Rodrigues Ferreira','fcristina.ferreira@aerbp.pt','915296153','2019-03-15','2019-03-16',2,0,'139','Pack Massagem','pack','2019-03-14 15:19:23','2019-03-14 15:19:23',NULL),
	(1205,'pt','Vanessa','vanessa_rafsilva@hotmail.com','968897569','2019-04-06','2019-04-07',2,0,'136','Pack Romântico','pack','2019-03-14 15:51:40','2019-03-14 15:51:40',NULL),
	(1206,'pt','Frederico Nunes','frederico_pereiranunes@hotmail.com','919151886','2019-04-13','2019-04-14',2,0,'149','Pack Massagem','pack','2019-03-14 16:35:24','2019-03-14 16:35:24',NULL),
	(1207,'en','Paula André','Pandre@tap.pt','966550722','2019-03-30','2019-03-31',1,0,'83','Double Superior Room with Balcony and Partial Sea View','room','2019-03-14 16:40:59','2019-03-14 16:40:59',NULL),
	(1208,'pt','Frederico Nunes','frederico_pereiranunes@hotmail.com','919151886','2019-04-13','2019-04-14',2,0,'83','Quarto Duplo Superior com Varanda e Vista Mar (parcial)','room','2019-03-14 20:47:21','2019-03-14 20:47:21',NULL),
	(1209,'pt','Cátia Ribeiro','patricia962008@hotmail.com','917035297','2019-03-16','2019-03-17',2,0,'136','Pack Romântico','pack','2019-03-15 22:17:57','2019-03-15 22:17:57',NULL),
	(1210,'pt','Susana Pereira','Susanaip@sapo.pt','+351966075658','2019-03-16','2019-03-17',2,0,'136','Pack Romântico','pack','2019-03-15 22:35:30','2019-03-15 22:35:30',NULL),
	(1211,'pt','Lara Matos','lara.p.matos@gmail.com','911065170','2019-03-23','2019-03-24',2,0,'149','Pack Massagem','pack','2019-03-16 16:03:58','2019-03-16 16:03:58',NULL),
	(1212,'pt','Carlos','Carlos.eduardo.80@hotmail.com','965098646','2019-03-16','2019-03-17',1,0,'136','Pack Romântico','pack','2019-03-16 16:53:33','2019-03-16 16:53:33',NULL),
	(1213,'pt','Pierre valente','pierrevalente1@gmail.com','914030384','2019-03-25','2019-03-31',2,0,'766','Pack Romântico','pack','2019-03-16 21:54:33','2019-03-16 21:54:33',NULL),
	(1214,'pt','Pedro Lopes','pedro.lopes.88@hotmail.com','965790942','2019-09-07','2019-09-09',2,0,'178','Quarto Duplo Conforto','room','2019-03-17 00:30:37','2019-03-17 00:30:37',NULL),
	(1215,'pt','Carla Castanheira','carlacristina@sapo.pt','925402299','2019-03-22','2019-03-24',2,0,'166','Quarto Duplo Superior com Varanda e Vista Mar (parcial)','room','2019-03-17 10:25:26','2019-03-17 10:25:26',NULL),
	(1216,'pt','Carla Castanheira','carlacristina@sapo.pt','925402299','2019-03-22','2019-03-24',1,1,'166','Quarto Duplo Superior com Varanda e Vista Mar (parcial)','room','2019-03-17 10:37:41','2019-03-17 10:37:41',NULL),
	(1217,'pt','Paula Santos','paula.santos68@gmail.com','966161311','2019-04-06','2019-04-07',2,0,'136','Pack Romântico','pack','2019-03-17 14:41:06','2019-03-17 14:41:06',NULL),
	(1218,'pt','Claudia Azevedo','claudia.filipa.azevedo@gmail.com','962048218','2019-04-12','2019-04-13',1,0,'126','Pack Romântico','pack','2019-03-17 17:19:49','2019-03-17 17:19:49',NULL),
	(1219,'pt','Nuno Monteiro','mailparaonuno@gmail.com','963019087','2019-03-24','2019-03-25',2,0,'91','Quarto Duplo Superior com Terraço e Vista Mar (parcial)','room','2019-03-17 19:49:13','2019-03-17 19:49:13',NULL),
	(1220,'pt','Manuela Lopes','manulopes1963@gmail.com','966413598','2019-04-26','2019-04-28',2,0,'272','Pack Romântico','pack','2019-03-17 20:55:16','2019-03-17 20:55:16',NULL),
	(1221,'en','wendy','wendy@tileywoodman.com.au','07565111499','2019-04-07','2019-04-12',2,0,'455','Double Superior Room with Terrace and Partial Sea View','room','2019-03-17 22:21:01','2019-03-17 22:21:01',NULL),
	(1222,'pt','Lourdes Lourenço','anatecelao@hotmail.com','962510094','2019-03-26','2019-03-28',2,0,'156','Quarto Twin Conforto','room','2019-03-17 22:26:33','2019-03-17 22:26:33',NULL),
	(1223,'pt','Mariana Guardado','guardado.mariana@gmail.com','961109902','2019-03-23','2019-03-24',2,0,'74','Quarto Duplo Conforto','room','2019-03-17 23:27:47','2019-03-17 23:27:47',NULL),
	(1224,'en','Paula Dias','pcpd1975@gmail.com','966286896','2019-03-29','2019-03-31',2,1,'208','Family Room','room','2019-03-18 07:42:40','2019-03-18 07:42:40',NULL),
	(1225,'pt','n','gjk@hotmail.com','n','2019-03-30','2019-03-31',1,0,'83','Quarto Duplo Superior com Varanda e Vista Mar (parcial)','room','2019-03-18 16:34:43','2019-03-18 16:34:43',NULL),
	(1226,'pt','Sandra Cordeiro','scaneira@gmail.com','966603976','2019-03-23','2019-03-24',1,0,NULL,'Pack Romântico','pack','2019-03-18 16:40:27','2019-03-18 16:40:27',NULL),
	(1227,'pt','Sandra Caneira','scaneira@gmail.com','966603976','2019-03-23','2019-03-24',1,0,'74','Quarto Duplo Conforto','room','2019-03-18 16:43:00','2019-03-18 16:43:00',NULL),
	(1228,'pt','Raquel Lima','raquelima@hotmail.com','962424364','2019-04-26','2019-04-27',2,1,'109','Quarto Familiar','room','2019-03-18 17:53:55','2019-03-18 17:53:55',NULL),
	(1229,'pt','Ronny Martins','mayra.martins20148@gmail.com','913546236','2019-04-24','2019-04-26',2,0,'262','Pack Romântico','pack','2019-03-18 19:22:51','2019-03-18 19:22:51',NULL),
	(1230,'pt','Ana Gomes','simao.ana@gmail.com','968053933','2019-03-20','2019-03-21',2,0,'64','Quarto Duplo Conforto','room','2019-03-18 20:02:12','2019-03-18 20:02:12',NULL),
	(1231,'pt','José Maria Duarte','zemaria.dudu@gmail.com','914315280','2019-03-26','2019-03-28',1,0,'102','Quarto Individual Conforto','room','2019-03-19 14:06:26','2019-03-19 14:06:26',NULL),
	(1232,'pt','Ana','anaraquelalvesnunes@hotmail.com','935013262','2019-04-12','2019-04-13',2,0,'126','Pack Romântico','pack','2019-03-19 17:11:17','2019-03-19 17:11:17',NULL),
	(1233,'pt','Andreia Clérigo','soprodesaber@gmail.com','914525561','2019-05-04','2019-05-05',1,2,'109','Quarto Familiar','room','2019-03-20 15:00:13','2019-03-20 15:00:13',NULL),
	(1234,'pt','JOSÉ LUIS MARTINHO SÉNICA','jlicas@gmail.com','962656395','2019-04-06','2019-04-07',1,0,'74','Quarto Duplo Conforto','room','2019-03-20 18:01:52','2019-03-20 18:01:52',NULL),
	(1235,'pt','Miguel','miguel.santinho@gmail.com','932308701','2019-04-12','2019-04-13',2,0,'126','Pack Romântico','pack','2019-03-20 20:41:15','2019-03-20 20:41:15',NULL),
	(1236,'pt','Miguel','miguel.santinho@gmail.com','932308701','2019-04-12','2019-04-13',2,0,'139','Pack Massagem','pack','2019-03-20 20:43:56','2019-03-20 20:43:56',NULL),
	(1237,'pt','Íris Miguel','irislmiguel@gmail.com','919794267','2019-03-23','2019-03-24',2,0,'136','Pack Romântico','pack','2019-03-20 22:28:09','2019-03-20 22:28:09',NULL),
	(1238,'pt','Paulo Valente','valente.paulo@gmail.com','918157447','2019-04-07','2019-04-09',2,1,'198','Quarto Familiar','room','2019-03-20 22:58:14','2019-03-20 22:58:14',NULL),
	(1239,'pt','António Palma','a.palma@sapo.pt','936762926','2019-03-29','2019-03-30',2,0,'126','Pack Romântico','pack','2019-03-21 11:26:44','2019-03-21 11:26:44',NULL),
	(1240,'pt','Paulo Sousa','pfalvessousa@gmail.com','918392721','2019-04-20','2019-04-22',2,1,'218','Quarto Familiar','room','2019-03-21 14:07:24','2019-03-21 14:07:24',NULL),
	(1241,'pt','Paula','paula.fotolux@gmail.com','918529651','2019-03-22','2019-03-24',2,1,'218','Quarto Familiar','room','2019-03-21 14:58:03','2019-03-21 14:58:03',NULL),
	(1242,'pt','Ricardo Adelio sousa Vieira','ri.cm.oto@hotmail.com','915632726','2019-03-30','2019-03-31',2,0,'136','Pack Romântico','pack','2019-03-21 16:15:47','2019-03-21 16:15:47',NULL),
	(1243,'pt','Ricardo Adelio sousa Vieira','ri.cm.oto@hotmail.com','915632726','2019-03-30','2019-03-31',2,0,'149','Pack Massagem','pack','2019-03-21 16:17:55','2019-03-21 16:17:55',NULL),
	(1244,'pt','Bruna Duarte','brunalopes205@gmail.com','917212609','2019-03-23','2019-03-24',2,0,'136','Pack Romântico','pack','2019-03-21 22:05:49','2019-03-21 22:05:49',NULL),
	(1245,'pt','Carina Ferreira','carineferreira79@gmail.com','968072344','2019-03-24','2019-03-25',2,0,'73','Quarto Duplo Superior com Varanda e Vista Mar (parcial)','room','2019-03-22 09:19:32','2019-03-22 09:19:32',NULL),
	(1246,'pt','Margarida Prates','prates.margarida@gmail.com','967576382','2019-03-22','2019-03-24',2,0,'298','Pack Massagem','pack','2019-03-22 10:01:46','2019-03-22 10:01:46',NULL),
	(1247,'pt','Joaquim Luís Almeida Pires','joaquimp75@gmail.com','966514311','2019-04-04','2019-04-06',2,0,'146','Quarto Duplo Superior com Varanda e Vista Mar (parcial)','room','2019-03-22 14:37:49','2019-03-22 14:37:49',NULL),
	(1248,'pt','Vitor Rodrigues','vitor.rodrigues@ergowood.pt','967023270','2019-03-30','2019-03-31',2,0,'136','Pack Romântico','pack','2019-03-22 14:54:29','2019-03-22 14:54:29',NULL),
	(1249,'pt','Helena','helenaefilhas1980@gmail.com','964772241','2019-06-02','2019-06-03',1,0,'199','Pack Romântico','pack','2019-03-22 15:32:48','2019-03-22 15:32:48',NULL),
	(1250,'pt','Isabela','isathlermascarenhas@gamil.com','927633834','2019-04-22','2019-04-25',2,0,'234','Quarto Twin Conforto','room','2019-03-22 16:51:32','2019-03-22 16:51:32',NULL),
	(1251,'pt','Sergio carvalho','set.cums@gmail.com','96587412','2019-05-17','2019-05-19',2,0,'262','Pack Romântico','pack','2019-03-22 18:42:49','2019-03-22 18:42:49',NULL),
	(1252,'pt','Susana','susanagomez260@gmail.com','915709654','2019-03-23','2019-03-24',2,0,'136','Pack Romântico','pack','2019-03-22 19:38:55','2019-03-22 19:38:55',NULL),
	(1253,'pt','Maria Eduarda Paz','iamariadudapaz@gmail.com','939046327','2019-03-25','2019-03-28',2,0,'192','Quarto Duplo Conforto','room','2019-03-22 21:56:24','2019-03-22 21:56:24',NULL),
	(1254,'pt','Mario fernando pereira de castro','decastrofernando@live.fr','915255027','2019-03-23','2019-03-24',2,0,'136','Pack Romântico','pack','2019-03-23 05:40:51','2019-03-23 05:40:51',NULL),
	(1255,'pt','MARIO VIEIRA','mario.a.s.vieira@gmail.com','963960093','2019-04-22','2019-04-28',1,0,'468','Quarto Duplo Superior com Varanda e Vista Mar (parcial)','room','2019-03-23 10:40:24','2019-03-23 10:40:24',NULL),
	(1256,'pt','Isabelle Closier','isabellemota@hotmail.fr','627665418','2019-08-04','2019-08-10',2,1,'894','Quarto Familiar','room','2019-03-23 16:11:28','2019-03-23 16:11:28',NULL),
	(1257,'pt','Isabelle Closier','isabellemota@hotmail.fr','627665418','2019-08-04','2019-08-10',2,1,'894','Quarto Familiar','room','2019-03-23 16:11:31','2019-03-23 16:11:31',NULL),
	(1258,'pt','Patrícia Catalão','patricia_catalao@yahoo.com','967789015','2019-04-06','2019-04-07',2,0,'83','Quarto Duplo Superior com Varanda e Vista Mar (parcial)','room','2019-03-23 16:12:19','2019-03-23 16:12:19',NULL),
	(1259,'pt','Fernando','fernando@ferramacho.pt','915588300','2019-03-23','2019-03-24',2,0,'101','Quarto Duplo Superior com Terraço e Vista Mar (parcial)','room','2019-03-23 17:12:35','2019-03-23 17:12:35',NULL),
	(1260,'pt','Inês Franco','ines-franco2000@hotmail.com','910803018','2019-04-27','2019-04-28',2,0,'136','Pack Romântico','pack','2019-03-23 19:03:16','2019-03-23 19:03:16',NULL),
	(1261,'pt','pp','rr@rr.com','968511481','2019-03-23','2019-03-24',1,0,'74','Quarto Duplo Conforto','room','2019-03-23 19:55:35','2019-03-23 19:55:35',NULL),
	(1262,'pt','Moniek Westenend','moniekwestenend@gmail.com','31612652330','2019-07-06','2019-07-09',2,0,'342','Quarto Duplo Superior com Varanda e Vista Mar (parcial)','room','2019-03-24 09:25:02','2019-03-24 09:25:02',NULL),
	(1263,'pt','Jorge Ribeiro','jorge_miguel17@hotmail.com','912985239','2019-03-29','2019-03-30',2,0,'126','Pack Romântico','pack','2019-03-24 13:24:45','2019-03-24 13:24:45',NULL),
	(1264,'en','Vladimir MOSKALENKO','vimoskalenko@gmail.com','+79119299102','2019-04-05','2019-04-08',2,0,'229','Double Superior Room with Balcony and Partial Sea View','room','2019-03-24 17:23:50','2019-03-24 17:23:50',NULL),
	(1265,'en','Liliana','scapuccililiana@gmail.com','00393382099313','2019-03-24','2019-03-25',1,0,'64','Double Comfort Room','room','2019-03-24 18:44:41','2019-03-24 18:44:41',NULL),
	(1266,'en','Liliana','scapuccililiana@gmail.com','00393382099313','2019-03-29','2019-03-30',2,0,'64','Double Comfort Room','room','2019-03-24 18:46:20','2019-03-24 18:46:20',NULL),
	(1267,'pt','Danielle Rodrigues','daniipettres@gmail.com','932864061','2019-04-22','2019-04-26',2,0,'266','Quarto Duplo Conforto','room','2019-03-24 21:37:22','2019-03-24 21:37:22',NULL),
	(1268,'pt','Marisa Santos','marisantos27@gmail.com','916949111','2019-03-29','2019-03-30',2,0,'126','Pack Romântico','pack','2019-03-24 22:26:14','2019-03-24 22:26:14',NULL),
	(1269,'pt','Neves','cristiana_neves-@hotmail.com','915082921','2019-04-26','2019-04-27',2,0,'136','Pack Romântico','pack','2019-03-25 10:30:15','2019-03-25 10:30:15',NULL),
	(1270,'pt','jessica Vila gonzalez','jessy.v.g@hotmail.com','678646232','2019-04-18','2019-04-21',2,0,'222','Quarto Duplo Conforto','room','2019-03-25 14:29:25','2019-03-25 14:29:25',NULL),
	(1271,'pt','jessica Vila gonzalez','jessy.v.g@hotmail.com','678646232','2019-04-18','2019-04-21',2,0,'222','Quarto Duplo Conforto','room','2019-03-25 14:29:29','2019-03-25 14:29:29',NULL),
	(1272,'pt','jessica Vila gonzalez','jessy.v.g@hotmail.com','678646232','2019-04-18','2019-04-21',2,0,'222','Quarto Duplo Conforto','room','2019-03-25 14:29:33','2019-03-25 14:29:33',NULL),
	(1273,'pt','Claudia Santos','claudia.almeida.santos7@gmail.com','919608860','2019-07-29','2019-08-03',1,0,'570','Quarto Duplo Superior com Varanda e Vista Mar (parcial)','room','2019-03-25 15:34:36','2019-03-25 15:34:36',NULL),
	(1274,'pt','Flávia Correa','flavia_sc@uol.com.br','915742394','2019-03-25','2019-03-26',1,0,'126','Pack Romântico','pack','2019-03-25 15:38:02','2019-03-25 15:38:02',NULL),
	(1275,'pt','Luis Miguel Vicente','miguel.guida13@gmail.com','939785818','2019-03-25','2019-03-26',2,0,'126','Pack Romântico','pack','2019-03-25 16:41:56','2019-03-25 16:41:56',NULL),
	(1276,'pt','Carlos Lucas','carloslucas2@gmail.com','913264538','2019-04-18','2019-04-20',2,0,'272','Pack Romântico','pack','2019-03-25 19:37:27','2019-03-25 19:37:27',NULL),
	(1277,'en','Jennifer Alonso Asensio','jenny041187@hotmail.com','0034629446698','2019-04-18','2019-04-20',2,0,'148','Double Comfort Room','room','2019-03-25 20:15:33','2019-03-25 20:15:33',NULL),
	(1278,'pt','Carlos Grade','carlosmgrade@gmail.com','917 224 367','2019-03-28','2019-03-29',2,0,'73','Quarto Duplo Superior com Varanda e Vista Mar (parcial)','room','2019-03-25 22:05:29','2019-03-25 22:05:29',NULL),
	(1279,'pt','Ana Tavares de Almeida','ana.tavares.almeida@apambiente.pt','961275669','2019-04-13','2019-04-14',3,0,'109','Quarto Familiar','room','2019-03-26 11:08:07','2019-03-26 11:08:07',NULL),
	(1280,'en','Jennifer Alonso Asensio','jenny041187@hotmail.com','629446698','2019-04-18','2019-04-20',2,0,'166','Double Superior Room with Balcony and Partial Sea View','room','2019-03-26 16:35:08','2019-03-26 16:35:08',NULL),
	(1281,'pt','Ângela queiros','angelagqueiros@gmail.com','935687438','2019-04-14','2019-04-15',2,0,'126','Pack Romântico','pack','2019-03-26 17:15:20','2019-03-26 17:15:20',NULL),
	(1282,'pt','Ana freire Nascimento','ana.freire24@gmail.com','963434929','2019-05-11','2019-05-12',2,0,'0','Pack Adoráveis 60','pack','2019-03-26 18:25:27','2019-03-26 18:25:27',NULL),
	(1283,'pt','Bértolo João','joaobertolobet365@gmail.com','911536708','2019-03-30','2019-03-31',2,0,'136','Pack Romântico','pack','2019-03-26 18:31:40','2019-03-26 18:31:40',NULL),
	(1284,'pt','Catarina Henriques','catarinash99@gmail.com','915 475 562','2019-04-22','2019-04-23',2,0,'64','Quarto Duplo Conforto','room','2019-03-26 19:07:32','2019-03-26 19:07:32',NULL),
	(1285,'pt','André Cunha','andrecoimbracunha@gmail.com','968775322','2019-04-18','2019-04-19',2,0,'149','Pack Massagem','pack','2019-03-26 19:11:25','2019-03-26 19:11:25',NULL),
	(1286,'en','Kari Kröger','mimimaison@gmail.com','+358414316351','2019-06-30','2019-07-04',2,0,'536','Double Superior Room with Terrace and Partial Sea View','room','2019-03-26 19:53:51','2019-03-26 19:53:51',NULL),
	(1287,'pt','Joana Reixa','joanagomesreixa@gmail.com','+351938524966','2019-04-06','2019-04-07',2,0,'149','Pack Massagem','pack','2019-03-26 20:41:05','2019-03-26 20:41:05',NULL),
	(1288,'pt','Levi Pires','levipires@sapo.pt','963007430','2019-05-25','2019-05-26',2,0,'149','Pack Massagem','pack','2019-03-27 00:35:39','2019-03-27 00:35:39',NULL),
	(1289,'pt','Liliana','lilianaantono@gmail.com','928056491','2019-03-30','2019-03-31',2,0,'136','Pack Romântico','pack','2019-03-27 02:17:59','2019-03-27 02:17:59',NULL),
	(1290,'pt','Marta Amorim','marta.b.amorim@gmail.com','963604707','2019-05-04','2019-05-05',2,1,'109','Quarto Familiar','room','2019-03-27 14:30:31','2019-03-27 14:30:31',NULL),
	(1291,'en','rui monteiro','rui.monteiro@foursource.pt','912345678','2019-04-25','2019-04-28',1,0,'249','Double Superior Room with Balcony and Partial Sea View','room','2019-03-27 14:43:29','2019-03-27 14:43:29',NULL),
	(1292,'pt','Carmen','malamen23@gmail.com','609214733','2019-04-14','2019-04-19',2,0,'640','Pack Romântico','pack','2019-03-28 00:49:21','2019-03-28 00:49:21',NULL),
	(1293,'en','Gabriele Schmidt-Roy','gabriele.schmidtroy@gmail.com','+49 1774237150','2019-06-28','2019-07-02',1,2,'596','Family Room','room','2019-03-28 08:18:40','2019-03-28 08:18:40',NULL),
	(1294,'pt','Gonçalo Mendes','mendes1998@live.com.pt','962801829','2019-04-23','2019-04-25',2,0,'252','Pack Romântico','pack','2019-03-28 15:04:38','2019-03-28 15:04:38',NULL),
	(1295,'pt','Paulo Martins','paulo1967martins@gmail.com','925765538','2019-04-27','2019-04-28',1,0,'149','Pack Massagem','pack','2019-03-28 15:18:46','2019-03-28 15:18:46',NULL),
	(1296,'pt','adriana','adriana.torres@live.com.pt','910389165','2019-06-13','2019-06-15',2,0,'176','Quarto Twin Conforto','room','2019-03-28 17:06:20','2019-03-28 17:06:20',NULL),
	(1297,'pt','Ricardo Fresco','ricardo.fresco@plusr.pt','912422015','2019-03-30','2019-04-01',2,0,'156','Quarto Duplo Superior com Varanda e Vista Mar (parcial)','room','2019-03-28 20:37:51','2019-03-28 20:37:51',NULL),
	(1298,'pt','Mauro Correia','info@maurocorreia.com','919962673','2019-04-13','2019-04-16',2,1,'307','Quarto Familiar','room','2019-03-29 00:06:58','2019-03-29 00:06:58',NULL),
	(1299,'pt','Mauro Correia','info@maurocorreia.com','919962673','2019-04-13','2019-04-16',2,1,'307','Quarto Familiar','room','2019-03-29 00:08:52','2019-03-29 00:08:52',NULL),
	(1300,'pt','Alceu Diogo','alceu28504@gmail.com','919028345','2019-04-19','2019-04-21',2,0,'272','Pack Romântico','pack','2019-03-29 02:09:10','2019-03-29 02:09:10',NULL),
	(1301,'pt','Filipa Carilho','filipamargarido09@hotmail.com','000000000','2019-07-26','2019-07-28',2,0,'178','Quarto Duplo Conforto','room','2019-03-29 11:17:35','2019-03-29 11:17:35',NULL),
	(1302,'pt','Filipa Carilho','filipamargarido09@hotmail.com','000000000','2019-06-12','2019-06-14',2,0,'138','Quarto Duplo Conforto','room','2019-03-29 11:20:29','2019-03-29 11:20:29',NULL),
	(1303,'pt','a','avelarfernandes@gmail.com','924298528','2019-04-12','2019-04-13',2,0,'73','Quarto Duplo Superior com Varanda e Vista Mar (parcial)','room','2019-03-29 15:26:55','2019-03-29 15:26:55',NULL),
	(1304,'pt','Daniela Gomes','danigomespt@gmail.com','937915070','2019-06-15','2019-06-16',1,0,'209','Pack Romântico','pack','2019-03-29 18:19:04','2019-03-29 18:19:04',NULL),
	(1305,'pt','Samuel Fernandes','samuelfernandes@adburaca.org','910009907','2019-06-12','2019-06-15',2,0,'239','Quarto Duplo Superior com Varanda e Vista Mar (parcial)','room','2019-03-29 18:37:03','2019-03-29 18:37:03',NULL),
	(1306,'pt','Fernando Custódio','fernando.custodio@sapo.pt','910185986','2019-04-06','2019-04-07',2,0,'83','Quarto Duplo Superior com Varanda e Vista Mar (parcial)','room','2019-03-29 23:01:50','2019-03-29 23:01:50',NULL),
	(1307,'pt','Miguel inacio','mskmiguel@hotmail.com','915857480','2019-04-06','2019-04-07',2,0,'114','Suite com Vista Piscina','room','2019-03-30 09:40:34','2019-03-30 09:40:34',NULL),
	(1308,'pt','Joana Nunes','joanachnunes@gmail.com','960150226','2019-04-06','2019-04-07',2,0,'74','Quarto Duplo Conforto','room','2019-03-30 11:39:48','2019-03-30 11:39:48',NULL),
	(1309,'pt','Maria Correia','mariajpcorreia@hotmail.com','967774065','2019-03-31','2019-04-01',2,0,'139','Pack Massagem','pack','2019-03-30 11:44:40','2019-03-30 11:44:40',NULL),
	(1310,'pt','Daniela Raquel Azevedo Da Silva','danielaraquelazevedo@gmail.com','936713195','2019-04-13','2019-04-14',2,0,'136','Pack Romântico','pack','2019-03-30 12:58:56','2019-03-30 12:58:56',NULL),
	(1311,'en','Elsa Fernandes dos Santos','elsasantos.pt@gmail.com','913058757','2019-04-19','2019-04-20',1,0,'61','Single Comfort Room','room','2019-03-30 17:09:05','2019-03-30 17:09:05',NULL),
	(1312,'pt','Elsa Campos','elsajtorres@gmail.com','937356550','2019-04-19','2019-04-21',2,0,'272','Pack Romântico','pack','2019-03-30 17:52:03','2019-03-30 17:52:03',NULL),
	(1313,'pt','Fábio Jorge Silva Nogueira','fabio_jorge23@hotmail.com','926828197','2019-03-30','2019-03-31',2,0,'136','Pack Romântico','pack','2019-03-30 18:18:13','2019-03-30 18:18:13',NULL),
	(1314,'pt','Maria Antónia Azevedo Ferreira','antonia.ferreira1104@gmail.com','963654875','2019-04-19','2019-04-21',3,0,'218','Quarto Familiar','room','2019-03-30 21:31:33','2019-03-30 21:31:33',NULL),
	(1315,'pt','Patrícia Araujo','patricia.araujo99@hotmail.com','969909889','2019-04-09','2019-04-11',2,0,'252','Pack Romântico','pack','2019-03-30 22:07:09','2019-03-30 22:07:09',NULL),
	(1316,'pt','Cláudio Neto','bettencourtneto@gmail.com','936825239','2019-05-29','2019-05-30',2,0,'139','Pack Massagem','pack','2019-03-30 23:04:45','2019-03-30 23:04:45',NULL),
	(1317,'pt','Ricardo Lopes','r.lopes@me.com','918104341','2019-04-26','2019-04-28',2,1,'218','Quarto Familiar','room','2019-03-31 00:33:37','2019-03-31 00:33:37',NULL),
	(1318,'pt','Filipe Coimbra','efilipecoimbra@gmail.com','965616138','2019-04-05','2019-04-07',2,0,'262','Pack Romântico','pack','2019-03-31 03:03:44','2019-03-31 03:03:44',NULL),
	(1319,'pt','Andreia Cristão','deia_cristao@hotmail.com','961496400','2019-07-06','2019-07-07',1,0,'79','Quarto Individual Conforto','room','2019-03-31 10:40:29','2019-03-31 10:40:29',NULL),
	(1320,'pt','Rute Sofia Machado Rodrigues','ruth_sofia17@hotmail.com','914671969','2019-09-06','2019-09-08',2,0,'398','Pack Romântico','pack','2019-03-31 16:42:20','2019-03-31 16:42:20',NULL),
	(1321,'pt','Jaël Cabezudo','jael.cabezudo@gmail.com','918106290','2019-04-20','2019-04-23',2,0,'212','Quarto Duplo Conforto','room','2019-03-31 19:37:42','2019-03-31 19:37:42',NULL),
	(1322,'pt','David Dias','david.lad@gmail.com','967088818','2019-04-19','2019-04-20',2,0,'74','Quarto Duplo Conforto','room','2019-04-01 15:07:18','2019-04-01 15:07:18',NULL),
	(1323,'pt','sonia','sonia.daan@gmail.com','938863243','2019-04-06','2019-04-07',2,0,'149','Pack Massagem','pack','2019-04-01 21:56:20','2019-04-01 21:56:20',NULL),
	(1324,'pt','Jose Rodrigues','jp.rod.mail@gmail.com','934013307','2019-06-08','2019-06-09',2,0,'101','Quarto Duplo Superior com Terraço e Vista Mar (parcial)','room','2019-04-01 23:17:58','2019-04-01 23:17:58',NULL),
	(1325,'pt','Sonia Rodrigues','sonia.daan@gmail.com','938863243','2019-04-06','2019-04-07',2,0,'101','Quarto Duplo Superior com Terraço e Vista Mar (parcial)','room','2019-04-02 00:26:14','2019-04-02 00:26:14',NULL),
	(1326,'pt','Sonia Rodrigues','sonia.daan@gmail.com','938863243','2019-04-07','2019-04-08',2,0,'139','Pack Massagem','pack','2019-04-02 00:27:05','2019-04-02 00:27:05',NULL),
	(1327,'pt','Ana Crespo','anasofiacrespo@gmail.com','968525703','2019-04-18','2019-04-19',2,0,'136','Pack Romântico','pack','2019-04-02 06:03:14','2019-04-02 06:03:14',NULL),
	(1328,'pt','Marina Ascenso','marinaascenso80@gmail.com','936139844','2019-04-15','2019-04-17',1,0,'102','Quarto Individual Conforto','room','2019-04-02 08:02:13','2019-04-02 08:02:13',NULL),
	(1329,'en','Laszlo Tarlos','laszlo_tarlos@laurastar.com','0036706733837','2019-04-10','2019-04-12',1,0,'102','Single Comfort Room','room','2019-04-02 11:59:23','2019-04-02 11:59:23',NULL),
	(1330,'pt','Andreia Gomes','andreiaddgomes@gmail.com','964004152','2019-04-20','2019-04-22',2,0,'202','Quarto Duplo Superior com Terraço e Vista Mar (parcial)','room','2019-04-02 14:14:21','2019-04-02 14:14:21',NULL),
	(1331,'pt','André Viana','afilipeviana10@gmail.com','913084617','2019-04-05','2019-04-06',2,0,'91','Quarto Duplo Superior com Terraço e Vista Mar (parcial)','room','2019-04-02 15:33:52','2019-04-02 15:33:52',NULL),
	(1332,'en','Claudineberbon','claudineberbon@yahoo.fr','003227633353','2019-05-20','2019-05-26',1,0,'316','Single Comfort Room','room','2019-04-03 03:24:14','2019-04-03 03:24:14',NULL),
	(1333,'pt','António José Pereira Henriques Barata','baratadamata@gmail.com','919938851','2019-04-04','2019-04-05',1,0,'126','Pack Romântico','pack','2019-04-03 11:06:36','2019-04-03 11:06:36',NULL),
	(1334,'pt','José Braga de Carvalho','jpbc@live.com.pt','966801454','2019-04-25','2019-04-28',2,0,'222','Quarto Duplo Conforto','room','2019-04-03 13:01:37','2019-04-03 13:01:37',NULL),
	(1335,'pt','Rita Fernandes','ri.vinicia@gmail.com','0765783383','2019-04-03','2019-04-04',2,0,'126','Pack Romântico','pack','2019-04-03 15:20:47','2019-04-03 15:20:47',NULL),
	(1336,'pt','Samuel h RosÃ¡rio','Sam.r.rosario@hotmail.com','914899801','2019-04-25','2019-04-28',2,0,'408','Pack Romântico','pack','2019-04-03 15:24:35','2019-04-03 15:24:35',NULL),
	(1337,'pt','Joana Sousa','joana-s9@hotmail.com','910794470','2019-04-25','2019-04-28',2,0,'408','Pack Romântico','pack','2019-04-03 15:38:29','2019-04-03 15:38:29',NULL),
	(1338,'pt','Liliana Marianela Afonso Rocha','06.liliana@gmail.com','963618830','2019-08-02','2019-08-07',2,1,'745','Quarto Familiar','room','2019-04-03 16:35:07','2019-04-03 16:35:07',NULL),
	(1339,'pt','Samuel  Rosário rio','Sam.r.rosario@hotmail.com','914899801','2019-04-12','2019-04-14',2,0,'262','Pack Romântico','pack','2019-04-03 17:18:39','2019-04-03 17:18:39',NULL),
	(1340,'pt','Dulce vidigal','dulce-vidigal@hotmail.com','962844375','2019-04-04','2019-04-05',2,0,'0','Pack Adoráveis 60','pack','2019-04-04 07:37:49','2019-04-04 07:37:49',NULL),
	(1341,'pt','Soraia Martins','soraiacmartins09@hotmail.com','963309767','2019-04-05','2019-04-06',2,0,'64','Quarto Duplo Conforto','room','2019-04-04 16:59:01','2019-04-04 16:59:01',NULL),
	(1342,'pt','Márcia Gonçalves','marciacruzafonso@hotmail.com','964842375','2019-04-12','2019-04-14',2,0,'138','Quarto Duplo Conforto','room','2019-04-04 19:18:33','2019-04-04 19:18:33',NULL),
	(1343,'pt','Duarte Ribeiro Soares','duasoares@hotmail.com','912676149','2019-04-06','2019-04-07',2,0,'149','Pack Massagem','pack','2019-04-04 20:58:55','2019-04-04 20:58:55',NULL),
	(1344,'pt','Joaquim Dias','dias23joaquim@gmail.com','926679186','2019-04-19','2019-04-21',2,0,'272','Pack Romântico','pack','2019-04-04 21:29:56','2019-04-04 21:29:56',NULL),
	(1345,'pt','Cláudia Piçarra','csofiar@sapo.pt','969302988','2019-04-06','2019-04-07',2,0,'136','Pack Romântico','pack','2019-04-04 21:32:04','2019-04-04 21:32:04',NULL),
	(1346,'pt','Emilio','emiliord.elpuerto@gmail.com','956741313','2019-08-25','2019-08-31',2,0,'894','Quarto Familiar','room','2019-04-04 22:40:42','2019-04-04 22:40:42',NULL),
	(1347,'pt','Fernando Custódio','fernando.custodio@sapo.pt','910185986','2019-04-06','2019-04-07',2,0,'149','Pack Massagem','pack','2019-04-05 08:56:19','2019-04-05 08:56:19',NULL),
	(1348,'pt','Joao Henrique Bandeira Paixao','comercial@davidpaixao.com','913626310','2019-04-05','2019-04-06',2,0,'139','Pack Massagem','pack','2019-04-05 12:06:39','2019-04-05 12:06:39',NULL),
	(1349,'pt','José Carlos Duarte','jc.sousa.duarte@gmail.com','965003393','2019-04-12','2019-04-14',2,0,'288','Pack Massagem','pack','2019-04-05 12:43:22','2019-04-05 12:43:22',NULL),
	(1350,'pt','José Carlos Duarte','jc.sousa.duarte@gmail.com','965003393','2019-04-13','2019-04-14',2,0,'136','Pack Romântico','pack','2019-04-05 12:46:16','2019-04-05 12:46:16',NULL),
	(1351,'pt','Sónia Paulista','fermonlda@gmail.com','916509748','2019-04-26','2019-04-28',1,0,'228','Suite com Vista Piscina','room','2019-04-05 13:37:08','2019-04-05 13:37:08',NULL),
	(1352,'pt','Vanessa','vanessa.fsv@gmail.com','918220559','2019-04-05','2019-04-07',2,0,'138','Quarto Duplo Conforto','room','2019-04-05 14:39:27','2019-04-05 14:39:27',NULL),
	(1353,'pt','Nuno Carvalho dos Santos','94.nunosantos@gmail.com','960256267','2019-04-05','2019-04-07',2,0,'156','Quarto Duplo Superior com Varanda e Vista Mar (parcial)','room','2019-04-05 14:43:40','2019-04-05 14:43:40',NULL),
	(1354,'pt','Olga. Maroco','olga.maroco@sapo.pt','964292366','2019-05-04','2019-05-07',2,0,'229','Quarto Duplo Superior com Varanda e Vista Mar (parcial)','room','2019-04-05 16:05:00','2019-04-05 16:05:00',NULL),
	(1355,'pt','Joaquim Dias','dias23joaquim@gmail.com','926679186','2019-04-26','2019-04-28',1,0,'272','Pack Romântico','pack','2019-04-05 16:25:57','2019-04-05 16:25:57',NULL),
	(1356,'pt','Joaquim Dias','dias23joaquim@gmail.com','926679186','2019-04-26','2019-04-28',2,0,'272','Pack Romântico','pack','2019-04-05 16:27:11','2019-04-05 16:27:11',NULL),
	(1357,'pt','Susana Velez','velezsusana@gmail.com','962085610','2019-04-16','2019-04-18',1,0,'102','Quarto Individual Conforto','room','2019-04-05 17:28:08','2019-04-05 17:28:08',NULL),
	(1358,'pt','Helder','franjadooceano@gmail.com','919554161','2019-05-08','2019-05-09',2,0,'139','Pack Massagem','pack','2019-04-05 19:00:34','2019-04-05 19:00:34',NULL),
	(1359,'en','Isabella Riether','isabella.rie@web.de','+491729623591','2019-06-04','2019-06-07',1,0,'192','Double Comfort Room','room','2019-04-05 20:37:46','2019-04-05 20:37:46',NULL),
	(1360,'pt','Pedro Maroco','olga.maroco@sapo.pt','964292366','2019-05-04','2019-05-05',2,0,'83','Quarto Duplo Superior com Varanda e Vista Mar (parcial)','room','2019-04-05 21:28:40','2019-04-05 21:28:40',NULL),
	(1361,'en','Andreia  Rocha','afpr21@gmail.com','927658332','2019-04-30','2019-05-02',2,0,'146','Double Superior Room with Balcony and Partial Sea View','room','2019-04-06 07:11:13','2019-04-06 07:11:13',NULL),
	(1362,'pt','Rui','rfernandes.17@hotmail.com','962342411','2019-04-19','2019-04-21',2,0,'218','Quarto Familiar','room','2019-04-06 08:22:00','2019-04-06 08:22:00',NULL),
	(1363,'en','Tobias Horstmann','tobias.horstmann@hec.edu','00447384797520','2019-06-11','2019-06-12',2,0,'73','Double Superior Room with Balcony and Partial Sea View','room','2019-04-06 09:03:53','2019-04-06 09:03:53',NULL),
	(1364,'en','Tobias Horstmann','tobias.horstmann@hec.edu','00447827705732','2019-06-11','2019-06-12',2,0,'0','Lovely 60\'s Package','pack','2019-04-06 09:08:00','2019-04-06 09:08:00',NULL),
	(1365,'pt','Rhian Priya Evans','rhianevans66@hotmail.co.uk','7807902940','2019-05-24','2019-05-27',2,0,'244','Quarto Twin Conforto','room','2019-04-06 13:13:38','2019-04-06 13:13:38',NULL),
	(1366,'pt','Rhian Priya Evans','rhianevans66@hotmail.co.uk','7807902940','2019-05-24','2019-05-27',2,0,'244','Quarto Twin Conforto','room','2019-04-06 13:13:42','2019-04-06 13:13:42',NULL),
	(1367,'pt','Rhian Priya Evans','rhianevans66@hotmail.co.uk','7807902940','2019-05-24','2019-05-27',2,0,'244','Quarto Twin Conforto','room','2019-04-06 13:13:43','2019-04-06 13:13:43',NULL),
	(1368,'pt','Patricia','patriciaenf21@gmail.com','960023727','2019-08-05','2019-08-09',1,1,'356','Quarto Duplo Conforto','room','2019-04-06 13:24:14','2019-04-06 13:24:14',NULL),
	(1369,'pt','Alberto','luchtemberga@gmail.com','51982752045','2019-04-06','2019-04-08',2,0,'262','Pack Romântico','pack','2019-04-06 15:06:42','2019-04-06 15:06:42',NULL),
	(1370,'pt','Mafalda','mafaldasofial22@gmail.com','968965974','2019-04-22','2019-04-24',2,0,'252','Pack Romântico','pack','2019-04-06 16:10:55','2019-04-06 16:10:55',NULL),
	(1371,'pt','Patricia Alexandra Correia Martins','tyta230@gmail.com','926068489','2019-05-03','2019-05-04',2,0,'136','Pack Romântico','pack','2019-04-06 16:52:51','2019-04-06 16:52:51',NULL),
	(1372,'en','Christopher Branson','chrisbranson29@gmail.com','+447778342134','2019-07-07','2019-07-10',2,0,'0','Lovely 60\'s Package','pack','2019-04-07 10:30:25','2019-04-07 10:30:25',NULL),
	(1373,'pt','Daniel Ribeiro','danielmarquesribeiroo@gmail.com','914535258','2019-04-19','2019-04-20',2,0,'149','Pack Massagem','pack','2019-04-07 15:11:50','2019-04-07 15:11:50',NULL),
	(1374,'pt','Sílvia Santos','silviasantos@hotmail.com','912299920','2019-04-13','2019-04-14',2,0,'136','Pack Romântico','pack','2019-04-07 16:20:48','2019-04-07 16:20:48',NULL),
	(1375,'pt','Carla Valadas','carlavaladas@hotmail.com','939286122','2019-04-19','2019-04-20',2,0,'136','Pack Romântico','pack','2019-04-07 16:35:46','2019-04-07 16:35:46',NULL),
	(1376,'pt','Elisa','Elisa.neves.leal@hotmail.com','918816177','2019-06-22','2019-06-23',2,0,'209','Pack Romântico','pack','2019-04-07 18:03:54','2019-04-07 18:03:54',NULL),
	(1377,'pt','Maria João Trindade','mjoaotrindade@gmail.com','936341259','2019-07-04','2019-07-07',1,0,'237','Quarto Individual Conforto','room','2019-04-07 18:19:29','2019-04-07 18:19:29',NULL);

INSERT INTO `availability_requests` (`id`, `locale`, `name`, `email`, `phone`, `arrival`, `departure`, `adults`, `children`, `price`, `product_name`, `product_type`, `created_at`, `updated_at`, `deleted_at`)
VALUES
	(1378,'pt','Sara Ferreira','ferreira_sara85@hotmail.com','911040819','2019-04-20','2019-04-21',2,1,'109','Quarto Familiar','room','2019-04-07 19:54:43','2019-04-07 19:54:43',NULL),
	(1379,'pt','Fernando Custódio','fernando.custodio@sapo.pt','910185986','2019-06-01','2019-06-02',2,1,'109','Quarto Familiar','room','2019-04-07 20:01:38','2019-04-07 20:01:38',NULL),
	(1380,'pt','Débora Vairinhos','deboravairinhos@hotmail.com','936588798','2019-04-13','2019-04-14',1,0,'136','Pack Romântico','pack','2019-04-08 00:17:27','2019-04-08 00:17:27',NULL),
	(1381,'pt','Inês Melo','inescorreiamelo@gmail.com','919588005','2019-04-19','2019-04-21',2,0,'298','Pack Massagem','pack','2019-04-08 07:39:37','2019-04-08 07:39:37',NULL),
	(1382,'pt','Caroline Nunes','karolina.nunes@gmail.com','917117725','2019-05-04','2019-05-05',2,1,'109','Quarto Familiar','room','2019-04-08 09:40:57','2019-04-08 09:40:57',NULL),
	(1383,'pt','Francisco','roldaoppmfrancisco@gmail.com','963414184','2019-04-25','2019-04-26',2,0,'136','Pack Romântico','pack','2019-04-08 09:54:37','2019-04-08 09:54:37',NULL),
	(1384,'pt','Ana Lopes','anacatarina_lopes@hotmail.com','911575724','2019-04-19','2019-04-21',2,0,'298','Pack Massagem','pack','2019-04-08 12:46:50','2019-04-08 12:46:50',NULL),
	(1385,'pt','Fábio Ruivo','fabio.ruivo10@gmail.com','963318177','2019-04-22','2019-04-23',2,0,'73','Quarto Duplo Superior com Varanda e Vista Mar (parcial)','room','2019-04-08 12:55:03','2019-04-08 12:55:03',NULL),
	(1386,'pt','olena','info@portarttoru.com','914390250','2019-08-01','2019-08-02',1,0,'79','Quarto Individual Conforto','room','2019-04-08 13:36:05','2019-04-08 13:36:05',NULL),
	(1387,'pt','Ricardo Gaocho','ricardogaocho@gmail.com','968244399','2019-04-19','2019-04-21',2,0,'272','Pack Romântico','pack','2019-04-08 14:00:53','2019-04-08 14:00:53',NULL),
	(1388,'pt','Virginia Marrachinho','vi.marrachinho@gmail.com','939427430','2019-04-26','2019-04-28',2,0,'148','Quarto Duplo Conforto','room','2019-04-08 17:35:31','2019-04-08 17:35:31',NULL),
	(1389,'pt','Adrian Alcober','adrianalcober777@gmail.com','935078212','2019-04-17','2019-04-18',2,0,'91','Quarto Duplo Superior com Terraço e Vista Mar (parcial)','room','2019-04-08 18:17:44','2019-04-08 18:17:44',NULL),
	(1390,'pt','Oleksandra Danylyuk','doleksandra23@gmail.com','965837685','2019-04-10','2019-04-12',2,0,'128','Quarto Duplo Conforto','room','2019-04-08 19:34:01','2019-04-08 19:34:01',NULL),
	(1391,'en','Karl','deero2@yahoo.com','0031613168365','2019-07-21','2019-07-24',1,0,NULL,'Family Room','room','2019-04-08 20:14:15','2019-04-08 20:14:15',NULL),
	(1392,'pt','Carolina Gamito','gamitocarolina@gmail.com','916544103','2019-09-09','2019-09-10',1,0,'199','Pack Romântico','pack','2019-04-08 21:30:24','2019-04-08 21:30:24',NULL),
	(1393,'pt','Sónia Marques','soniamfmarques@hotmail.com','964130377','2019-04-13','2019-04-14',2,0,'136','Pack Romântico','pack','2019-04-08 21:41:08','2019-04-08 21:41:08',NULL),
	(1394,'pt','Sónia Marques','soniamfmarques@hotmail.com','964130377','2019-04-13','2019-04-14',2,0,'101','Quarto Duplo Superior com Terraço e Vista Mar (parcial)','room','2019-04-08 21:43:20','2019-04-08 21:43:20',NULL),
	(1395,'pt','Tomé Ramos da Silva Ferreria','tome.lagoa@gmail.com','917980004','2019-04-10','2019-04-12',2,0,'146','Quarto Duplo Superior com Varanda e Vista Mar (parcial)','room','2019-04-08 21:56:37','2019-04-08 21:56:37',NULL),
	(1396,'pt','Pedro','pedroleonelsa@gmail.com','919627410','2019-06-08','2019-06-10',2,0,'166','Quarto Duplo Superior com Varanda e Vista Mar (parcial)','room','2019-04-08 22:31:38','2019-04-08 22:31:38',NULL),
	(1397,'pt','Débora Gomide','debora.m.gomide@gmail.com','918961292','2019-04-11','2019-04-12',2,0,'139','Pack Massagem','pack','2019-04-08 23:27:26','2019-04-08 23:27:26',NULL),
	(1398,'en','Marco Ascensão','realsweden@gmail.com','965146634','2019-05-24','2019-05-26',2,1,'208','Family Room','room','2019-04-09 11:00:28','2019-04-09 11:00:28',NULL),
	(1399,'pt','Pedro','pd@sapo.pt','961234567','2019-04-19','2019-04-21',1,0,'228','Suite com Vista Piscina','room','2019-04-09 11:43:40','2019-04-09 11:43:40',NULL),
	(1400,'pt','Elisabete Gama','gamaelisabetegama@gmail.com','967301652','2019-04-13','2019-04-14',2,0,'136','Pack Romântico','pack','2019-04-09 14:43:50','2019-04-09 14:43:50',NULL),
	(1401,'pt','Sandra Neves','siamn1977@hotmail.com','927456481','2019-06-08','2019-06-10',2,1,'218','Quarto Familiar','room','2019-04-09 14:59:46','2019-04-09 14:59:46',NULL),
	(1402,'pt','Mara lucia fonseca correia pereira','marapereira1979@gmail.com','969254066','2019-04-12','2019-04-14',1,0,'262','Pack Romântico','pack','2019-04-09 19:17:30','2019-04-09 19:17:30',NULL),
	(1403,'pt','Andreia Silva','andreia.c.silva@icloud.com','936740743','2019-04-20','2019-04-21',2,0,'114','Suite com Vista Piscina','room','2019-04-09 23:51:00','2019-04-09 23:51:00',NULL),
	(1404,'pt','Mónica Leonardo','monicahleonardo@hotmail.com','963155558','2019-04-11','2019-04-13',2,1,'198','Quarto Familiar','room','2019-04-10 13:22:02','2019-04-10 13:22:02',NULL),
	(1405,'pt','Débora Gomide','debora.m.gomide@gmail.com','918961292','2019-04-11','2019-04-12',2,0,'64','Quarto Duplo Conforto','room','2019-04-10 17:19:43','2019-04-10 17:19:43',NULL),
	(1406,'pt','Débora Gomide','debora.m.gomide@gmail.com','918961292','2019-04-11','2019-04-12',2,0,'64','Quarto Duplo Conforto','room','2019-04-10 17:19:50','2019-04-10 17:19:50',NULL),
	(1407,'pt','Claudio','claudiopato11@hotmail.com','925683750','2019-04-20','2019-04-22',2,0,'298','Pack Massagem','pack','2019-04-10 17:26:11','2019-04-10 17:26:11',NULL),
	(1408,'pt','Claudio','claudiopato11@hotmail.com','925683750','2019-04-20','2019-04-22',2,0,'298','Pack Massagem','pack','2019-04-10 17:26:11','2019-04-10 17:26:11',NULL),
	(1409,'en','Joyce L King','joycelking@bellsouth.net','8433458522','2019-06-04','2019-06-06',1,0,'128','Double Comfort Room','room','2019-04-10 17:42:19','2019-04-10 17:42:19',NULL),
	(1410,'pt','Helena Sousa','nena_hsfs@hotmail.com','913027133','2019-04-20','2019-04-21',2,0,'149','Pack Massagem','pack','2019-04-10 17:57:48','2019-04-10 17:57:48',NULL),
	(1411,'pt','sara menezes','sara.menezes-47516p@adv.oa.pt','963851101','2019-08-18','2019-08-23',2,1,'745','Quarto Familiar','room','2019-04-10 17:58:06','2019-04-10 17:58:06',NULL),
	(1412,'pt','Carlos','caitasimoes@gmail.com','933975262','2019-04-12','2019-04-13',2,0,'126','Pack Romântico','pack','2019-04-10 20:10:20','2019-04-10 20:10:20',NULL),
	(1413,'pt','Carlos','caitasimoes@gmail.com','933975262','2019-04-12','2019-04-13',2,0,'126','Pack Romântico','pack','2019-04-10 20:10:26','2019-04-10 20:10:26',NULL),
	(1414,'pt','Andreia Guerra','andreiaguerra1@hotmail.com','927265930','2019-04-13','2019-04-14',2,0,'149','Pack Massagem','pack','2019-04-10 20:28:06','2019-04-10 20:28:06',NULL),
	(1415,'pt','Olga','olgakondratuk79@gmail.com','965258365','2019-04-29','2019-05-02',2,1,'297','Quarto Familiar','room','2019-04-11 09:32:25','2019-04-11 09:32:25',NULL),
	(1416,'pt','carla','cprantomd@gmail.com','914246300','2019-04-11','2019-04-13',2,0,'278','Pack Massagem','pack','2019-04-11 10:44:36','2019-04-11 10:44:36',NULL),
	(1417,'pt','Rui pedro','ruiafpedro@hotmail.com','917253928','2019-04-19','2019-04-21',2,0,'272','Pack Romântico','pack','2019-04-11 13:18:01','2019-04-11 13:18:01',NULL),
	(1418,'pt','Marta','marta.b.amorim@gmail.com','963604707','2019-05-04','2019-05-05',2,0,'74','Quarto Duplo Conforto','room','2019-04-11 14:06:30','2019-04-11 14:06:30',NULL),
	(1419,'pt','Catarina Duarte','docentro.farmacia@gmail.com','919547750','2019-09-07','2019-09-08',2,0,'0','Pack Adoráveis 60','pack','2019-04-11 16:24:11','2019-04-11 16:24:11',NULL),
	(1420,'pt','Andreia Veiga','andreiaveiga3@gmail.com','916979677','2019-04-21','2019-04-22',1,0,'136','Pack Romântico','pack','2019-04-11 17:06:02','2019-04-11 17:06:02',NULL),
	(1421,'pt','Tatiana Serrasqueiro','tatyfilipa13@hotmail.com','910651714','2019-04-27','2019-04-28',2,0,'136','Pack Romântico','pack','2019-04-11 17:58:33','2019-04-11 17:58:33',NULL),
	(1422,'pt','Patrícia Nascimento','patytcm@hotmail.com','911029585','2019-04-11','2019-04-12',1,0,'64','Quarto Duplo Conforto','room','2019-04-11 20:52:26','2019-04-11 20:52:26',NULL),
	(1423,'pt','Patrícia Nascimento','patytcm@hotmail.com','911029585','2019-04-13','2019-04-14',2,0,'74','Quarto Duplo Conforto','room','2019-04-11 20:53:50','2019-04-11 20:53:50',NULL),
	(1424,'pt','Andressa Silva','dureza_jr@hotmail.com','934199423','2019-04-19','2019-04-21',1,1,'148','Quarto Duplo Conforto','room','2019-04-12 12:22:17','2019-04-12 12:22:17',NULL),
	(1425,'pt','Nuno Sousa','Fernando_mfms@hotmail.com','916830738','2019-05-09','2019-05-10',1,0,'126','Pack Romântico','pack','2019-04-12 17:16:19','2019-04-12 17:16:19',NULL),
	(1426,'pt','Carla','carlalexandra1@hotmail.com','912856782','2019-05-04','2019-05-05',1,0,'136','Pack Romântico','pack','2019-04-12 17:46:56','2019-04-12 17:46:56',NULL),
	(1427,'pt','Nuno Pássaro','njpassaro@gmail.com','962801185','2019-04-24','2019-04-25',2,0,'73','Quarto Duplo Superior com Varanda e Vista Mar (parcial)','room','2019-04-12 19:18:44','2019-04-12 19:18:44',NULL),
	(1428,'pt','Nuno Freire','motofreire@gmail.com','917698869','2019-04-27','2019-04-28',2,0,'136','Pack Romântico','pack','2019-04-12 20:19:58','2019-04-12 20:19:58',NULL),
	(1429,'pt','Lara Preto','laraeppreto@gmail.com','917373764','2019-04-27','2019-04-28',2,0,'136','Pack Romântico','pack','2019-04-12 20:48:49','2019-04-12 20:48:49',NULL),
	(1430,'pt','Angela Carreira','angela_carreira@hotmail.com','914176325','2019-04-23','2019-04-24',2,0,'139','Pack Massagem','pack','2019-04-13 08:09:19','2019-04-13 08:09:19',NULL),
	(1431,'pt','ana margarida','margarida.mk2013@gmail.com','965237184','2019-04-18','2019-04-19',2,0,'136','Pack Romântico','pack','2019-04-13 08:48:35','2019-04-13 08:48:35',NULL),
	(1432,'en','Manuela Holtmann','manuela.holtmann@gmx.de','+4915158931800','2019-09-13','2019-09-15',2,0,'192','Double Superior Room with Terrace and Partial Sea View','room','2019-04-13 14:42:26','2019-04-13 14:42:26',NULL),
	(1433,'pt','Patricia Cordeiro','patricia.silva.cordeiro@gmail.com','968440423','2019-04-22','2019-04-23',3,0,'99','Quarto Familiar','room','2019-04-13 16:26:46','2019-04-13 16:26:46',NULL),
	(1434,'pt','Nuno','nunomcaeiro@hotmail.com','11111111111','2019-04-27','2019-04-28',2,0,'136','Pack Romântico','pack','2019-04-13 17:07:44','2019-04-13 17:07:44',NULL),
	(1435,'pt','Carlos souza','sarahncsouza07@gmail.com','937359460','2019-04-26','2019-04-28',2,0,'272','Pack Romântico','pack','2019-04-13 19:27:17','2019-04-13 19:27:17',NULL),
	(1436,'pt','Bruno Filipe Rijo Rosado','bruno_icetea@hotmail.com','966545810','2019-04-24','2019-04-26',2,0,'262','Pack Romântico','pack','2019-04-13 22:50:47','2019-04-13 22:50:47',NULL),
	(1437,'en','Schälike','andrea@schaelike.com','+4915158965673','2019-09-13','2019-09-15',2,0,'156','Double Superior Room with Balcony and Partial Sea View','room','2019-04-14 13:26:45','2019-04-14 13:26:45',NULL),
	(1438,'en','Silke Jonas','silke-jonas@gmx.de','00494131733695','2019-07-20','2019-07-22',2,0,'228','Double Superior Room with Balcony and Partial Sea View','room','2019-04-14 17:30:13','2019-04-14 17:30:13',NULL),
	(1439,'pt','luis','charme.rubro@gmail.com','919262686','2019-04-16','2019-04-17',2,0,'73','Quarto Duplo Superior com Varanda e Vista Mar (parcial)','room','2019-04-14 17:46:55','2019-04-14 17:46:55',NULL),
	(1440,'pt','luis','charme.rubro@gmail.com','919262686','2019-04-16','2019-04-17',2,1,'99','Quarto Familiar','room','2019-04-14 17:49:27','2019-04-14 17:49:27',NULL),
	(1441,'pt','Inês','almeida.de.ines@gmail.com','912342644','2019-04-17','2019-04-19',2,0,'138','Quarto Duplo Conforto','room','2019-04-14 18:45:23','2019-04-14 18:45:23',NULL),
	(1442,'pt','Sandra Silva','xanasilva1933@Gmail.com','965445050','2019-04-27','2019-04-28',2,0,'136','Pack Romântico','pack','2019-04-14 20:28:47','2019-04-14 20:28:47',NULL),
	(1443,'pt','Sofia','vania.svalentim@gmail.com','964897597','2019-04-25','2019-04-28',2,0,'249','Quarto Duplo Superior com Varanda e Vista Mar (parcial)','room','2019-04-14 21:22:37','2019-04-14 21:22:37',NULL),
	(1444,'pt','Zelia felizardo','zeliafartofelizardo@hotmail.com','+351917602462','2001-01-31','2019-04-22',1,0,'0','Pack Massagem','pack','2019-04-14 21:26:22','2019-04-14 21:26:22',NULL),
	(1445,'en','Filipa Mendes','hypa02@gmail.com','939636362','2019-04-18','2019-04-19',2,0,'114','Suite Swimming Pool View','room','2019-04-14 21:33:12','2019-04-14 21:33:12',NULL),
	(1446,'en','Filipa Mendes','hypa02@gmail.com','939636362','2019-04-18','2019-04-19',2,0,'101','Double Superior Room with Terrace and Partial Sea View','room','2019-04-14 21:39:32','2019-04-14 21:39:32',NULL),
	(1447,'en','Filipa Mendes','hypa02@gmail.com','939636362','2019-04-18','2019-04-19',2,0,'149','Massage Package','pack','2019-04-14 21:43:47','2019-04-14 21:43:47',NULL),
	(1448,'pt','CACOUB','merylcacoub@hotmail.com','0660538421','2019-05-25','2019-05-27',2,0,'166','Quarto Twin Conforto','room','2019-04-14 21:48:14','2019-04-14 21:48:14',NULL),
	(1449,'pt','Andrea Carvalho','andreasusanaantunes@gmail.com','916031000','2019-04-16','2019-04-17',1,1,'73','Quarto Duplo Superior com Varanda e Vista Mar (parcial)','room','2019-04-14 22:24:00','2019-04-14 22:24:00',NULL),
	(1450,'pt','VirgÃ­nia Antunes','virginiacatarinaantunes@gmail.com','966229831','2019-04-26','2019-04-28',2,0,'298','Pack Massagem','pack','2019-04-15 00:29:23','2019-04-15 00:29:23',NULL),
	(1451,'pt','VirgÃ­nia Antunes','virginiacatarinaantunes@gmail.com','966229831','2019-04-26','2019-04-28',2,0,'298','Pack Massagem','pack','2019-04-15 00:29:25','2019-04-15 00:29:25',NULL),
	(1452,'pt','VirgÃ­nia Antunes','virginiacatarinaantunes@gmail.com','966229831','2019-04-26','2019-04-28',2,0,'298','Pack Massagem','pack','2019-04-15 00:29:28','2019-04-15 00:29:28',NULL),
	(1453,'pt','VirgÃ­nia Antunes','virginiacatarinaantunes@gmail.com','966229831','2019-04-26','2019-04-28',2,0,'298','Pack Massagem','pack','2019-04-15 00:29:28','2019-04-15 00:29:28',NULL),
	(1454,'pt','Carlos de Almeida','cnpa070777@hotmail.com','967426077','2019-04-20','2019-04-22',2,0,'202','Quarto Duplo Superior com Terraço e Vista Mar (parcial)','room','2019-04-15 05:56:17','2019-04-15 05:56:17',NULL),
	(1455,'pt','LOIDE ISABEL REIS','loidesoares@hotmail.com','917252229','2019-04-18','2019-04-20',1,0,'176','Quarto Twin Conforto','room','2019-04-15 10:36:57','2019-04-15 10:36:57',NULL),
	(1456,'pt','ANTONIO','almacenespallas@hotmail.com','616432762','2019-04-17','2019-04-19',2,1,'208','Quarto Familiar','room','2019-04-15 12:09:23','2019-04-15 12:09:23',NULL),
	(1457,'en','Miguel Portela','miguel.portela@gmail.com','965537000','2019-04-15','2019-04-16',2,1,'99','Family Room','room','2019-04-15 12:10:46','2019-04-15 12:10:46',NULL),
	(1458,'en','Miguel Portela','miguel.portela@gmail.com','965537000','2019-04-20','2019-04-21',2,1,'109','Family Room','room','2019-04-15 12:11:21','2019-04-15 12:11:21',NULL),
	(1459,'pt','Susana Matos','srsm3088@gmail.com','912999121','2019-04-16','2019-04-17',2,0,'64','Quarto Duplo Conforto','room','2019-04-15 20:47:07','2019-04-15 20:47:07',NULL),
	(1460,'pt','Jessica Nunes','Jessy-duarte8@hotmail.com','915483756','2019-04-19','2019-04-20',1,0,'136','Pack Romântico','pack','2019-04-16 01:53:24','2019-04-16 01:53:24',NULL),
	(1461,'pt','Carlos Fonseca','tropimaloca1@gmail.com','938052920','2019-04-19','2019-04-20',1,0,'149','Pack Massagem','pack','2019-04-16 02:46:26','2019-04-16 02:46:26',NULL),
	(1462,'pt','Raquel Martins','raquelmartins.16035@gmail.com','933593284','2019-05-10','2019-05-12',2,0,'262','Pack Romântico','pack','2019-04-16 08:00:25','2019-04-16 08:00:25',NULL),
	(1463,'pt','raquel martins','raquelmartins.16035@gmail.com','933593284','2019-05-10','2019-05-12',1,0,'288','Pack Massagem','pack','2019-04-16 08:47:17','2019-04-16 08:47:17',NULL),
	(1464,'pt','Ana Brás','anaftbras@gmail.com','96602954','2019-05-02','2019-05-03',2,0,'139','Pack Massagem','pack','2019-04-16 10:29:53','2019-04-16 10:29:53',NULL),
	(1465,'pt','Rita Félix','ritafelix80@hotmail.com','914378107','2019-04-20','2019-04-21',1,0,'136','Pack Romântico','pack','2019-04-16 11:05:07','2019-04-16 11:05:07',NULL),
	(1466,'pt','Rita Félix','ritafelix80@hotmail.com','914378107','2019-04-20','2019-04-21',2,0,'136','Pack Romântico','pack','2019-04-16 11:05:52','2019-04-16 11:05:52',NULL),
	(1467,'pt','Carolina Alfaiate','alfaiate.carolina@gmail.com','916780496','2019-08-17','2019-08-18',2,0,'209','Pack Romântico','pack','2019-04-16 12:40:20','2019-04-16 12:40:20',NULL),
	(1468,'pt','Cecilia mariuzza Daumas Felippe de Oliveira','cecilia.mariuzza@hotmail.com','62985863162','2019-06-19','2019-06-24',1,0,'600','Quarto Duplo Superior com Varanda e Vista Mar (parcial)','room','2019-04-16 18:52:39','2019-04-16 18:52:39',NULL),
	(1469,'pt','Sara Pires','sarapires585@gmail.com','960327133','2019-04-20','2019-04-21',2,0,'136','Pack Romântico','pack','2019-04-17 00:10:15','2019-04-17 00:10:15',NULL),
	(1470,'pt','Liliana Maria Rodrigues Antôno','lilianaantono@gmail.com','928056491','2019-04-29','2019-04-30',2,0,'126','Pack Romântico','pack','2019-04-17 02:31:09','2019-04-17 02:31:09',NULL),
	(1471,'pt','dora Farinha','dorriu@gmail.com','961296603','2019-04-24','2019-04-28',1,1,'534','Pack Romântico','pack','2019-04-17 09:36:32','2019-04-17 09:36:32',NULL),
	(1472,'pt','José Paulo França Mousaco','zpmousaco@gmail.com','934204844','2019-05-10','2019-05-12',2,0,'192','Quarto Duplo Superior com Terraço e Vista Mar (parcial)','room','2019-04-17 11:59:24','2019-04-17 11:59:24',NULL),
	(1473,'pt','Vitor Filipe','flip35@gmail.com','915323922','2019-07-26','2019-07-29',2,0,'342','Quarto Duplo Superior com Varanda e Vista Mar (parcial)','room','2019-04-17 16:01:08','2019-04-17 16:01:08',NULL),
	(1474,'pt','Helder Rocha','helderrochapereira@gmail.com','936562518','2019-04-24','2019-04-25',2,0,'126','Pack Romântico','pack','2019-04-17 16:03:18','2019-04-17 16:03:18',NULL),
	(1475,'pt','Helder Rocha','helderrochapereira@gmail.com','936562518','2019-04-24','2019-04-25',2,0,'126','Pack Romântico','pack','2019-04-17 16:03:46','2019-04-17 16:03:46',NULL),
	(1476,'pt','Heloisa becker','helosabe28@gmail.com','931381471','2019-04-24','2019-04-25',2,0,'139','Pack Massagem','pack','2019-04-17 20:01:10','2019-04-17 20:01:10',NULL),
	(1477,'pt','Marta','marta_santos91@hotmail.com','916505776','2019-05-31','2019-06-02',2,0,'325','Pack Romântico','pack','2019-04-17 20:42:27','2019-04-17 20:42:27',NULL),
	(1478,'pt','Ana Marques','Anasfmarques@gmail.com','919981363','2019-04-19','2019-04-20',2,0,'149','Pack Massagem','pack','2019-04-17 21:11:15','2019-04-17 21:11:15',NULL),
	(1479,'pt','Fernando','fdegli@live.com','913531178','2019-04-30','2019-05-01',2,0,'104','Suite com Vista Piscina','room','2019-04-17 22:02:05','2019-04-17 22:02:05',NULL),
	(1480,'pt','Fernando','fdegli@live.com','913531178','2019-04-30','2019-05-01',2,0,'139','Pack Massagem','pack','2019-04-17 22:03:14','2019-04-17 22:03:14',NULL),
	(1481,'pt','Andreia David','ssdd496@hotmail.com','936649664','2019-04-19','2019-04-21',2,0,'272','Pack Romântico','pack','2019-04-17 23:02:11','2019-04-17 23:02:11',NULL),
	(1482,'pt','Andreia David','ssdd496@hotmail.com','936649664','2019-04-19','2019-04-21',2,0,'166','Quarto Duplo Superior com Varanda e Vista Mar (parcial)','room','2019-04-17 23:08:32','2019-04-17 23:08:32',NULL),
	(1483,'en','test','test@test.de','008779877','2019-10-20','2019-10-26',1,0,'384','Double Comfort Room','room','2019-04-18 08:41:02','2019-04-18 08:41:02',NULL),
	(1484,'pt','Adriana','adrianapmreis@gmail.com','916443908','2019-04-18','2019-04-20',2,0,'272','Pack Romântico','pack','2019-04-18 11:32:15','2019-04-18 11:32:15',NULL),
	(1485,'pt','alexandra marisa alves jacinto rodrigues','alexandra26r@sapo.pt','965762289','2019-04-27','2019-04-28',2,0,'136','Pack Romântico','pack','2019-04-18 11:44:36','2019-04-18 11:44:36',NULL),
	(1486,'pt','David damil','davidcdamil@gmail.com','910971433','2019-04-18','2019-04-19',2,0,'136','Pack Romântico','pack','2019-04-18 14:12:36','2019-04-18 14:12:36',NULL),
	(1487,'pt','David damil','davidcdamil@gmail.com','910971433','2019-05-18','2019-05-19',2,0,'136','Pack Romântico','pack','2019-04-18 14:18:51','2019-04-18 14:18:51',NULL),
	(1488,'pt','Ana Oliveira','Ana.m.oliveira@hotmail.com','933933766','2019-04-27','2019-04-28',1,1,'136','Pack Romântico','pack','2019-04-18 15:51:37','2019-04-18 15:51:37',NULL),
	(1489,'pt','Elvio Ornelas','elvio@logomark.pt','967032196','2019-04-26','2019-04-27',1,1,'109','Quarto Familiar','room','2019-04-18 16:05:14','2019-04-18 16:05:14',NULL),
	(1490,'pt','Popovici Sandu','sandupopovici74@yahoo.com','964086677','2019-04-19','2019-04-21',2,1,'218','Quarto Familiar','room','2019-04-18 21:01:45','2019-04-18 21:01:45',NULL),
	(1491,'pt','Fábio Santos','fgdsantoz@gmail.com','911085211','2019-04-27','2019-04-28',2,0,'136','Pack Romântico','pack','2019-04-19 00:26:16','2019-04-19 00:26:16',NULL),
	(1492,'pt','Marcela Oliveira Moreira','marcelaoliveirajesus42@gmail.com','967048602','2019-05-11','2019-05-12',2,0,'136','Pack Romântico','pack','2019-04-19 01:15:30','2019-04-19 01:15:30',NULL),
	(1493,'pt','Marcela Oliveira Moreira','marcelaoliveirajesus42@gmail.com','967048602','2019-05-17','2019-05-18',2,0,'126','Pack Romântico','pack','2019-04-19 11:21:38','2019-04-19 11:21:38',NULL),
	(1494,'pt','Paula Cruz','f.paula.cruz@hotmail.com','916082705','2019-04-19','2019-04-20',2,0,'101','Quarto Duplo Superior com Terraço e Vista Mar (parcial)','room','2019-04-19 16:21:39','2019-04-19 16:21:39',NULL),
	(1495,'pt','Ana Paula da Cruz Guedes','ana121272@hotmail.com','918710806','2019-05-25','2019-05-26',2,0,'136','Pack Romântico','pack','2019-04-19 21:38:26','2019-04-19 21:38:26',NULL),
	(1496,'pt','Monia nunes','monia_alexandra@hotmail.com','916066837','2019-04-20','2019-04-21',2,0,'136','Pack Romântico','pack','2019-04-19 23:36:46','2019-04-19 23:36:46',NULL),
	(1497,'pt','Monia nunes','monia_alexandra@hotmail.com','916066837','2019-04-20','2019-04-21',2,0,'149','Pack Massagem','pack','2019-04-19 23:38:05','2019-04-19 23:38:05',NULL),
	(1498,'pt','Ema Sousa','emavasconcelos_91@hotmail.com','916702510','2019-04-27','2019-04-28',2,0,'101','Quarto Duplo Superior com Terraço e Vista Mar (parcial)','room','2019-04-20 00:09:58','2019-04-20 00:09:58',NULL),
	(1499,'pt','Andreia Araújo','andreiasaaraujo80@gmail.com','912200250','2019-05-11','2019-05-12',2,0,'74','Quarto Duplo Conforto','room','2019-04-20 00:57:11','2019-04-20 00:57:11',NULL),
	(1500,'pt','MF','mfanica@gmail.com','919412325','2019-06-07','2019-06-10',2,0,'332','Suite com Vista Piscina','room','2019-04-20 07:55:22','2019-04-20 07:55:22',NULL),
	(1501,'pt','Fabio','fabio10.hn.slb@hotmail.com','935234273','2019-04-24','2019-04-25',2,0,'126','Pack Romântico','pack','2019-04-20 22:31:08','2019-04-20 22:31:08',NULL),
	(1502,'pt','Jose Rodrigues','angela_filipa10@hotmail.com','968635645','2019-06-07','2019-06-09',2,0,'192','Quarto Duplo Superior com Terraço e Vista Mar (parcial)','room','2019-04-20 22:42:13','2019-04-20 22:42:13',NULL),
	(1503,'pt','Mariana Paulino','marianafilipa31@gmail.com','918240051','2019-05-27','2019-05-28',2,0,'126','Pack Romântico','pack','2019-04-21 01:28:22','2019-04-21 01:28:22',NULL),
	(1504,'pt','Andreia Oliveira','andreiassoliveira1988@gmail.com','969918987','2019-04-22','2019-04-23',2,0,'139','Pack Massagem','pack','2019-04-21 10:09:53','2019-04-21 10:09:53',NULL),
	(1505,'pt','João Ascenso','joao_a_ascenso@hotmail.com','967262303','2019-04-29','2019-04-30',2,0,'126','Pack Romântico','pack','2019-04-21 15:07:09','2019-04-21 15:07:09',NULL),
	(1506,'pt','Elsa Taborda','elsa.taborda1995@gmail.com','934990313','2019-04-30','2019-05-01',2,0,'139','Pack Massagem','pack','2019-04-21 15:59:54','2019-04-21 15:59:54',NULL),
	(1507,'pt','raquel','solytito@hotmail.com','649638378','2019-05-14','2019-05-16',2,0,'156','Quarto Twin Conforto','room','2019-04-21 19:51:47','2019-04-21 19:51:47',NULL),
	(1508,'pt','Patrícia','isa_f23@hotmail.com','6856','2019-05-25','2019-05-26',2,0,'136','Pack Romântico','pack','2019-04-21 22:39:01','2019-04-21 22:39:01',NULL),
	(1509,'pt','Adilson carvalho batista','adilsobatista@live.com.pt','969240649','2019-05-12','2019-05-13',2,0,'126','Pack Romântico','pack','2019-04-22 01:19:52','2019-04-22 01:19:52',NULL),
	(1510,'pt','ana sofia duarte','avaratojo@gmail.com','967849555','2019-06-09','2019-06-10',2,0,'74','Quarto Duplo Conforto','room','2019-04-22 09:32:29','2019-04-22 09:32:29',NULL),
	(1511,'pt','Carlos Batalha','batalha.c@gmail.com','917115410','2019-04-27','2019-04-28',1,2,'109','Quarto Familiar','room','2019-04-22 09:58:53','2019-04-22 09:58:53',NULL),
	(1512,'pt','Miguel Matos','miguelmatos.apb@gmail.com','917845049','2019-04-26','2019-04-28',2,0,'298','Pack Massagem','pack','2019-04-22 12:35:07','2019-04-22 12:35:07',NULL),
	(1513,'pt','Ana Pato','anahpato@gmail.com','968974280','2019-04-22','2019-04-23',2,0,'73','Quarto Duplo Superior com Varanda e Vista Mar (parcial)','room','2019-04-22 13:34:48','2019-04-22 13:34:48',NULL),
	(1514,'pt','Ana Pato','anahpato@gmail.com','968974280','2019-05-19','2019-05-20',2,0,'73','Quarto Duplo Superior com Varanda e Vista Mar (parcial)','room','2019-04-22 13:41:14','2019-04-22 13:41:14',NULL),
	(1515,'pt','Carlos Batalha','batalha.c@gmail.com','917115410','2019-04-27','2019-04-28',1,2,'109','Quarto Familiar','room','2019-04-22 14:30:46','2019-04-22 14:30:46',NULL),
	(1516,'pt','Luis Vaz','luisvazjunior321@gmail.com','7783314859','2019-04-22','2019-04-23',2,0,'126','Pack Romântico','pack','2019-04-22 17:31:25','2019-04-22 17:31:25',NULL),
	(1517,'pt','Jessica','jessicaplacido195@hotmail.con','963183159','2019-05-03','2019-05-05',2,0,'272','Pack Romântico','pack','2019-04-22 17:32:55','2019-04-22 17:32:55',NULL),
	(1518,'pt','Luis Miguel Delgado Pedreiro','siulmdp@gmail.com','964341425','2019-04-23','2019-04-25',2,0,'252','Pack Romântico','pack','2019-04-22 18:09:08','2019-04-22 18:09:08',NULL),
	(1519,'pt','Luis Miguel Delgado Pedreiro','siulmdp@gmail.com','964341425','2019-04-23','2019-04-25',2,0,'278','Pack Massagem','pack','2019-04-22 18:10:24','2019-04-22 18:10:24',NULL),
	(1520,'pt','Luis Miguel Delgado Pedreiro','siulmdp@gmail.com','964341425','2019-04-23','2019-04-25',2,0,'208','Suite com Vista Piscina','room','2019-04-22 18:11:13','2019-04-22 18:11:13',NULL),
	(1521,'pt','Carlos Fileno','carlosfileno57@gmail.com','967960630','2019-04-26','2019-04-27',2,0,'136','Pack Romântico','pack','2019-04-22 18:19:41','2019-04-22 18:19:41',NULL),
	(1522,'pt','Rui','ruibarros90@gmail.com','968894065','2019-05-14','2019-05-15',2,0,'126','Pack Romântico','pack','2019-04-22 18:30:23','2019-04-22 18:30:23',NULL),
	(1523,'pt','Célia Santos','celiasilva_80@hotmail.com','929040663','2019-04-25','2019-04-26',2,0,'74','Quarto Duplo Conforto','room','2019-04-22 19:08:39','2019-04-22 19:08:39',NULL),
	(1524,'pt','Paula Sá Pina','paulacs@gmail.com','916706911','2019-04-23','2019-04-25',2,0,'208','Suite com Vista Piscina','room','2019-04-22 19:19:18','2019-04-22 19:19:18',NULL),
	(1525,'pt','maria','maria@sapo.pt','912345679','2019-04-25','2019-04-27',1,0,'218','Quarto Familiar','room','2019-04-22 19:25:52','2019-04-22 19:25:52',NULL),
	(1526,'pt','rafaela','rafaela_martins1991@hotmail.com','965054560','2019-04-24','2019-04-25',2,0,'126','Pack Romântico','pack','2019-04-22 19:56:18','2019-04-22 19:56:18',NULL),
	(1527,'pt','Bruna Rosinha','brunarosinha24@hotmail.com','914610990','2019-04-27','2019-04-28',2,0,'149','Pack Massagem','pack','2019-04-22 21:55:53','2019-04-22 21:55:53',NULL),
	(1528,'pt','Maria Calapez','maria.m.calapez@gmail.com','917497693','2019-04-27','2019-04-28',1,0,'61','Quarto Individual Conforto','room','2019-04-23 02:29:49','2019-04-23 02:29:49',NULL),
	(1529,'pt','Maria Calapez','maria.m.calapez@gmail.com','917497693','2019-04-27','2019-04-28',1,0,'74','Quarto Duplo Conforto','room','2019-04-23 02:30:49','2019-04-23 02:30:49',NULL),
	(1530,'pt','Jéssica Plácido','jessicaplacido195@hotmail.com','963183159','2019-05-03','2019-05-05',2,0,'272','Pack Romântico','pack','2019-04-23 08:52:19','2019-04-23 08:52:19',NULL),
	(1531,'pt','Diana','diana03922@hotmail.com','961442042','2019-05-10','2019-05-11',1,0,'126','Pack Romântico','pack','2019-04-23 15:23:07','2019-04-23 15:23:07',NULL),
	(1532,'pt','Diana','amoyurisantos@gmail.com','961442042','2019-04-23','2019-04-24',1,0,'126','Pack Romântico','pack','2019-04-23 15:42:06','2019-04-23 15:42:06',NULL),
	(1533,'pt','Diana','amoyurisantos@gmail.com','961442042','2019-05-10','2019-05-11',1,0,'126','Pack Romântico','pack','2019-04-23 15:43:21','2019-04-23 15:43:21',NULL),
	(1534,'pt','Diana','amoyurisantos@gmail.com','961442042','2019-05-10','2019-05-11',2,0,'126','Pack Romântico','pack','2019-04-23 15:44:15','2019-04-23 15:44:15',NULL),
	(1535,'pt','Tatiana','goncalves_tatiana@hotmail.com','961205743','2019-04-26','2019-04-27',2,0,'74','Quarto Duplo Conforto','room','2019-04-23 16:42:51','2019-04-23 16:42:51',NULL),
	(1536,'pt','Cláudia Samouco','claudiafsilva@live.com.pt','966965344','2019-05-04','2019-05-05',2,0,'149','Pack Massagem','pack','2019-04-23 19:16:46','2019-04-23 19:16:46',NULL),
	(1537,'pt','Andreia Marques','andreiam_84@hotmail.com','915410088','2019-04-29','2019-05-03',2,0,'364','Quarto Duplo Superior com Terraço e Vista Mar (parcial)','room','2019-04-23 21:42:18','2019-04-23 21:42:18',NULL),
	(1538,'pt','Ana Martins','cristinamartins9@hotmail.com','962475608','2019-05-31','2019-06-01',1,0,'126','Pack Romântico','pack','2019-04-24 08:42:15','2019-04-24 08:42:15',NULL),
	(1539,'pt','Francisco Fernandes','fjsfernandes@gmail.com','962856020','2019-05-18','2019-05-19',2,1,'109','Quarto Familiar','room','2019-04-24 14:09:41','2019-04-24 14:09:41',NULL),
	(1540,'pt','Marcela Oliveira Moreira','marcelaoliveirajesus42@gmail.com','967048602','2019-05-17','2019-05-18',2,0,'126','Pack Romântico','pack','2019-04-24 15:28:12','2019-04-24 15:28:12',NULL),
	(1541,'pt','Nuno Goncalves','nuno.nunex@live.com.pt','919953828','2019-04-24','2019-04-25',1,0,'126','Pack Romântico','pack','2019-04-24 15:32:27','2019-04-24 15:32:27',NULL),
	(1542,'pt','Cátia Gomes','catiaandreia.gomes@auchan.pt','935018675','2019-05-11','2019-05-12',2,0,'136','Pack Romântico','pack','2019-04-24 16:01:45','2019-04-24 16:01:45',NULL),
	(1543,'en','gary','gary.mcgaghey13@gmail.com','07745170032','2019-06-08','2019-06-10',1,0,'122','Single Comfort Room','room','2019-04-24 18:42:57','2019-04-24 18:42:57',NULL),
	(1544,'en','gary','gary.mcgaghey13@gmail.com','07745170032','2019-06-08','2019-06-10',2,0,'176','Twin Comfort Room','room','2019-04-24 18:43:45','2019-04-24 18:43:45',NULL),
	(1545,'pt','Sérgio Manuel Santos Moça','sergiomoca@live.com.pt','913925750','2019-05-01','2019-05-02',2,0,'126','Pack Romântico','pack','2019-04-24 21:11:30','2019-04-24 21:11:30',NULL),
	(1546,'pt','Luis Vaz','luisvazjunior321@gmail.com','7783314859','2019-05-03','2019-05-05',2,0,'272','Pack Romântico','pack','2019-04-24 21:42:57','2019-04-24 21:42:57',NULL),
	(1547,'en','Miki Weiss','mweiss713@gmail.com','9142624753','2019-05-31','2019-06-05',2,0,'0','Lovely 60\'s Package','pack','2019-04-24 23:37:14','2019-04-24 23:37:14',NULL),
	(1548,'pt','Peter','peter-path@homail.com','351912380181','2019-04-26','2019-04-28',2,0,'298','Pack Massagem','pack','2019-04-25 07:06:56','2019-04-25 07:06:56',NULL),
	(1549,'pt','Ana Isabel Nunes da Costa','anac7818@gmail.com','912660855','2019-04-26','2019-04-27',2,0,'136','Pack Romântico','pack','2019-04-25 11:51:55','2019-04-25 11:51:55',NULL),
	(1550,'pt','David Damil','davidcdamil@gmail.com','910971433','2019-05-18','2019-05-19',2,0,'136','Pack Romântico','pack','2019-04-25 13:29:09','2019-04-25 13:29:09',NULL),
	(1551,'pt','Miguel Silva','msilva1@live.com.pt','912686889','2019-05-03','2019-05-05',2,1,NULL,'Quarto Familiar','room','2019-04-25 14:28:36','2019-04-25 14:28:36',NULL),
	(1552,'pt','Nuno Mónica','nuno.monica@netcabo.pt','968054522','2019-04-26','2019-04-27',2,0,'149','Pack Massagem','pack','2019-04-25 16:34:10','2019-04-25 16:34:10',NULL),
	(1553,'pt','catarina bravo','catarina.bravoo@gmail.com','911988025','2019-04-27','2019-04-28',2,0,'83','Quarto Duplo Superior com Varanda e Vista Mar (parcial)','room','2019-04-25 21:14:25','2019-04-25 21:14:25',NULL),
	(1554,'pt','Tânia Patricia Martins Jesus','taniapatricia1@hotmail.com','964879092','2019-05-01','2019-05-02',2,0,'73','Quarto Duplo Superior com Varanda e Vista Mar (parcial)','room','2019-04-25 21:35:10','2019-04-25 21:35:10',NULL),
	(1555,'pt','cristina','ancristina.esan@gmaail.com','966042907','2019-04-27','2019-04-28',2,0,'136','Pack Romântico','pack','2019-04-26 08:36:15','2019-04-26 08:36:15',NULL),
	(1556,'pt','cristina','anacristina.esan@gmail.com','966042907','2019-04-27','2019-04-28',2,0,'136','Pack Romântico','pack','2019-04-26 08:38:04','2019-04-26 08:38:04',NULL),
	(1557,'pt','cristina','anacristina.esan@gmail.com','966042907','2019-04-27','2019-04-28',2,0,'114','Suite com Vista Piscina','room','2019-04-26 08:42:35','2019-04-26 08:42:35',NULL),
	(1558,'pt','Jorge Silva slingshot','jorge.silva@slingshot.pt','05453415512','2021-01-20','2021-01-21',1,0,'126','Uma experiência inesquecível','pack','2021-01-20 14:37:39','2021-01-20 14:37:39',NULL),
	(1559,'pt','slingshot','jorge.silva@slingshot.pt','05453415512','2021-01-20','2021-01-21',1,0,'99','Quarto Familiar','room','2021-01-20 17:27:10','2021-01-20 17:27:10',NULL),
	(1560,'pt','fdhdfhdfd','jorge.silva@slingshot.pt','05453415512','2021-01-27','2021-01-28',1,1,'0','Suite Deluxe Mar','room','2021-01-27 09:36:10','2021-01-27 09:36:10',NULL),
	(1561,'pt','Jorge Silva ttt','jorge.silva@slingshot.pt','05453415512','2021-01-27','2021-01-28',1,0,'284','Momentos a dois para desconectar, ficar e amar.','pack','2021-01-27 09:55:12','2021-01-27 09:55:12',NULL);

/*!40000 ALTER TABLE `availability_requests` ENABLE KEYS */;
UNLOCK TABLES;


# Dump of table block_translations
# ------------------------------------------------------------

DROP TABLE IF EXISTS `block_translations`;

CREATE TABLE `block_translations` (
  `id` int(10) unsigned NOT NULL AUTO_INCREMENT,
  `block_id` int(10) unsigned NOT NULL,
  `title` text COLLATE utf8mb4_unicode_ci NOT NULL,
  `label` text COLLATE utf8mb4_unicode_ci DEFAULT NULL,
  `description` longtext COLLATE utf8mb4_unicode_ci DEFAULT NULL,
  `locale` varchar(191) COLLATE utf8mb4_unicode_ci NOT NULL,
  PRIMARY KEY (`id`),
  UNIQUE KEY `block_translations_block_id_locale_unique` (`block_id`,`locale`),
  KEY `block_translations_locale_index` (`locale`),
  CONSTRAINT `block_translations_block_id_foreign` FOREIGN KEY (`block_id`) REFERENCES `blocks` (`id`) ON DELETE CASCADE
) ENGINE=InnoDB DEFAULT CHARSET=utf8mb4 COLLATE=utf8mb4_unicode_ci;

LOCK TABLES `block_translations` WRITE;
/*!40000 ALTER TABLE `block_translations` DISABLE KEYS */;

INSERT INTO `block_translations` (`id`, `block_id`, `title`, `label`, `description`, `locale`)
VALUES
	(2,1,'Bem vindo \r\nWell Hotel & Spa','Sobre nós','<p>Situado entre as praias de Santa Rita e Porto Novo, o Well Hotel &amp; Spa surpreende e encanta todos os seus hóspedes e visitantes. Desfrute do conforto de um hotel familiar, onde receberá toda a atenção desde o primeiro momento.</p>','pt'),
	(4,2,'Desfrute do conforto de um hotel familiar','Sobre','<p>Situado entre as praias de Santa Rita e Porto Novo, o Well Hotel &amp; Spa surpreende e encanta todos os seus hóspedes e visitantes. Desfrute do conforto de um hotel familiar, onde receberá toda a atenção desde o primeiro momento.</p>\r\n<p>Explore todos os recantos deste espaço: delicie-se na área da piscina e jacuzzi; mime-se com um tratamento no nosso Moments of Wellness, relaxe na sauna e banho turco e conheça o nosso ginásio. No Inverno, estas áreas são cobertas e a água é aquecida, de modo a que possa usufruir de uma tarde na piscina enquanto ouve a chuva lá fora. De verão é descoberto com água morna. Entusiasmado?</p>\r\n<p>Espreite a carta de bebidas e snacks no Bar &amp; Bistrô by Well Hotel &amp; Spa e passe momentos de puro descanso. No Espaço Criança, os mais pequenos podem brincar e dar asas à sua imaginação.</p>\r\n<p>E porque queremos que se sinta em casa, tem à sua disposição 24h uma cozinha totalmente equipada, ideal para quem precisa de preparar e aquecer refeições para crianças.</p>\r\n<p>O nosso hotel dispõe ainda de um serviço de transfer de e para onde desejar. Pode ainda estacionar no parque público e gratuito.</p>','pt'),
	(12,6,'Sobre - conclusão',NULL,'<p>Se tudo isto ainda não o convenceu a fazer-nos uma visita, deixe-nos falar do nosso pequeno-almoço. Famoso pela sua variedade de frutas frescas, este banquete lembra-nos que as melhores coisas na vida podem ser encontradas nas pequenas localidades à beira-mar.</p>','pt'),
	(16,1,'Welcome to \r\nWell Hotel & Spa','About us','<p>Located between Santa Rita and Porto Novo beaches, Well Hotel &amp; Spa surprises and delights all its guests and visitors. Enjoy the comfort of a Family Room. This is where you will get full attention since the first moment.</p>','en'),
	(17,2,'Enjoy the comfort of a familiar hotel','About us','<p>Located between Santa Rita and Porto Novo beaches, the Well Hotel &amp; Spa surprises and delights all its\' guest and visitors. Enjoy the comfort of our Family Room. This is where you will get full attention since the first moment.</p>\r\n<p>Explore every corner of this place: Delight yourself on the swimming pool and in the jacuzzi; Spoil yourself with a treatment from our Moments of Wellness, relax in the sauna and in the steam bath and get to know our gym. During winter, these areas are covered and warmed so that you can enjoy a day at the swimming pool while it may be raining outside. During summer, it is uncovered but the water continues warm. Excited?</p>\r\n<p>Take a look at our drinks and snacks in our Bar and Bistrô by Well Hotel &amp; Spa and enjoy moments of pure rest. At Children\'s Corner, the little ones can play and be creative.</p>\r\n<p>Because we want you to feel like home, we have at your disposal a full equipped kitchen 24 hours, ideal for who needs to prepare or heat children\'s meals.</p>\r\n<p>Our hotel also has availability for transfer services from where and to you wish to go. You may even park your car at the free parking lot right in front of the hotel.</p>\r\n<p>If all of this hasn\'t convinced you to visit us, let us tell you about our breakfast. It is famous for its variety of fresh fruits. This banquet remind us the best things that can be found at the mall seaside villages.</p>\r\n<p>* every Sundays (low season) we offer 15% discount in accommodation - direct reservations</p>','en'),
	(18,6,'About us - conclusion',NULL,'<p>The Well Hotel &amp; Spa is 3 km from Santa Cruz where guests will find plenty of entertainment. Lisbon International Airport is a 40-minute drive away and a shuttle service can be provided upon request for an extra charge. The A8 mo- torway is 10 km away from Well Hotel &amp; Spa and provides access to Porto and Lisbon. Free public parking is available on site.</p>','en'),
	(19,7,'Reduzir. Reutilizar. Reciclar. Repensar. Respeitar','Sustentabilidade','<p>A nossa política ecológica baseia-se num melhoramento gradual através da utilização racional dos principais recursos naturais como a água e a energia, numa gestão consciente dos resíduos produzidos e em criar parcerias que nos ajudem na implementação dos nossos objetivos:</p>\r\n<p> </p>\r\n<p><strong>Diminuição no consumo de água:</strong></p>\r\n<ul style=\"list-style-type: disc;\">\r\n<li>Autoclismos e torneiras com baixo consumo de água;</li>\r\n<li>Aproveitamento das águas pluviais para regas;</li>\r\n<li>Sensibilização de hóspedes a comunicar perdas de água nas instalações do hotel e a diminuir a sua pegada ecológica durante a sua estadia.</li>\r\n</ul>\r\n<p> </p>\r\n<p><strong>Diminuição do consumo de energia:</strong></p>\r\n<ul style=\"list-style-type: disc;\">\r\n<li>Utilização de painéis fotovoltaicos;</li>\r\n<li>Sistema de iluminação acionado com cartão;</li>\r\n<li>Iluminação de baixo consumo sistema LED;</li>\r\n<li>Iluminação em áreas comuns com sensores de movimento;</li>\r\n<li>Sistemas de climatização com intensidade regulável pelo cliente;</li>\r\n<li>Construção com isolamento de lã de rocha;</li>\r\n<li>Vidro duplo em todos os quartos;Isolamento térmico e acústico das janelas e estanquicidade da caixilharia;</li>\r\n<li>Equipamento elétricos de classe A ou superiores. </li>\r\n</ul>\r\n<p> </p>\r\n<p><strong>Diminuição da produção de resíduos:</strong></p>\r\n<ul style=\"list-style-type: disc;\">\r\n<li>Reciclagem dos resíduos gerados;</li>\r\n<li>Disponibilizar aos hóspedes recipientes para recolha seletiva;</li>\r\n<li>Diminuição da utilização de papel (check in efetuado através de aplicação em tablet; envio de fatura por email);</li>\r\n<li>Diminuição da utilização de plástico (águas no quarto em garrafas de vidro);</li>\r\n<li>Sistemas de dosagem de detergente;</li>\r\n<li>Dinamização de deslocações ecológicas através de plataformas como a Portuguese Trails e Bikeibéria;</li>\r\n<li>Preferência pelos produtos da época e locais (agricultores locais);</li>\r\n<li>Revistas e jornais em formato digital, atualizado e disponível durante a estadia de cada hóspede – Aplicação PressReader;</li>\r\n<li>Bicicletas disponíveis como forma ecológica de conhecer a zona;Iniciativas trekking e birdwatching.</li>\r\n</ul>','en'),
	(20,7,'Reduzir. Reutilizar. Reciclar. Repensar. Respeitar','Sustentabilidade','<p>A nossa política ecológica baseia-se num melhoramento gradual através da utilização racional dos principais recursos naturais como a água e a energia, numa gestão consciente dos resíduos produzidos e em criar parcerias que nos ajudem na implementação dos nossos objetivos:</p>\r\n<p> </p>\r\n<p><strong>Diminuição no consumo de água:</strong></p>\r\n<ul style=\"list-style-type: disc;\">\r\n<li>Autoclismos e torneiras com baixo consumo de água;</li>\r\n<li>Aproveitamento das águas pluviais para regas;</li>\r\n<li>Sensibilização de hóspedes a comunicar perdas de água nas instalações do hotel e a diminuir a sua pegada ecológica durante a sua estadia.</li>\r\n</ul>\r\n<p> </p>\r\n<p><strong>Diminuição do consumo de energia:</strong></p>\r\n<ul style=\"list-style-type: disc;\">\r\n<li>Utilização de painéis fotovoltaicos;</li>\r\n<li>Sistema de iluminação acionado com cartão;</li>\r\n<li>Iluminação de baixo consumo sistema LED;</li>\r\n<li>Iluminação em áreas comuns com sensores de movimento;</li>\r\n<li>Sistemas de climatização com intensidade regulável pelo cliente;</li>\r\n<li>Construção com isolamento de lã de rocha;</li>\r\n<li>Vidro duplo em todos os quartos;Isolamento térmico e acústico das janelas e estanquicidade da caixilharia;</li>\r\n<li>Equipamento elétricos de classe A ou superiores. </li>\r\n</ul>\r\n<p> </p>\r\n<p><strong>Diminuição da produção de resíduos:</strong></p>\r\n<ul style=\"list-style-type: disc;\">\r\n<li>Reciclagem dos resíduos gerados;</li>\r\n<li>Disponibilizar aos hóspedes recipientes para recolha seletiva;</li>\r\n<li>Diminuição da utilização de papel (check in efetuado através de aplicação em tablet; envio de fatura por email);</li>\r\n<li>Diminuição da utilização de plástico (águas no quarto em garrafas de vidro);</li>\r\n<li>Sistemas de dosagem de detergente;</li>\r\n<li>Dinamização de deslocações ecológicas através de plataformas como a Portuguese Trails e Bikeibéria;</li>\r\n<li>Preferência pelos produtos da época e locais (agricultores locais);</li>\r\n<li>Revistas e jornais em formato digital, atualizado e disponível durante a estadia de cada hóspede – Aplicação PressReader;</li>\r\n<li>Bicicletas disponíveis como forma ecológica de conhecer a zona;Iniciativas trekking e birdwatching.</li>\r\n</ul>','pt');

/*!40000 ALTER TABLE `block_translations` ENABLE KEYS */;
UNLOCK TABLES;


# Dump of table blocks
# ------------------------------------------------------------

DROP TABLE IF EXISTS `blocks`;

CREATE TABLE `blocks` (
  `id` int(10) unsigned NOT NULL AUTO_INCREMENT,
  `slug` varchar(191) COLLATE utf8mb4_unicode_ci NOT NULL,
  `image` varchar(191) COLLATE utf8mb4_unicode_ci DEFAULT NULL,
  `thumbnail` varchar(191) COLLATE utf8mb4_unicode_ci DEFAULT NULL,
  `gallery_id` int(11) DEFAULT NULL,
  `created_at` timestamp NULL DEFAULT NULL,
  `updated_at` timestamp NULL DEFAULT NULL,
  PRIMARY KEY (`id`),
  KEY `blocks_slug_index` (`slug`),
  KEY `blocks_gallery_id_index` (`gallery_id`)
) ENGINE=InnoDB DEFAULT CHARSET=utf8mb4 COLLATE=utf8mb4_unicode_ci;

LOCK TABLES `blocks` WRITE;
/*!40000 ALTER TABLE `blocks` DISABLE KEYS */;

INSERT INTO `blocks` (`id`, `slug`, `image`, `thumbnail`, `gallery_id`, `created_at`, `updated_at`)
VALUES
	(1,'about-us','/files/blocks/img_1-2.png','/files/blocks/img_2.png',NULL,'2017-12-05 14:45:08','2017-12-21 14:45:27'),
	(2,'location','/files/blocks/img_1.png','/files/blocks/img_2.png',1,'2017-12-05 14:46:30','2017-12-18 20:42:17'),
	(6,'location-2',NULL,NULL,NULL,'2017-12-11 19:39:42','2017-12-11 19:39:42'),
	(7,'sustainability','/files/blocks/img_2.png','/files/blocks/img_2.png',NULL,NULL,'2021-01-19 11:28:41');

/*!40000 ALTER TABLE `blocks` ENABLE KEYS */;
UNLOCK TABLES;


# Dump of table bottom_slides
# ------------------------------------------------------------

DROP TABLE IF EXISTS `bottom_slides`;

CREATE TABLE `bottom_slides` (
  `id` int(10) unsigned NOT NULL AUTO_INCREMENT,
  `title` text COLLATE utf8mb4_unicode_ci NOT NULL,
  `label` text COLLATE utf8mb4_unicode_ci NOT NULL,
  `action_title` varchar(191) COLLATE utf8mb4_unicode_ci DEFAULT NULL,
  `action_link` varchar(191) COLLATE utf8mb4_unicode_ci DEFAULT NULL,
  `image` varchar(191) COLLATE utf8mb4_unicode_ci NOT NULL,
  `locale` varchar(191) COLLATE utf8mb4_unicode_ci NOT NULL,
  `priority` int(11) DEFAULT NULL,
  `publish` tinyint(1) NOT NULL,
  `created_at` timestamp NULL DEFAULT NULL,
  `updated_at` timestamp NULL DEFAULT NULL,
  PRIMARY KEY (`id`),
  KEY `bottom_slides_locale_index` (`locale`)
) ENGINE=InnoDB DEFAULT CHARSET=utf8mb4 COLLATE=utf8mb4_unicode_ci;

LOCK TABLES `bottom_slides` WRITE;
/*!40000 ALTER TABLE `bottom_slides` DISABLE KEYS */;

INSERT INTO `bottom_slides` (`id`, `title`, `label`, `action_title`, `action_link`, `image`, `locale`, `priority`, `publish`, `created_at`, `updated_at`)
VALUES
	(1,'Descubra o conforto da nossa Piscina.','Lazer','Saber mais','/pt/espacos/detalhe/piscina-e-jacuzzi','/files/slides/piscina_mg_6888_2_tratada_2.jpg','pt',0,1,'2017-12-04 16:50:08','2018-01-05 11:07:18'),
	(2,'Discover <em>venenatis</em> erat quis felis cursus lobortis.','Summer experience','Test','#','/files/slides/bar_mg_0368_tratada.jpg','en',0,0,'2017-12-04 16:50:08','2018-11-09 18:02:50');

/*!40000 ALTER TABLE `bottom_slides` ENABLE KEYS */;
UNLOCK TABLES;


# Dump of table contact_requests
# ------------------------------------------------------------

DROP TABLE IF EXISTS `contact_requests`;

CREATE TABLE `contact_requests` (
  `id` int(10) unsigned NOT NULL AUTO_INCREMENT,
  `locale` char(2) COLLATE utf8mb4_unicode_ci NOT NULL,
  `name` varchar(191) COLLATE utf8mb4_unicode_ci NOT NULL,
  `email` varchar(191) COLLATE utf8mb4_unicode_ci NOT NULL,
  `message` text COLLATE utf8mb4_unicode_ci NOT NULL,
  `created_at` timestamp NULL DEFAULT NULL,
  `updated_at` timestamp NULL DEFAULT NULL,
  `deleted_at` timestamp NULL DEFAULT NULL,
  PRIMARY KEY (`id`),
  KEY `contact_requests_locale_foreign` (`locale`),
  CONSTRAINT `contact_requests_locale_foreign` FOREIGN KEY (`locale`) REFERENCES `languages` (`slug`) ON DELETE CASCADE
) ENGINE=InnoDB DEFAULT CHARSET=utf8mb4 COLLATE=utf8mb4_unicode_ci;

LOCK TABLES `contact_requests` WRITE;
/*!40000 ALTER TABLE `contact_requests` DISABLE KEYS */;

INSERT INTO `contact_requests` (`id`, `locale`, `name`, `email`, `message`, `created_at`, `updated_at`, `deleted_at`)
VALUES
	(1,'pt','Carla Lopes Machado','carla.lopes.va@gmail.com','Agradecia vossa cotação para:\n2 adultos e 2 crianças uma de 4 anos e outra de 4 meses\nEntrada a 19 de Julho saída a 24 Julho\nAgradecia valores para meia pensão e pensão completa ou tudo incluído.\nFico aguardar','2018-05-04 06:50:29','2018-05-04 06:50:29',NULL),
	(2,'pt','zabrina stoffel','zabrina.stoffel@gmail.com','Hi - Can I make a spa reservation before I arrive at the hotel?  I arrive on July 22 and I would like to see if we can do a couple massage on July 23rd.  Thanks!\nZabrina','2018-05-30 19:32:00','2018-05-30 19:32:00',NULL),
	(3,'pt','Marta Silva','martitasilva97@gmail.com','Olá boa noite gostaria de saber algumas informações antes de poder fazer a reserva. \nQueria saber aqui horas é que é o check-in, e aqui horas e que é o check out, e se é possível fazer um check out tardio.\nE ainda se tenho que pagar mais alguma. Coisa para poder usufruir do Acesso à piscina, jacuzzi, sauna e banho turco e das \nToalha de Piscina/ Spa.\nPor fim,  o pagamento da reserva pode ser feito no dia do check-in ou tem de ser feito por transferência  bancária uns dias antes. \nFico a espera de uma resposta. \nBoa noite e obrigada','2018-06-07 23:05:54','2018-06-07 23:05:54',NULL),
	(4,'pt','Claudia','claudia.almeida.santos7@gmail.com','Bom dia,\nGostaria de saber se quando falam em cozinha partilhada, se pode ser usada pelos hóspedes para cozinhar ou aquecer refeições, ou se estamos limitados a fazer as refeições no hotel.\nObrigada.','2018-06-11 10:42:44','2018-06-11 10:42:44',NULL),
	(5,'pt','lucres roberto','authenticboutique1990@gmail.com','Dear Sales,\n\nI\'m the owner of AUTHENTIC BOUTIQUE. We are specialized on Men,\nFemale, Kids clothing and BAGS,Jeweries,Watche,shoes,Make up\naccessories , Caps etc. Am interested in your product.\n\n1. Can you give us your wholesales prices?\n\n2. Have you an MANUAL ELECTRONICS TERMINAL for CREDIT CARD PROCESS?\n\n3. Can you ship your products toward Africa VIA UPS, FEDEX or EXPRESS\nPOSTAL SERVICE?\n\nPlease confirm all this by mail so that we can proceed our order. authenticboutique1990@gmail.com\n\nBest regards,\nMrs.Lucres Roberto.\n\nAUTHENTIC BOUTIQUE\nE-mail: authenticboutique1990@gmail.com\nRUE 12 AVENUE 12 SHOPPING, CENTRE,\nABIDJAN, IVORY COAST.\nZIP CODE; 00225\nTEL; 0022547987267','2018-06-13 11:36:14','2018-06-13 11:36:14',NULL),
	(6,'pt','lucres roberto','authenticboutique1990@gmail.com','Dear Sales,\n\nI\'m the owner of AUTHENTIC BOUTIQUE. We are specialized on Men,\nFemale, Kids clothing and BAGS,Jeweries,Watche,shoes,Make up\naccessories , Caps etc. Am interested in your product.\n\n1. Can you give us your wholesales prices?\n\n2. Have you an MANUAL ELECTRONICS TERMINAL for CREDIT CARD PROCESS?\n\n3. Can you ship your products toward Africa VIA UPS, FEDEX or EXPRESS\nPOSTAL SERVICE?\n\nPlease confirm all this by mail so that we can proceed our order. authenticboutique1990@gmail.com\n\nBest regards,\nMrs.Lucres Roberto.\n\nAUTHENTIC BOUTIQUE\nE-mail: authenticboutique1990@gmail.com\nRUE 12 AVENUE 12 SHOPPING, CENTRE,\nABIDJAN, IVORY COAST.\nZIP CODE; 00225\nTEL; 0022547987267','2018-06-13 11:36:15','2018-06-13 11:36:15',NULL),
	(7,'pt','Maria José Chambel','mjchambel@psicologia.ulisboa.pt','Gostaria de reservar um quarto duplo para 4 noites (datas possíveis entre 9 e 22 de Agosto de 2018). Esta reserva deve ser feita em nome de Isabel Narciso David - tel 936268526.\nAgradecia que esta estadia fosse paga por mim, Maria José Chambel, tel 919075673. Poderei faze-lo por transferência bancária ou à cobrança, como acharem mais conveniente.','2018-06-14 18:13:21','2018-06-14 18:13:21',NULL),
	(8,'pt','ANTONIO JORDÃO DOS SANTOS FILHO','tonyjordao2016@gmail.com','Olá, boa tarde! \n\n\n\nSou formado em massoterapia pelo Senac e estou procurando uma oportunidade de trabalho clínica ou SPA. Tenho formação para atuar com as seguintes terapias:\n\n \n\n-MASSAGEM SUECA;\n\n-MASSAGEM RELAXANTE;\n\n-MASSAGEM DESPORTIVA;\n\n-MASSAGEM HAVAIANA;\n\n-MASSAGEM REDUTORA, COM BAMBU;\n\n-MASSAGEM GEOTERMAL, COM PEDRAS QUENTES;\n\n-SHIATSU E DO-IN;\n\n-MASSAGEM FACIAL;\n\n-DRENAGEM LINFÁTICA FACIAL E CORPORAL;\n\n-REFLEXOLOGIA PODAL\n\n-VENTOSATERAPIA\n\n-ARGILOTERAPIA\n\n-MOXAS E PINDAS CHINESAS\n\n \n\n \nHavendo a possibilidade de alguma vaga no SPA, coloco-me a disposição. \n\nAgradeço se puder me retornar o contato.\n\nObrigado,\n\nAntonio Jordão\n+55 11 993443740 (whatsapp)\ninstagram: @antonio.terapeutacorporal','2018-06-14 20:00:12','2018-06-14 20:00:12',NULL),
	(9,'pt','David R G Teiga','davidteiga@gmail.com','Boa tarde, \n\nTenho uma reserva feita no vosso hotel, já tentei ligar várias vezes. agradeço um contacto. \n\n916714575','2018-06-24 16:43:49','2018-06-24 16:43:49',NULL),
	(10,'pt','Maria Inês varela','Inescuca@hotmail.com','Disponibilidade 12 julho e preço','2018-07-08 23:21:51','2018-07-08 23:21:51',NULL),
	(11,'pt','Carina Maximiano','karlight@hotmail.com','Boas noites, \nGostaria de fazer uma reserva de um quarto familiar para a noite de 4 para 5 de agosto.\nPrefiro fazer directamente convosco do que com sites de reserva. O que necessito?\nAtentamente','2018-07-22 22:19:17','2018-07-22 22:19:17',NULL),
	(12,'pt','paulo luz','paulojmluz@gmail.com','Boas tardes,somos um grupo de amigos que vamos sempre ao festival da sapateira,este ano resolvemos ficar a dormir em santa cruz e gostariamos de ficar no vosso hotel.\nSomos 6 casais alguns levam os filhos,data a marcar ainda mas para 15 de setembro por ai,teriam algum preço especial.\naguardo resposta obrigado','2018-07-28 16:04:31','2018-07-28 16:04:31',NULL),
	(13,'pt','Susana Careta','susana.careta@hotmail.com','Bom dia. Enviei há dois dias pedido de informação de disponibilidade e ainda não recebi qualquer resposta.','2018-08-04 10:58:39','2018-08-04 10:58:39',NULL),
	(14,'pt','Graciete Gomes','gracilu@live.com.pt','Boa tarde. Gostaria de enviar o meu curriculum para fazer parte da equipa. Pretendo saber qual o contacto para esta situação. Obrigado pela atenção.','2018-08-05 17:30:56','2018-08-05 17:30:56',NULL),
	(15,'pt','Irina Fonseca','fonseca.acp@hotmail.com','Teste tradução','2018-08-10 10:56:17','2018-08-10 10:56:17',NULL),
	(16,'pt','irina fonseca','fonseca.acp@hotmail.com','teste tradução','2018-08-10 18:49:35','2018-08-10 18:49:35',NULL),
	(17,'pt','Francisco','fjdlourenco@gmail.com','Bom dia.\nEstive a ver as ofertas,  gostaria de saber se é possível usufruir do SPA/massagem sem estarmos hospedados no vosso hotel, e quais os pack disponíveis. \nObrigado','2018-09-02 10:15:06','2018-09-02 10:15:06',NULL),
	(18,'pt','irina Fonseca','fonseca.acp@hotmail.com','não é para responder é só uma experiencia para a tradução. talvez envie mais beijinhos e bom trabalho','2018-09-12 14:39:45','2018-09-12 14:39:45',NULL),
	(19,'pt','Sandra Melo','sbmelo@gmail.com','Boa tarde,\n\nGostava de vos solicitar um orçamento para um grupo que se deslocaria às vossas instalações com entrada a 7 de Janeiro de 2019 e Check out a 8 de janeiro de 2019. O evento contará com a participação de professores e investigadores universitarios e a informação relativa a edições anteriores pode ser encontrada em www.getransportes.com\nO grupo terá 40 pessoas (mínimo) a 65 (estimativa) e apesar de os participantes só ficarem a dormir uma noite, a sala de conferencia será usada em ambos os dias. No ano anterior tivemos 52 pessoas.\n\nO orçamento deve indicar:\nvalor de dormida por noite (single e duplo) com pequeno almoço\nalmoço do dia 7 ou jantar do dia 8\n2 coffee breaks no dia 7\nalmoco no dia 8\n1 coffee break no dia 8 (e política de acerto caso o número de refeições seja inferior ou superior ao esperado)\n\n-aluguer da sala de conferencia para 45 pessoas (preço por dia ou\npor bloco de 4 horas) águas e materiais para a sala, caso seja cobrado à parte\n-existencia de computador e projector\n\nGostava também que indicassem qual a flexibilidade da parte do hotel em casos de desistencias de ulima hora e outras condições que considerem relevantes, nomeadamente o que acontece no caso do acerto das refeiçoes.\n\nGostaria de anunciar ao grupo a localização do evento em Outubro, pelo que solicito o envio deste orçamento nas próximas semanas.\nPara qualquer esclarecimento nao hesite em contactar-me para 962639556\n\nCom os melhores cumprimentos\nSandra Melo','2018-09-17 15:36:58','2018-09-17 15:36:58',NULL),
	(20,'pt','Vera Lima','vluciaflima@gmail.com','Boa tarde\n\nGostaria de saber se já têm pacote para passagem ano para 2 adultos e 1 criança, para entrada a 30/12 e saída a 01/01.\n\nObrigada\nVera LIMA','2018-10-04 20:03:56','2018-10-04 20:03:56',NULL),
	(21,'pt','ALEXANDRE  VARJÃO','alexvarjao@uol.com.br','Boa tarde.\nTomei ciência, pela política do hotel, que não são permitidos animais de estimação..\nGostaria de saber se há possibilidade de se abrir uma exceção,para um casal com uma pequenina cadelinha de 2 kg. \nO período seria de 25/2/19 a 07/03/19.\nDesde já, agradeço.\nAlexandre Varjão.','2018-10-06 14:54:53','2018-10-06 14:54:53',NULL),
	(22,'pt','Rafael Cardoso','rafaelealcardoso@gmail.com','Boa tarde,\n\nGostaria de saber se já existe informação sobre o programa para a passagem de ano 2018/2019. Caso exista, quais os valores e programa? \n\nObrigado,\nRafael Cardoso.','2018-10-07 14:00:22','2018-10-07 14:00:22',NULL),
	(23,'pt','Rui Ferreira','rlferreira5@gmail.com','Boa tarde,\n\nGostaria que me informassem do seguinte:\n\n- Listagem de serviços e preços do SPA?\n- No pack \"massagem\" a massagem incluída pode ser a dois?\n- Servem jantar?\n\nMelhores cumprimentos,\nRui Ferreira','2018-10-11 13:27:03','2018-10-11 13:27:03',NULL),
	(24,'pt','Isabel Cipriano','isabelmcipriano@gmail.com','Boa noite, gostaríamos de ter informações sobre o vosso programa de passagem de ano. Os nossos agradecimentos.','2018-10-13 00:11:47','2018-10-13 00:11:47',NULL),
	(25,'pt','Catarina Miranda Grilo','catarina.miranda.yr@gmail.com','Boa noite,\nGostaria de saber os packs e preços para 2 pessoas na passagem de ano.\nObrigada,\nCatarina','2018-10-15 21:49:03','2018-10-15 21:49:03',NULL),
	(26,'pt','Diana Catarina Barbosa Rocha','drocha_ed@hotmail.com','boa noite,,\nGostaria de saber se têm quartos disponiveis para a seguinte data: check-in 10 novembro ckeck-out 11 novembro\n- quarto familiar (2 adultos e 3 crianças. idades 3,4,7)\n- quarto 2 adultos\n- quarto 1 adulto\nsomos 8 pessoas no total\ngostaria que tivesse incluido o pequeno almoço. gostaria de saber se temos acesso á piscina interior.\nobridada\na aguardar resposta\nDiana Rocha (914665418)','2018-10-16 23:31:48','2018-10-16 23:31:48',NULL),
	(27,'pt','Carolina Pereira','carolina.baltar.pereira@gmail.com','Boa tarde,\nExmos Srs, \nPretendo obter informação, assim que possível, sobre programa de passagem de ano. \nDesde já agradeço a vossa melhor atenção \nCarolina Pereira','2018-10-17 16:23:54','2018-10-17 16:23:54',NULL),
	(28,'pt','Matti.Lopponen','Matti.Lopponen@icloud.com','Bom dia,\nWe stayed near by earlier and like the area.\nCan you please offer your best rate from a couple.\nArrival tue 6.11. departure mon 12.11.\nObrigado\nMatti Lopponen','2018-10-18 08:06:03','2018-10-18 08:06:03',NULL),
	(29,'pt','Ricardo','ricardo.che@gmail.com','Boa tarde, gostaria de saber se tem rograma para a passagem de ano.. obrigado.\nAtentamente \nRicardo Silva','2018-10-21 12:49:11','2018-10-21 12:49:11',NULL),
	(30,'pt','Sofia Pereira','asofiapereirac@gmail.com','Olá, boa tarde! Gostaria de saber se têm packs para a noite da passagem de ano.\nObrigada','2018-10-23 14:48:40','2018-10-23 14:48:40',NULL),
	(31,'pt','sonia Marques','sonia.pita.marques@hotmail.com','Gostava de saber se vão ter festa reivellon\nseria para 3 noites\n4 quartos ( 7 adultos e 3 crianças até 12 anos)\nobrigada','2018-10-24 12:09:40','2018-10-24 12:09:40',NULL),
	(32,'pt','Maria Leonor Oliveira Praça','mleonor.suavoferta@gmail.com','Boa tarde,\nGostaria de saber qual o vosso programa para a Passagem de Ano 2018/2019, o que inclui e os respetivos valores.\n\nFico a aguardar por uma resposta da vossa parte.\n\nCom os melhores cumprimentos,','2018-10-25 14:33:28','2018-10-25 14:33:28',NULL),
	(33,'pt','Fionnuala Colgan','fionnuala.colgan@gmail.com','Hi there,\n\nWe are a family of 5, 2 adults and 3 children (ages 14,12 and 9 at time of travel) and we are looking for accomodation from 15th July - 21st July 2019 (6 nights). Do you have rooms available and if so what would the total cost be?\n\nThanks and best regards, \nFionnuala.','2018-10-28 12:12:19','2018-10-28 12:12:19',NULL),
	(34,'pt','Paula Protasio','paulamcdprotasio@gmail.com','Bom dia. Antes de mais quero dar os parabéns pelo vosso espaço, pelo Staff. Passei um fim de semana maravilhoso. Gostei muito do hotel e do modo como os funcionários nos abordavam, acreditem que já viajei muito por todos os continentes e vocês são de uma simpatia que nos fazem voltar. \nGostava muito de passar aí o ano novo e falei com a vossa colaboradora Patricia que prontamente ficou de nos enviar um email depois de expor o caso à corrdenadora, pois os únicos quartos vagos eram a suite com jacuzzi e o quarto mais pequeno. Somos 7 pessoas, 5 adultos e duas crianças com 12 anos. Aguardamos a vossa resposta. Mais uma vez parabéns pelo espaço.\n\nPaula Protásio','2018-10-29 10:48:55','2018-10-29 10:48:55',NULL),
	(35,'pt','Patrícia Neves','apneves4@hotmail.com','Boa noite,\n\nAgradeço o envio de informação sobre o vosso pack para a passagem de ano (alojamento e jantar).\nCumprimentos \nPatrícia Neves','2018-10-29 20:57:02','2018-10-29 20:57:02',NULL),
	(36,'pt','Joana Duarre','joduarte26@gmail.com','Boa noite,gostaria de saber o preço do pack passagem de ano , para 4pessoas. 2 adultos e 2 crianças','2018-10-29 21:38:12','2018-10-29 21:38:12',NULL),
	(37,'pt','PAUlo delgado','paulus-venancio@hotmail.com','Infirmacao de festa preco e pacote festa réveillon','2018-10-30 10:16:12','2018-10-30 10:16:12',NULL),
	(38,'pt','Carolina Martins','carolina.s.martins1@gmail.com','Olá, Boa tarde \n\nTem disponível a suite King para a noite de 30 para 31 de Novembro? \nSe sim podia me dizer o valor e o valor do pack romântico. \n\nMuito obrigada, \nCarolina Martins','2018-10-31 15:35:34','2018-10-31 15:35:34',NULL),
	(39,'pt','TERNOY Laurine','lternoy@hotmail.fr','Dear Sir or Madam, \nI would like to know if your swimmingpool and jacuzzi are opened until December. Do you have a restauration service for dinner?\nBest regards, \nLaurine TERNOY','2018-10-31 17:41:03','2018-10-31 17:41:03',NULL),
	(40,'pt','TERNOY Laurine','lternoy@hotmail.fr','Dear Sir or Madam, \nI would like to know if your swimmingpool and jacuzzi are opened until December. Do you have a restauration service for dinner?\nBest regards, \nLaurine TERNOY','2018-10-31 17:41:20','2018-10-31 17:41:20',NULL),
	(41,'pt','Filipa Pereira','filipampereira3@gmail.com','Boa noite,\n\nSomos um grupo de 8 casais e respectivos\nFilhos, e gostávamos de saber se têm disponibilidade para o grupo para a altura da passagem de ano e depois qual o programa que têm e respectivo valor. \n\nAtentamente,\nFilipa Pereira','2018-10-31 19:25:05','2018-10-31 19:25:05',NULL),
	(42,'pt','Rui Brotas','ruibrotas.arq@gmail.com','Boa noite\n\nGostaria de saber se tem programa de fim de ano e quais os valores. \n\nDivido por:\nCasal + criança 4 anos\n\nCasal + criança 3 anos\n\nCasal + criança 9 anos\n\nCasal  + criança de 5 anos e uma de 1 anos\n\nObrigado','2018-11-05 19:15:52','2018-11-05 19:15:52',NULL),
	(43,'pt','Lizette Mota','lizette_goncalves@hotmail.com','Boa noite,\n\nGostaria de obter um orçamento para um pack massagem! A estadia seria de 12/01/2019 a 13/01/2019 somos 2 adultos e uma bebé e só um adulto fará a massagem!\nObrigada','2018-11-05 21:32:33','2018-11-05 21:32:33',NULL),
	(44,'pt','Patrícia Fernandes','patriciaffernandes.92@gmail.com','Muito boa tarde,\nGostaria de saber se têm algum programa especial para o Reveillon, e respetivos preços.\nGrata desde já pela atenção,\nPatrícia Fernandes','2018-11-06 15:44:32','2018-11-06 15:44:32',NULL),
	(45,'pt','Bruno Pinelas','Brunopinelas@hotmail.com','Pode me enviar informação detalhada do pack passagem de ano.\nObrigado','2018-11-06 22:08:45','2018-11-06 22:08:45',NULL),
	(46,'pt','alfredo cordeiro','alfredo.cordeiro@gmail.com','bom dia dia, \n\nAgradeço preço para 3 adultos num quarto, para o fim de semana de 17 e 18 Novembro e taxas de utilização do spa\n\n\nmuito obrigado \n\nAC','2018-11-07 12:38:10','2018-11-07 12:38:10',NULL),
	(47,'en','Irina Fonseca','fonseca.acp@hotmail.com','Bom dia estou só a ver como é que aparece em inglês não responder pff. Bjnh','2018-11-10 11:41:39','2018-11-10 11:41:39',NULL),
	(48,'pt','Sara Marques','saraarmarques@gmail.com','Boa noite,\nPondero reservar a noite de 17 de Novembro (próximo sábado), para 2 adultos e 1 criança (10 anos), pequeno almoço incluído e acesso a spa.\nExiste alguma restrição no acesso ao spa, da criança?\nQual seria o valor total da reserva?\nObrigada, Sara Marques','2018-11-12 19:40:55','2018-11-12 19:40:55',NULL),
	(49,'pt','Vanessa','vanessabueno33@hotmail.com','Por favor qual valor da diária para duas pessoas e uma bebê?','2018-11-15 21:35:51','2018-11-15 21:35:51',NULL),
	(50,'pt','cátia Pereira','catiaalexandra@hotmail.com','Boa tarde, gostaria de saber se a piscina está coberta a 26 dezembro e se uma criança com 2 anos e meio tem custo,ainda dorme em berço ou cama de viagem. Obrigada','2018-11-20 16:07:27','2018-11-20 16:07:27',NULL),
	(51,'pt','cátia Pereira','catiaalexandra@hotmail.com','Boa tarde, gostaria de saber se a piscina está coberta a 26 dezembro e se uma criança com 2 anos e meio tem custo,ainda dorme em berço ou cama de viagem. Obrigada','2018-11-20 16:07:30','2018-11-20 16:07:30',NULL),
	(52,'pt','Bruckmaier','bbruckmaier@gmail.com','Hello,\n\nwe are staying near your hotel and wanted to know if it is possible just to get something like a ticket for your spa without having a room in the hotel?\n\nThanks in advance.\n\nBest.','2018-11-21 07:14:25','2018-11-21 07:14:25',NULL),
	(53,'pt','Bruna Lucas','brunafslucas26@hotmail.com','Boa noite,\nGostaria de saber se ainda têm algum quarto disponível para dois adultos para 1 noite, de 31-12-2018 para 01-01-2019?\nAtenciosamente','2018-11-29 22:41:59','2018-11-29 22:41:59',NULL),
	(54,'pt','Helio Paulino','helio_ines@hotmail.com','Boa noite. Agradecia orçamento para 2adlt e 1ch. Quarto familiar. Entrada a 26 de Dezembro e saída a 29. Já que não podemos ir no réveillon, vamos antes.\nAtentamente\nHelio Paulino','2018-12-11 20:54:12','2018-12-11 20:54:12',NULL),
	(55,'pt','Ana Nascimento','acmnascimento@hotmail.com','Bom dia, estive no vosso hotel na semana passada e como gostei bastante gostava de oferecer um voucher de 1 noite no mesmo. Vendo a tipologia dos quartos é possível dizerem-me para onde é a vista do quarto duplo conforto? \nObrigada','2018-12-15 11:15:34','2018-12-15 11:15:34',NULL),
	(56,'pt','Carla Ferreira','carlaalmf@gmail.com','Boa tarde\nSei que já não têm disponibilidade para dormidas no réveillon mas tem para jantar?\nObrigada','2018-12-23 16:31:06','2018-12-23 16:31:06',NULL),
	(57,'pt','VICTOR GALLEGO','VICGALLEGO@HOTMAIL.COM','Buenos días. Estoy interesado en alojarme en habitación doble. He visto por booking oferta y me gustaria saber si disponen de alguna oferta mejor. dias 25,26 y 27 de enero (dos noches) habitación doble a ser posible con terraza. Muchas gracias','2019-01-12 12:26:44','2019-01-12 12:26:44',NULL),
	(58,'pt','Andreia','andreia2911@hotmail.com','Olá boa tarde,quanto fica do 2/03/2019 ao 8/03/2019 3 quartos pra 5 adultos e 3 crianças de 8 anos , 11 anos e 12 anos . Obrigada','2019-01-14 13:28:16','2019-01-14 13:28:16',NULL),
	(59,'pt','Duarte Tomé','dtome1@hotmail.com','Boa tarde, o meu nome é Duarte Tomé e venho por este meio comunicar-vos na esperança de uma vaga de emprego.','2019-01-23 15:25:28','2019-01-23 15:25:28',NULL),
	(60,'pt','Filipa','filipamj@gmail.con','Bom dia. \nExiste possibilidade de efectuar um pack romântico na vossa Suite King com vista para o oceano?  Obrigada.','2019-01-25 10:38:17','2019-01-25 10:38:17',NULL),
	(61,'pt','Filipa','filipamj@gmail.con','Bom dia. \nExiste possibilidade de efectuar um pack romântico na vossa Suite King com vista para o oceano?  Obrigada.','2019-01-25 10:38:19','2019-01-25 10:38:19',NULL),
	(62,'pt','Serantoni louis','idem.louis@yahoo.fr','Bonsoir, je souhaite réserver le forfait romantique pour  Le 311/01. Le bar est fermé, le forfait peut être complet ?','2019-01-29 16:14:51','2019-01-29 16:14:51',NULL),
	(63,'pt','Gonçalo Santos','goncalofsantos@gmail.com','Boa noite gostaria de saber se têm algum Pack para o dia dos Namorados. \n\nCaso seja só de uma noite, por favor indique o valor de noite extra para verificar.\n\nObrigado\nGonçalo Santos','2019-02-05 00:11:45','2019-02-05 00:11:45',NULL),
	(64,'pt','Daniela','danielasantos-7@hotmail.com','Boa tarde, gostaria de saber a que horas é o vosso check-in e check-out. Tenho interesse em ficar de 17 para 18 de Fevereiro','2019-02-05 13:46:39','2019-02-05 13:46:39',NULL),
	(65,'pt','Paula','paulanarciso@hotmail.com','Boa noite,\nDe momento não estou a conseguir efectuar uma reserva para o próximo fim de semana (16/17), quarto familiar, o hotel esta cheio? \nMuito obrigada pela atenção','2019-02-10 21:47:17','2019-02-10 21:47:17',NULL),
	(66,'pt','Bruna','brunacflopes@gmail.com','Bom dia, tem algum pack de noite de núpcias? Se sim, qual a sua descrição e preço? Obrigada','2019-02-12 10:22:12','2019-02-12 10:22:12',NULL),
	(67,'pt','Bruna','brunacflopes@gmail.com','Bom dia, tem algum pack de noite de núpcias? Se sim, qual a sua descrição e preço? Obrigada','2019-02-12 10:22:14','2019-02-12 10:22:14',NULL),
	(68,'pt','Bruna','brunacflopes@gmail.com','Bom dia, tem algum pack de noite de núpcias? Se sim, qual a sua descrição e preço? Obrigada','2019-02-12 10:22:14','2019-02-12 10:22:14',NULL),
	(69,'pt','Bruna','brunacflopes@gmail.com','Bom dia, tem algum pack de noite de núpcias? Se sim, qual a sua descrição e preço? Obrigada','2019-02-12 10:22:15','2019-02-12 10:22:15',NULL),
	(70,'pt','Cristiana Camilo','cristiana_vf_@hotmail.com','Boa tarde,\nO meu nome é Cristiana Camilo, sou aluna do Curso Técnico de Marketing da Escola de Serviços e Comércio do Oeste – ESCO e estou a realizar o meu projeto final de curso para a empresa Belrent SA.\nO projeto baseia-se na criação de quatro pacotes turísticos que podem ser adquiridos no momento do aluguer de uma viatura, e estão classificados de acordo as tipologias: Lazer, Cultura, Negócios e Trabalho e um último que irá promover a Região Oeste.\nOs pacotes em questão oferecem vários benefícios aos clientes, (como por exemplo roteiros, vouchers, descontos, estadias, entre outros). Desta forma e tratando-se apenas de um projeto académico, gostaria de saber da possibilidade de utilizar o nome da vossa empresa enquanto uma das possíveis parceiras a incluir nestes pacotes para e qual a possibilidade de obter descontos/ofertas viabilizando a implementação do projeto.\nGrata pela vossa atenção subscrevo-me aguardando uma resposta breve.\nCom os melhores cumprimentos,\nCristiana Camilo','2019-02-14 13:30:19','2019-02-14 13:30:19',NULL),
	(71,'pt','Cristiana Camilo','cristiana_vf_@hotmail.com','Boa tarde,\nO meu nome é Cristiana Camilo, sou aluna do Curso Técnico de Marketing da Escola de Serviços e Comércio do Oeste – ESCO e estou a realizar o meu projeto final de curso para a empresa Belrent SA.\nO projeto baseia-se na criação de quatro pacotes turísticos que podem ser adquiridos no momento do aluguer de uma viatura, e estão classificados de acordo as tipologias: Lazer, Cultura, Negócios e Trabalho e um último que irá promover a Região Oeste.\nOs pacotes em questão oferecem vários benefícios aos clientes, (como por exemplo roteiros, vouchers, descontos, estadias, entre outros). Desta forma e tratando-se apenas de um projeto académico, gostaria de saber da possibilidade de utilizar o nome da vossa empresa enquanto uma das possíveis parceiras a incluir nestes pacotes para e qual a possibilidade de obter descontos/ofertas viabilizando a implementação do projeto.\nGrata pela vossa atenção subscrevo-me aguardando uma resposta breve.\nCom os melhores cumprimentos,\nCristiana Camilo','2019-02-14 13:30:19','2019-02-14 13:30:19',NULL),
	(72,'pt','Bárbara Teixeira','barbarateixeiraraminhos@gmail.com','Boa tarde,\nVenho por este meio solicitar o seguinte esclarecimento/informação:\nEstou muito interessada em reservar uma estadia para Abril nas Vossas instalações, mas gostaria de saber se é possível a minha filha de 11 anos utilizar o spa e o centro de bem estar?!\nAgradeço desde já a atenção dispensada a este assunto, \nFico a aguardar resposta assim que possível.\nCom os meus melhores cumprimentos \nBárbara Teixeira','2019-02-21 19:04:21','2019-02-21 19:04:21',NULL),
	(73,'pt','Catarina Oliveira','catarinalopesoliveira@hotmail.com','Bom dia,\n\nPretendemos efectuar uma reserva para a vossa unidade, em Março, e ao consultar o vosso site verificamos que o acesso ao spa (nomeadamente a piscina) terá um custo adicional.\n\nPodem informar-nos de de facto existe um custo adicional, qual o valor e se com a estadia conseguiriam isentar o mesmo? \nPretendemos reservar também uma massagem durante a estadia. \n\nMelhores cumprimentos,\nCatarina Oliveira','2019-02-23 10:53:06','2019-02-23 10:53:06',NULL),
	(74,'pt','Mariana Dos Santos','pinch88@gmail.com','Muito boa noite, irei fazer um ano de casa dia 15 e estaria interessada em ir para o vosso hotel no entanto temos uma bebé de 7 meses... gostaria de saber se teriam algum tipo de pack de quarto com vista para o mar.. com jantar para o dia 15 incluído.. com saída dia 17... seriam duas noites dois adultos e uma bebé.  Tentei escolher mas não aparece com opção criança. Aguardo resposta obrigado.','2019-03-09 03:21:50','2019-03-09 03:21:50',NULL),
	(75,'pt','Mariana Dos Santos','pinch88@gmail.com','Muito boa noite, irei fazer um ano de casa dia 15 e estaria interessada em ir para o vosso hotel no entanto temos uma bebé de 7 meses... gostaria de saber se teriam algum tipo de pack de quarto com vista para o mar.. com jantar para o dia 15 incluído.. com saída dia 17... seriam duas noites dois adultos e uma bebé.  Tentei escolher mas não aparece com opção criança. Aguardo resposta obrigado.','2019-03-09 03:21:50','2019-03-09 03:21:50',NULL),
	(76,'pt','Mariana Dos Santos','pinch88@gmail.com','Muito boa noite, irei fazer um ano de casa dia 15 e estaria interessada em ir para o vosso hotel no entanto temos uma bebé de 7 meses... gostaria de saber se teriam algum tipo de pack de quarto com vista para o mar.. com jantar para o dia 15 incluído.. com saída dia 17... seriam duas noites dois adultos e uma bebé.  Tentei escolher mas não aparece com opção criança. Aguardo resposta obrigado.','2019-03-09 03:21:57','2019-03-09 03:21:57',NULL),
	(77,'pt','Mariana Dos Santos','pinch88@gmail.com','Muito boa noite, irei fazer um ano de casa dia 15 e estaria interessada em ir para o vosso hotel no entanto temos uma bebé de 7 meses... gostaria de saber se teriam algum tipo de pack de quarto com vista para o mar.. com jantar para o dia 15 incluído.. com saída dia 17... seriam duas noites dois adultos e uma bebé.  Tentei escolher mas não aparece com opção criança. Aguardo resposta obrigado.','2019-03-09 03:21:57','2019-03-09 03:21:57',NULL),
	(78,'pt','Mariana Dos Santos','pinch88@gmail.com','Muito boa noite, irei fazer um ano de casa dia 15 e estaria interessada em ir para o vosso hotel no entanto temos uma bebé de 7 meses... gostaria de saber se teriam algum tipo de pack de quarto com vista para o mar.. com jantar para o dia 15 incluído.. com saída dia 17... seriam duas noites dois adultos e uma bebé.  Tentei escolher mas não aparece com opção criança. Aguardo resposta obrigado.','2019-03-09 03:21:57','2019-03-09 03:21:57',NULL),
	(79,'pt','Joana Azevedo','joana.ip.azevedo@gmail.com','Boa tarde, \nPretendo saber, por favor, se o acesso à piscina interior, jacuzzi, sauna e banho turco tem um custo adicional ou está incluído na tarifa de alojamento. \nGrata pela atenção dispensada. \nAtenciosamente, \nJoana Azevedo','2019-03-11 15:46:34','2019-03-11 15:46:34',NULL),
	(80,'pt','Rui Fontes','ruipfontes@gmail.com','Bom dia, Após pesquisa no Booking verifiquei que consta como comodidade a piscina interior sem referir se é de acesso gratuito ou se haverá preçário a aplicar. Neste sentido, agradeço informação quanto ao preçário para acesso à piscina interior.\n\nObrigado\nRui Fontes','2019-03-13 12:08:03','2019-03-13 12:08:03',NULL),
	(81,'pt','Maria Luísa','mluisacgbarbosa@hotmail.com','Agradeço mais informações','2019-03-13 15:02:22','2019-03-13 15:02:22',NULL),
	(82,'pt','Joaquim Ricardo','quimze.semrumo@gmail.com','Boa tarde foi-me  aconselhado por um colega de trabalho a vossa unidade hoteleira gostava de ur passar ai o fim de semana 4 e 5 de maio somos trez casais com uma criança gostava de saber qual a preço para esta reserva obrigado pela atenção','2019-03-13 17:26:26','2019-03-13 17:26:26',NULL),
	(83,'en','Diogo Corrente','diogo.corrente@gmail.com','Boa tarde,\n\nGostaria de saber disponibilidade de quarto para 2 adultos (cama de casal) e 1 bebé de 4 meses para entrada a 30 de Março e saída a 31 de Março.\n\nCumprimentos','2019-03-16 18:51:12','2019-03-16 18:51:12',NULL),
	(84,'pt','Claudia Silva','claudiafernande@gmail.com','Boa tarde, venho por este meio perguntar se existe a possibilidade de apenas usufruir do vosso espaço de SPA, não havendo necessidade de alojamento.\nCumprimentos,\n\nCláudia Silva','2019-03-17 19:22:59','2019-03-17 19:22:59',NULL),
	(85,'pt','Ricardo Silva','ricardo@triportugal.pt','Boa tarde\nEra possivel reservar uma sessao de massagem ?','2019-03-21 17:37:52','2019-03-21 17:37:52',NULL),
	(86,'pt','Carlos Grade','carlosmgrade@gmail.com','Boa noite,gostaria de saber melhor tarifa para 1 quarto com cama cak sal,vista mar,em regime APA,com check-in a 28 de Março e check-out a 29.Se a tarifa empresa for mais vantajosa,agradeço.Aguardo vossa mensagem.Melhores cumprimentos,Carlos Grade','2019-03-25 22:15:47','2019-03-25 22:15:47',NULL),
	(87,'pt','Sandra Martins','sandrinha_333@hotmail.com','Boa tarde,\ngostaria de saber o valor para uma noite com entrada a 29-06-2019 e saioda a 30-06-2019 para casal e se têm algum pacote especial para noite de núpcias.\nCumprimentos\nSandra Martins','2019-04-02 15:44:05','2019-04-02 15:44:05',NULL),
	(88,'pt','Hugo martins','hugoguiga@hotmail.com','Boa noite, gostaria de saber se no quarto familiar é possível levar um bebé de 3 meses? Tenho uma filha com 16 e o bebé poderá dormir na cama de casal com os pais? Gostaria de saber o preço para 2 noites. Obrigado','2019-04-07 01:13:54','2019-04-07 01:13:54',NULL),
	(89,'en','Elisabeth','baeeli@gmx.net','Hello, do you have a room for a family with 2 kids (3 and 5 years old).','2019-04-11 19:30:58','2019-04-11 19:30:58',NULL),
	(90,'pt','Bruno Filipe Rijo Rosado','bruno_icetea@hotmail.com','Boa tarde, gostaria de reservar o pacote de massagem ou o romantico, qual a diferenca? o pacote massagem so inclui a massagem para 1 pessoa? somos um casal e gostariamos de saber o preco do spa das massagem, obrigada bruno','2019-04-13 16:21:52','2019-04-13 16:21:52',NULL),
	(91,'pt','Paulo','paulojsrodrigues24@gmail.com','Boa noite,\n\nGostaria de saber o preço e respetiva disponibilidade para massagem de corpo inteiro e eventualmente piscina ou jacuzzi, para uma e duas pessoas, respetivamente. A confirmar-se, seria para o próximo dia 27 Abril., da parte da tarde.\n\nMelhores cumprimentos,\nPaulo Rodrigues','2019-04-21 23:26:43','2019-04-21 23:26:43',NULL),
	(92,'pt','Carla Filipa Batista','batista.carla26@live.com.pt','Boa tarde gostaria de saber o valor para uma noite, 25 de Maio para 4 adultos e 2 crianças uma de 4 anos e um de 11\nSendo que precisaríamos de ficar em dois quartos\nObrigado \nCarla Batista','2019-04-24 12:10:32','2019-04-24 12:10:32',NULL);

/*!40000 ALTER TABLE `contact_requests` ENABLE KEYS */;
UNLOCK TABLES;


# Dump of table event_translations
# ------------------------------------------------------------

DROP TABLE IF EXISTS `event_translations`;

CREATE TABLE `event_translations` (
  `id` int(10) unsigned NOT NULL AUTO_INCREMENT,
  `event_id` int(10) NOT NULL,
  `slug` varchar(191) COLLATE utf8mb4_unicode_ci NOT NULL,
  `name` text COLLATE utf8mb4_unicode_ci NOT NULL,
  `description` longtext COLLATE utf8mb4_unicode_ci DEFAULT NULL,
  `url` varchar(191) COLLATE utf8mb4_unicode_ci DEFAULT NULL,
  `locale` varchar(191) COLLATE utf8mb4_unicode_ci NOT NULL,
  `title_right` varchar(250) COLLATE utf8mb4_unicode_ci DEFAULT NULL,
  PRIMARY KEY (`id`),
  UNIQUE KEY `event_translations_event_id_locale_unique` (`event_id`,`locale`),
  KEY `event_translations_slug_index` (`slug`),
  KEY `event_translations_locale_index` (`locale`)
) ENGINE=InnoDB DEFAULT CHARSET=utf8mb4 COLLATE=utf8mb4_unicode_ci;

LOCK TABLES `event_translations` WRITE;
/*!40000 ALTER TABLE `event_translations` DISABLE KEYS */;

INSERT INTO `event_translations` (`id`, `event_id`, `slug`, `name`, `description`, `url`, `locale`, `title_right`)
VALUES
	(1,5,'so-lisboa-test-abccc','Aluguer de Espaço','<p>O nosso restaurante Mar &amp; Natura revela-se uma sala acolhedora para todo o tipo de eventos, quer sociais, como jantares ou festas privadas, quer profissionais, como reuniões ou apresentações.</p>\r\n<p>Com capacidade máxima para 30 pessoas, a nossa sala oferece uma incrível vista mar e uma excelente luz natural, traduzindo-se no ambiente ideal para celebrar ou trabalhar em grupo.</p>\r\n<p>A equipa do Well Hotel &amp; Spa, altamente dedicada e profissional, aguarda pela oportunidade de poder exceder as suas expectativas e tornar o seu evento um sucesso.</p>\r\n<p>A nossa sala encontra-se disponível para realização de eventos entre as 16h e 19h, durante o período diurno, e entre as 22h e as 00h no período noturno.</p>',NULL,'en','The right space for you'),
	(2,5,'uma-experiencia-inesquecivel','Aluguer de Espaço','<p>O nosso restaurante Mar &amp; Natura revela-se uma sala acolhedora para todo o tipo de eventos, quer sociais, como jantares ou festas privadas, quer profissionais, como reuniões ou apresentações.</p>\r\n<p>Com capacidade máxima para 30 pessoas, a nossa sala oferece uma incrível vista mar e uma excelente luz natural, traduzindo-se no ambiente ideal para celebrar ou trabalhar em grupo.</p>\r\n<p>A equipa do Well Hotel &amp; Spa, altamente dedicada e profissional, aguarda pela oportunidade de poder exceder as suas expectativas e tornar o seu evento um sucesso.</p>\r\n<p>A nossa sala encontra-se disponível para realização de eventos entre as 16h e 19h, durante o período diurno, e entre as 22h e as 00h no período noturno.</p>',NULL,'pt','O espaço ideal para');

/*!40000 ALTER TABLE `event_translations` ENABLE KEYS */;
UNLOCK TABLES;


# Dump of table event_type_translations
# ------------------------------------------------------------

DROP TABLE IF EXISTS `event_type_translations`;

CREATE TABLE `event_type_translations` (
  `id` int(10) unsigned NOT NULL AUTO_INCREMENT,
  `space_type_id` int(10) unsigned DEFAULT NULL,
  `slug` varchar(191) COLLATE utf8mb4_unicode_ci NOT NULL,
  `name` text COLLATE utf8mb4_unicode_ci NOT NULL,
  `locale` varchar(191) COLLATE utf8mb4_unicode_ci NOT NULL,
  `event_type_id` int(10) unsigned NOT NULL,
  PRIMARY KEY (`id`),
  UNIQUE KEY `space_type_translations_space_type_id_locale_unique` (`space_type_id`,`locale`),
  KEY `space_type_translations_slug_index` (`slug`),
  KEY `space_type_translations_locale_index` (`locale`)
) ENGINE=InnoDB DEFAULT CHARSET=utf8mb4 COLLATE=utf8mb4_unicode_ci;

LOCK TABLES `event_type_translations` WRITE;
/*!40000 ALTER TABLE `event_type_translations` DISABLE KEYS */;

INSERT INTO `event_type_translations` (`id`, `space_type_id`, `slug`, `name`, `locale`, `event_type_id`)
VALUES
	(1,NULL,'tipo-evnt-1-en','Despedidas de solteira(o)','en',1),
	(2,NULL,'tipo-evnt-1-pt','Despedidas de solteira(o)','pt',1),
	(3,NULL,'type-222','Birthday party','en',2),
	(4,NULL,'tipo222','Festas de aniversário','pt',2),
	(5,NULL,'baby-showers','Baby Showers','en',3),
	(6,NULL,'baby-showers','Baby Showers','pt',3),
	(7,NULL,'baptizados','Baptizados','en',4),
	(8,NULL,'baptizados','Baptizados','pt',4),
	(9,NULL,'reuniao-social-familiar','Reunião social/familiar','en',5),
	(10,NULL,'reuniao-social-familiar','Reunião social/familiar','pt',5),
	(11,NULL,'reuniao-corporativa-empresarial','Reunião corporativa/empresarial','en',6),
	(12,NULL,'reuniao-corporativa-empresarial','Reunião corporativa/empresarial','pt',6),
	(13,NULL,'apresentacao-cultural','Apresentação cultural','en',7),
	(14,NULL,'apresentacao-cultural','Apresentação cultural','pt',7),
	(15,NULL,'tertulia','Tertúlia','en',8),
	(16,NULL,'tertulia','Tertúlia','pt',8),
	(17,NULL,'palestra','Palestra','en',9),
	(18,NULL,'palestra','Palestra','pt',9),
	(19,NULL,'debate','Debate','en',12),
	(20,NULL,'debate','Debate','pt',12),
	(21,NULL,'other','Other','en',14),
	(22,NULL,'outro','Outro','pt',14);

/*!40000 ALTER TABLE `event_type_translations` ENABLE KEYS */;
UNLOCK TABLES;


# Dump of table event_types
# ------------------------------------------------------------

DROP TABLE IF EXISTS `event_types`;

CREATE TABLE `event_types` (
  `id` int(10) unsigned NOT NULL AUTO_INCREMENT,
  `priority` int(11) DEFAULT NULL,
  `publish` tinyint(1) NOT NULL,
  `created_at` timestamp NULL DEFAULT NULL,
  `updated_at` timestamp NULL DEFAULT NULL,
  PRIMARY KEY (`id`)
) ENGINE=InnoDB DEFAULT CHARSET=utf8mb4 COLLATE=utf8mb4_unicode_ci;

LOCK TABLES `event_types` WRITE;
/*!40000 ALTER TABLE `event_types` DISABLE KEYS */;

INSERT INTO `event_types` (`id`, `priority`, `publish`, `created_at`, `updated_at`)
VALUES
	(1,11,1,'2021-01-05 11:56:28','2021-01-19 16:02:30'),
	(2,12,1,'2021-01-05 12:40:45','2021-01-19 16:01:51'),
	(3,10,1,'2021-01-19 16:02:49','2021-01-19 16:02:49'),
	(4,9,1,'2021-01-19 16:03:11','2021-01-19 16:03:11'),
	(5,8,1,'2021-01-19 16:03:55','2021-01-19 16:03:55'),
	(6,7,1,'2021-01-19 16:04:38','2021-01-19 16:04:38'),
	(7,5,1,'2021-01-19 16:05:04','2021-01-19 16:05:04'),
	(8,4,1,'2021-01-19 16:05:35','2021-01-19 16:05:35'),
	(9,3,1,'2021-01-19 16:05:50','2021-01-19 16:05:50'),
	(12,2,1,'2021-01-19 16:06:04','2021-01-19 16:06:04'),
	(14,0,1,'2021-01-27 16:38:57','2021-01-27 16:38:57');

/*!40000 ALTER TABLE `event_types` ENABLE KEYS */;
UNLOCK TABLES;


# Dump of table events
# ------------------------------------------------------------

DROP TABLE IF EXISTS `events`;

CREATE TABLE `events` (
  `id` int(10) unsigned NOT NULL AUTO_INCREMENT,
  `image` varchar(191) COLLATE utf8mb4_unicode_ci DEFAULT NULL,
  `thumbnail` varchar(191) COLLATE utf8mb4_unicode_ci DEFAULT NULL,
  `gallery_id` int(11) DEFAULT NULL,
  `priority` int(11) DEFAULT NULL,
  `publish` tinyint(1) NOT NULL,
  `event_type_id` int(11) NOT NULL,
  `deleted_at` timestamp NULL DEFAULT NULL,
  `created_at` timestamp NULL DEFAULT NULL,
  `updated_at` timestamp NULL DEFAULT NULL,
  PRIMARY KEY (`id`),
  KEY `spaces_space_type_id_index` (`event_type_id`),
  KEY `spaces_gallery_id_index` (`gallery_id`)
) ENGINE=InnoDB DEFAULT CHARSET=utf8mb4 COLLATE=utf8mb4_unicode_ci;

LOCK TABLES `events` WRITE;
/*!40000 ALTER TABLE `events` DISABLE KEYS */;

INSERT INTO `events` (`id`, `image`, `thumbnail`, `gallery_id`, `priority`, `publish`, `event_type_id`, `deleted_at`, `created_at`, `updated_at`)
VALUES
	(5,NULL,NULL,5,78,1,2,NULL,'2021-01-05 12:32:07','2021-01-19 12:42:58');

/*!40000 ALTER TABLE `events` ENABLE KEYS */;
UNLOCK TABLES;


# Dump of table experience_translations
# ------------------------------------------------------------

DROP TABLE IF EXISTS `experience_translations`;

CREATE TABLE `experience_translations` (
  `id` int(10) unsigned NOT NULL AUTO_INCREMENT,
  `experience_id` int(10) unsigned NOT NULL,
  `locale` char(2) COLLATE utf8mb4_unicode_ci NOT NULL,
  `name` varchar(191) COLLATE utf8mb4_unicode_ci NOT NULL,
  `label` varchar(191) COLLATE utf8mb4_unicode_ci DEFAULT NULL,
  `subtitle` varchar(191) COLLATE utf8mb4_unicode_ci DEFAULT NULL,
  `slug` varchar(191) COLLATE utf8mb4_unicode_ci NOT NULL,
  `description` text COLLATE utf8mb4_unicode_ci DEFAULT NULL,
  `excerpt` text COLLATE utf8mb4_unicode_ci DEFAULT NULL,
  `includes` text COLLATE utf8mb4_unicode_ci DEFAULT NULL,
  `created_at` timestamp NULL DEFAULT NULL,
  `updated_at` timestamp NULL DEFAULT NULL,
  PRIMARY KEY (`id`),
  KEY `experience_translations_experience_id_foreign` (`experience_id`),
  KEY `experience_translations_locale_foreign` (`locale`),
  CONSTRAINT `experience_translations_experience_id_foreign` FOREIGN KEY (`experience_id`) REFERENCES `experiences` (`id`) ON DELETE CASCADE,
  CONSTRAINT `experience_translations_locale_foreign` FOREIGN KEY (`locale`) REFERENCES `languages` (`slug`) ON DELETE CASCADE
) ENGINE=InnoDB DEFAULT CHARSET=utf8mb4 COLLATE=utf8mb4_unicode_ci;

LOCK TABLES `experience_translations` WRITE;
/*!40000 ALTER TABLE `experience_translations` DISABLE KEYS */;

INSERT INTO `experience_translations` (`id`, `experience_id`, `locale`, `name`, `label`, `subtitle`, `slug`, `description`, `excerpt`, `includes`, `created_at`, `updated_at`)
VALUES
	(16,7,'pt','Degustação de vinhos','Experiência Enoturística','Inclui','experiencia-enoturistica-degustacao-de-vinhos','<p>Desfrute de uma experiência única na AdegaMãe viajando pelo fantástico mundo da vinha e do vinho.<br /> <br /> Nesta visita guiada vai ter oportunidade de ficar a conhecer o coração da adega, o processo do vinho branco e do vinho tinto, a grandiosidade das cubas de armazenamento e fermentação, o laboratório e ainda a Sala do Tempo, onde os vinhos estagiam e os aromas se misturam com o cheiro das barricas de carvalho francês.<br /> <br /> Por fim, terá a oportunidade de contemplar uma paisagem incrível, repleta de vinhas, enquanto se delicia com uma refeição de qualidade, especialmente confeccionada para enaltecer a harmonia de sabores entre os alimentos e o vinho.</p>',NULL,NULL,'2021-01-18 14:53:53','2021-01-26 16:03:25'),
	(17,8,'en','Momentos de cumplicidade e partilha',NULL,NULL,'momentos-de-cumplicidade-e-partilha',NULL,NULL,NULL,'2021-01-26 16:48:32','2021-01-26 16:48:32'),
	(18,8,'pt','Momentos de cumplicidade e partilha','Massagem a dois','Inclui','momentos-de-cumplicidade-e-partilha','<p>Massagem de casal Well Relaxing Time (60m);</p>\r\n<p>Ritual de chá aromático no final da massagem;<br />Acesso a piscina, jacuzzi, sauna e banho turco (máximo 4 horas);</p>',NULL,NULL,'2021-01-26 16:48:32','2021-01-26 16:48:32'),
	(19,9,'en','Porque relaxar e descontrair são a prioridade','Mummy Zen','Include','porque-relaxar-e-descontrair-sao-a-prioridade',NULL,NULL,NULL,'2021-01-26 16:50:07','2021-01-26 16:50:07'),
	(20,9,'pt','Porque relaxar e descontrair são a prioridade','Mummy Zen','Inclui','porque-relaxar-e-descontrair-sao-a-prioridade','<p>Tratamento Facial Detox (45m);</p>\r\n<p>Ritual de chá aromático no final da massagem;</p>\r\n<p>Acesso a piscina, jacuzzi, sauna e banho turco (máximo 4 horas);</p>',NULL,NULL,'2021-01-26 16:50:07','2021-01-26 16:50:07'),
	(21,10,'en','Sentir o amor num ambiente de puro romance',NULL,NULL,'sentir-o-amor-num-ambiente-de-puro-romance',NULL,NULL,NULL,'2021-01-26 16:52:30','2021-01-26 16:52:30'),
	(22,10,'pt','Sentir o amor num ambiente de puro romance','Romance','Inclui','sentir-o-amor-num-ambiente-de-puro-romance','<p>Jantar romântico à luz das velas;</p>\r\n<p>Menu: </p>\r\n<p>Couvert</p>\r\n<p>Folhado de Chèvre com salada</p>\r\n<p>Risoto de Camarão</p>\r\n<p>Medalhão de novilho com cogumelos selvagens batata frita e arroz</p>\r\n<p>Desmanchado de chocolate com caramelo salgado e avelãs</p>',NULL,NULL,'2021-01-26 16:52:30','2021-01-26 16:52:30'),
	(23,11,'en','Faça uma pausa … escolha o lugar ideal',NULL,NULL,'faca-uma-pausa-escolha-o-lugar-ideal',NULL,NULL,NULL,'2021-01-26 16:54:10','2021-01-26 16:54:10'),
	(24,11,'pt','Faça uma pausa … escolha o lugar ideal','Piquenique na Natureza',NULL,'faca-uma-pausa-escolha-o-lugar-ideal','<p>Passeio de bicicleta com cesto de piquenique</p>\r\n<p>Menu do cesto:<br />Seleção de Queijos, presunto e frutos secos</p>\r\n<p>Pão</p>\r\n<p>Batata Pála Pála</p>\r\n<p>Pizza</p>\r\n<p>Bolo caseiro</p>\r\n<p>Peça de Fruta</p>\r\n<p>Água</p>\r\n<p>1 garrafa de vinho Cabo da Roca ou 2 refrigerantes</p>',NULL,NULL,'2021-01-26 16:54:10','2021-01-26 16:54:10'),
	(25,12,'en','Desfrute de momentos inesquecíveis nas envolventes paisagens idílicas',NULL,NULL,'desfrute-de-momentos-inesqueciveis-nas-envolventes-paisagens-idilicas',NULL,NULL,NULL,'2021-01-26 16:55:24','2021-01-26 16:55:24'),
	(26,12,'pt','Passeios na Areia','Passeio a Cavalo','Inclui','desfrute-de-momentos-inesqueciveis-nas-envolventes-paisagens-idilicas','<p>Passeios na areia – 60€ por pessoa</p>\r\n<p>Passeio de charrete por entre as escarpas – 90€ até 4 pessoas</p>',NULL,NULL,'2021-01-26 16:55:24','2021-01-27 16:37:15'),
	(27,13,'pt','Passeio de charrete por entre as escarpas','Passeio a Cavalo',NULL,'passeio-de-charrete-por-entre-as-escarpas','<p>Passeios na areia – 60€ por pessoa</p>\r\n<p>Passeio de charrete por entre as escarpas – 90€ até 4 pessoas</p>',NULL,NULL,'2021-01-27 16:37:57','2021-01-27 16:37:57');

/*!40000 ALTER TABLE `experience_translations` ENABLE KEYS */;
UNLOCK TABLES;


# Dump of table experience_type_translations
# ------------------------------------------------------------

DROP TABLE IF EXISTS `experience_type_translations`;

CREATE TABLE `experience_type_translations` (
  `id` int(10) unsigned NOT NULL AUTO_INCREMENT,
  `experience_type_id` int(10) unsigned NOT NULL,
  `slug` varchar(191) COLLATE utf8mb4_unicode_ci NOT NULL,
  `name` text COLLATE utf8mb4_unicode_ci NOT NULL,
  `locale` varchar(191) COLLATE utf8mb4_unicode_ci NOT NULL,
  PRIMARY KEY (`id`),
  UNIQUE KEY `experience_type_translations_experience_type_id_locale_unique` (`experience_type_id`,`locale`),
  KEY `experience_type_translations_slug_index` (`slug`),
  KEY `experience_type_translations_locale_index` (`locale`),
  CONSTRAINT `experience_type_translations_experience_type_id_foreign` FOREIGN KEY (`experience_type_id`) REFERENCES `experience_types` (`id`) ON DELETE CASCADE
) ENGINE=InnoDB DEFAULT CHARSET=utf8mb4 COLLATE=utf8mb4_unicode_ci;

LOCK TABLES `experience_type_translations` WRITE;
/*!40000 ALTER TABLE `experience_type_translations` DISABLE KEYS */;

INSERT INTO `experience_type_translations` (`id`, `experience_type_id`, `slug`, `name`, `locale`)
VALUES
	(2,1,'aventura','Aventura','pt'),
	(4,2,'relax','Saúde e bem-estar','pt'),
	(6,3,'gastronomia','Gastronomia','pt'),
	(7,1,'aventura','Aventura','en'),
	(8,2,'relax','Saúde e bem-estar','en'),
	(9,3,'gastronomia','Gastronomia','en');

/*!40000 ALTER TABLE `experience_type_translations` ENABLE KEYS */;
UNLOCK TABLES;


# Dump of table experience_types
# ------------------------------------------------------------

DROP TABLE IF EXISTS `experience_types`;

CREATE TABLE `experience_types` (
  `id` int(10) unsigned NOT NULL AUTO_INCREMENT,
  `publish` tinyint(1) NOT NULL,
  `priority` int(11) DEFAULT NULL,
  `created_at` timestamp NULL DEFAULT NULL,
  `updated_at` timestamp NULL DEFAULT NULL,
  PRIMARY KEY (`id`)
) ENGINE=InnoDB DEFAULT CHARSET=utf8mb4 COLLATE=utf8mb4_unicode_ci;

LOCK TABLES `experience_types` WRITE;
/*!40000 ALTER TABLE `experience_types` DISABLE KEYS */;

INSERT INTO `experience_types` (`id`, `publish`, `priority`, `created_at`, `updated_at`)
VALUES
	(1,1,80,'2017-12-05 20:51:00','2017-12-19 19:31:09'),
	(2,1,90,'2017-12-19 19:17:44','2017-12-19 19:31:00'),
	(3,1,100,'2017-12-19 19:19:12','2017-12-19 19:30:50');

/*!40000 ALTER TABLE `experience_types` ENABLE KEYS */;
UNLOCK TABLES;


# Dump of table experiences
# ------------------------------------------------------------

DROP TABLE IF EXISTS `experiences`;

CREATE TABLE `experiences` (
  `id` int(10) unsigned NOT NULL AUTO_INCREMENT,
  `cover_image` varchar(191) COLLATE utf8mb4_unicode_ci DEFAULT NULL,
  `cover_image_2` varchar(191) COLLATE utf8mb4_unicode_ci DEFAULT NULL,
  `priority` int(11) DEFAULT NULL,
  `publish` tinyint(1) NOT NULL,
  `created_at` timestamp NULL DEFAULT NULL,
  `updated_at` timestamp NULL DEFAULT NULL,
  `deleted_at` timestamp NULL DEFAULT NULL,
  `gallery_id` int(11) DEFAULT NULL,
  PRIMARY KEY (`id`)
) ENGINE=InnoDB DEFAULT CHARSET=utf8mb4 COLLATE=utf8mb4_unicode_ci;

LOCK TABLES `experiences` WRITE;
/*!40000 ALTER TABLE `experiences` DISABLE KEYS */;

INSERT INTO `experiences` (`id`, `cover_image`, `cover_image_2`, `priority`, `publish`, `created_at`, `updated_at`, `deleted_at`, `gallery_id`)
VALUES
	(7,'/files/cover-images-experiences/bar_mg_0368_tratada.jpg','/files/cover-images-experiences/bar_mg_0368_tratada.jpg',0,1,'2021-01-18 14:53:53','2021-01-18 14:55:32',NULL,11),
	(8,'/files/cover-images-experiences/header_pack_spa.jpg','/files/cover-images-experiences/header_pack_spa.jpg',0,1,'2021-01-26 16:48:32','2021-01-26 16:48:32',NULL,NULL),
	(9,'/files/cover-images-experiences/header_pack_spa_2.jpg','/files/cover-images-experiences/header_pack_spa_2.jpg',0,1,'2021-01-26 16:50:07','2021-01-26 16:50:07',NULL,NULL),
	(10,'/files/cover-images-experiences/header_pack_experiencia_picnic.jpg','/files/cover-images-experiences/header_pack_experiencia_picnic.jpg',0,1,'2021-01-26 16:52:30','2021-01-26 16:52:30',NULL,NULL),
	(11,'/files/cover-images-experiences/header_pack_adrenalina.jpg','/files/cover-images-experiences/header_pack_adrenalina.jpg',0,1,'2021-01-26 16:54:10','2021-01-26 16:54:10',NULL,NULL),
	(12,'/files/cover-images-experiences/header_experiencia_jurassico.jpg','/files/cover-images-experiences/header_experiencia_jurassico.jpg',0,1,'2021-01-26 16:55:24','2021-01-26 16:55:24',NULL,NULL),
	(13,'/files/cover-images-experiences/header_experiencia_jurassico.jpg','/files/cover-images-experiences/header_experiencia_jurassico.jpg',0,1,'2021-01-27 16:37:57','2021-01-27 16:37:57',NULL,NULL);

/*!40000 ALTER TABLE `experiences` ENABLE KEYS */;
UNLOCK TABLES;


# Dump of table file_types
# ------------------------------------------------------------

DROP TABLE IF EXISTS `file_types`;

CREATE TABLE `file_types` (
  `id` int(10) unsigned NOT NULL AUTO_INCREMENT,
  `directory` varchar(191) COLLATE utf8mb4_unicode_ci NOT NULL,
  `title` varchar(191) COLLATE utf8mb4_unicode_ci NOT NULL,
  `extensions` varchar(191) COLLATE utf8mb4_unicode_ci NOT NULL,
  `max_file_size` int(11) NOT NULL,
  `created_at` timestamp NULL DEFAULT NULL,
  `updated_at` timestamp NULL DEFAULT NULL,
  PRIMARY KEY (`id`)
) ENGINE=InnoDB DEFAULT CHARSET=utf8mb4 COLLATE=utf8mb4_unicode_ci;

LOCK TABLES `file_types` WRITE;
/*!40000 ALTER TABLE `file_types` DISABLE KEYS */;

INSERT INTO `file_types` (`id`, `directory`, `title`, `extensions`, `max_file_size`, `created_at`, `updated_at`)
VALUES
	(1,'images','Imagens','jpg,jpeg,png,gif',2048,'2017-11-06 17:49:04','2017-11-06 17:49:04'),
	(2,'documents','Documentos','doc,docx,pdf,xls,xlsx',2048,'2017-11-06 17:49:04','2017-11-06 17:49:04'),
	(3,'gallery-image','Imagens de galerias','jpg,jpeg,gif,png',2048,'2017-11-22 17:50:52','2017-11-23 14:47:08'),
	(4,'cover-images','Imagens de capa de quartos','jpeg,jpg,gif,png',2048,'2017-11-23 14:46:56','2017-11-23 14:47:14'),
	(5,'cover-images-experiences','Imagens de capa de experiências','jpg,jpeg,gif,png',2048,'2017-11-23 16:51:16','2017-11-23 16:51:16'),
	(6,'cover-images-packs','Imagens de capa de packs','jpg,jpeg,gif,png',2048,'2017-11-23 17:08:44','2017-11-23 17:08:44'),
	(7,'slides','Slides','jpg,jpeg,gif,png',2048,'2017-12-04 14:37:25','2017-12-04 14:37:25'),
	(8,'blocks','Blocos','jpg,jpeg,gif,png',2048,'2017-12-05 14:44:08','2017-12-05 14:44:08'),
	(9,'promotions','Promoções','jpg,jpeg,gif,png',2048,'2017-12-05 15:15:04','2017-12-05 15:15:04'),
	(10,'mastheads','Banners principais','jpg,jpeg,gif,png',2048,'2017-12-06 17:27:52','2017-12-06 17:27:52'),
	(11,'spaces','Espaços','jpg,jpeg,gif,png',2048,'2017-12-18 16:15:33','2017-12-18 16:15:33');

/*!40000 ALTER TABLE `file_types` ENABLE KEYS */;
UNLOCK TABLES;


# Dump of table files
# ------------------------------------------------------------

DROP TABLE IF EXISTS `files`;

CREATE TABLE `files` (
  `id` int(10) unsigned NOT NULL AUTO_INCREMENT,
  `path` varchar(191) COLLATE utf8mb4_unicode_ci NOT NULL,
  `width` int(11) DEFAULT NULL,
  `height` int(11) DEFAULT NULL,
  `size` int(11) NOT NULL,
  `file_type_id` int(11) NOT NULL,
  `created_at` timestamp NULL DEFAULT NULL,
  `updated_at` timestamp NULL DEFAULT NULL,
  PRIMARY KEY (`id`),
  KEY `files_path_index` (`path`),
  KEY `files_file_type_id_index` (`file_type_id`)
) ENGINE=InnoDB DEFAULT CHARSET=utf8mb4 COLLATE=utf8mb4_unicode_ci;

LOCK TABLES `files` WRITE;
/*!40000 ALTER TABLE `files` DISABLE KEYS */;

INSERT INTO `files` (`id`, `path`, `width`, `height`, `size`, `file_type_id`, `created_at`, `updated_at`)
VALUES
	(1,'/files/slides/bar_mg_0368_tratada.jpg',1500,1000,353,7,'2017-12-04 16:02:49','2017-12-04 16:02:49'),
	(2,'/files/promotions/150x150.png',150,150,0,9,'2017-12-06 22:17:44','2017-12-06 22:17:44'),
	(3,'/files/promotions/160.png',160,160,0,9,'2017-12-06 22:43:44','2017-12-06 22:43:44'),
	(4,'/files/blocks/460x300.png',460,300,1,8,'2017-12-07 14:47:14','2017-12-07 14:47:14'),
	(5,'/files/blocks/265x170.png',265,170,1,8,'2017-12-07 14:47:18','2017-12-07 14:47:18'),
	(6,'/files/cover-images-packs/1920x1080.png',1920,1080,7,6,'2017-12-07 15:08:18','2017-12-07 15:08:18'),
	(7,'/files/cover-images-packs/480x480.png',480,480,1,6,'2017-12-07 15:08:27','2017-12-07 15:08:27'),
	(8,'/files/mastheads/header_packs.jpg',1920,653,230,10,'2017-12-11 16:00:31','2017-12-11 16:00:31'),
	(9,'/files/mastheads/header_quem_somos.jpg',1906,1080,529,10,'2017-12-11 16:00:59','2017-12-11 16:00:59'),
	(10,'/files/mastheads/header_experiencias.jpg',1920,653,349,10,'2017-12-11 16:50:26','2017-12-11 16:50:26'),
	(11,'/files/mastheads/header_comodidades.jpg',1920,653,304,10,'2017-12-11 17:35:27','2017-12-11 17:35:27'),
	(12,'/files/gallery-image/bar_mg_0368_tratada.jpg',1500,1000,353,3,'2017-12-11 20:06:00','2017-12-11 20:06:00'),
	(13,'/files/gallery-image/bar_mg_0437_tratada.jpg',1500,1000,478,3,'2017-12-11 20:06:00','2017-12-11 20:06:00'),
	(14,'/files/mastheads/header_quartos.jpg',1920,653,284,10,'2017-12-11 20:20:46','2017-12-11 20:20:46'),
	(15,'/files/cover-images-packs/620.png',620,620,2,6,'2017-12-18 14:33:18','2017-12-18 14:33:18'),
	(16,'/files/blocks/img_1.png',800,520,489,8,'2017-12-18 20:42:01','2017-12-18 20:42:01'),
	(17,'/files/blocks/img_2.png',500,324,285,8,'2017-12-18 20:42:13','2017-12-18 20:42:13'),
	(18,'/files/blocks/img_1-2.png',800,520,489,8,'2017-12-18 21:07:33','2017-12-18 21:07:33'),
	(19,'/files/cover-images-packs/exterior_mg_7954_2_tratada.jpg',1500,1000,634,6,'2017-12-18 21:14:51','2017-12-18 21:14:51'),
	(20,'/files/cover-images-packs/header_passagem_ano.jpg',1906,1080,355,6,'2017-12-18 21:29:19','2017-12-18 21:29:19'),
	(21,'/files/cover-images-packs/header_pack_well_romance.jpg',1906,1080,463,6,'2017-12-18 22:21:10','2017-12-18 22:21:10'),
	(22,'/files/cover-images-packs/header_pack_5_dias.jpg',1906,1080,685,6,'2017-12-18 22:30:22','2017-12-18 22:30:22'),
	(23,'/files/cover-images-packs/header_pack_well_romance_2.jpg',1079,1069,862,6,'2017-12-18 22:33:45','2017-12-18 22:33:45'),
	(24,'/files/cover-images-packs/header_pack_5_dias_2.jpg',1312,1080,526,6,'2017-12-18 22:35:31','2017-12-18 22:35:31'),
	(25,'/files/cover-images-packs/spa_mg_6750_2_tratada.jpg',1500,1000,424,6,'2017-12-18 22:38:21','2017-12-18 22:38:21'),
	(26,'/files/cover-images-packs/header_pack_5_dias_2-2.jpg',1160,1080,485,6,'2017-12-18 22:40:02','2017-12-18 22:40:02'),
	(27,'/files/cover-images-packs/header_pack_adoraveis_60.jpg',1906,1080,370,6,'2017-12-18 23:13:12','2017-12-18 23:13:12'),
	(28,'/files/cover-images-packs/header_pack_well_romance_3.jpg',1906,1080,506,6,'2017-12-19 14:48:18','2017-12-19 14:48:18'),
	(29,'/files/cover-images-packs/header_pack_well_romance_2-2.jpg',1906,1080,475,6,'2017-12-19 14:48:41','2017-12-19 14:48:41'),
	(30,'/files/cover-images-packs/exterior_mg_9448_tratada.jpg',1500,1000,459,6,'2017-12-19 14:52:36','2017-12-19 14:52:36'),
	(31,'/files/cover-images-packs/header_pack_surf.jpg',1906,1080,849,6,'2017-12-19 15:23:38','2017-12-19 15:23:38'),
	(32,'/files/cover-images-experiences/header_pack_experiencia_tour_1_dia.jpg',1906,1080,844,5,'2017-12-19 16:07:28','2017-12-19 16:07:28'),
	(33,'/files/cover-images-experiences/header_pack_spa.jpg',1906,1080,516,5,'2017-12-19 16:27:31','2017-12-19 16:27:31'),
	(34,'/files/cover-images-experiences/header_pack_spa-2.jpg',1906,1080,515,5,'2017-12-19 16:31:14','2017-12-19 16:31:14'),
	(35,'/files/cover-images-experiences/header_pack_spa_2.jpg',1187,1080,314,5,'2017-12-19 16:32:04','2017-12-19 16:32:04'),
	(36,'/files/cover-images-experiences/header_pack_experiencia_picnic.jpg',1906,1080,545,5,'2017-12-19 17:06:07','2017-12-19 17:06:07'),
	(37,'/files/cover-images-experiences/header_pack_experiencia_picnic_2.jpg',1374,1080,432,5,'2017-12-19 17:07:40','2017-12-19 17:07:40'),
	(38,'/files/cover-images-experiences/header_pack_adrenalina.jpg',1906,1080,635,5,'2017-12-19 17:24:09','2017-12-19 17:24:09'),
	(39,'/files/cover-images-experiences/header_pack_adrenalina_2.jpg',1158,1080,409,5,'2017-12-19 17:24:21','2017-12-19 17:24:21'),
	(40,'/files/cover-images-experiences/header_pack_adrenalina-2.jpg',1906,1080,668,5,'2017-12-19 17:26:47','2017-12-19 17:26:47'),
	(41,'/files/cover-images-experiences/header_pack_adrenalina-3.jpg',1906,1080,749,5,'2017-12-19 17:28:36','2017-12-19 17:28:36'),
	(42,'/files/cover-images-experiences/header_pack_adrenalina-4.jpg',1906,1080,732,5,'2017-12-19 17:29:49','2017-12-19 17:29:49'),
	(43,'/files/cover-images-experiences/header_pack_adrenalina-5.jpg',1906,1080,728,5,'2017-12-19 17:31:20','2017-12-19 17:31:20'),
	(44,'/files/cover-images-experiences/header_pack_adrenalina-6.jpg',1906,1080,746,5,'2017-12-19 17:33:54','2017-12-19 17:33:54'),
	(45,'/files/cover-images-experiences/header_pack_adrenalina-7.jpg',1906,1080,754,5,'2017-12-19 17:35:17','2017-12-19 17:35:17'),
	(46,'/files/cover-images-experiences/bar_mg_0368_tratada.jpg',1500,1000,353,5,'2017-12-19 17:41:59','2017-12-19 17:41:59'),
	(47,'/files/promotions/spa_mg_6750_2_tratada.jpg',1500,1000,424,9,'2017-12-19 20:28:41','2017-12-19 20:28:41'),
	(48,'/files/promotions/header_passagem_ano.jpg',1906,1080,355,9,'2017-12-19 20:28:52','2017-12-19 20:28:52'),
	(49,'/files/mastheads/header_duplo_superior_vista_terra.jpg',1906,1080,474,10,'2017-12-19 22:06:10','2017-12-19 22:06:10'),
	(50,'/files/cover-images/img_1.jpg',800,520,267,4,'2017-12-19 22:06:27','2017-12-19 22:06:27'),
	(51,'/files/cover-images/img_2.jpg',500,324,114,4,'2017-12-19 22:06:43','2017-12-19 22:06:43'),
	(52,'/files/mastheads/header_duplo_superior_vista_terra-2.jpg',1906,1080,474,10,'2017-12-19 22:26:04','2017-12-19 22:26:04'),
	(53,'/files/cover-images/img_1-2.jpg',800,520,267,4,'2017-12-19 22:26:36','2017-12-19 22:26:36'),
	(54,'/files/cover-images/img_2-2.jpg',500,324,114,4,'2017-12-19 22:26:48','2017-12-19 22:26:48'),
	(55,'/files/cover-images/img_1-3.jpg',800,520,286,4,'2017-12-19 22:27:37','2017-12-19 22:27:37'),
	(56,'/files/cover-images/img_2-3.jpg',500,324,119,4,'2017-12-19 22:27:49','2017-12-19 22:27:49'),
	(57,'/files/mastheads/header_duplo_superior_vista_mar.jpg',1906,1080,488,10,'2017-12-19 22:29:21','2017-12-19 22:29:21'),
	(58,'/files/mastheads/header_duplo_conforto.jpg',1906,1080,591,10,'2017-12-19 23:04:35','2017-12-19 23:04:35'),
	(59,'/files/spaces/espaco_crianca_mg_9282_tratada.jpg',1500,1000,358,11,'2017-12-19 23:28:21','2017-12-19 23:28:21'),
	(60,'/files/spaces/espaco_crianca_mg_9311_tratada.jpg',1500,1000,444,11,'2017-12-19 23:28:48','2017-12-19 23:28:48'),
	(61,'/files/spaces/piscina_mg_7474_2_tratada.jpg',1500,1000,1230,11,'2017-12-19 23:29:51','2017-12-19 23:29:51'),
	(62,'/files/spaces/piscina_mg_6004_tratada.jpg',1500,1000,601,11,'2017-12-19 23:30:11','2017-12-19 23:30:11'),
	(63,'/files/spaces/spa_mg_6750_2_tratada.jpg',1500,1000,424,11,'2017-12-19 23:31:41','2017-12-19 23:31:41'),
	(64,'/files/spaces/spa_mg_9052_2_1012_tratada.jpg',1500,1000,378,11,'2017-12-19 23:31:55','2017-12-19 23:31:55'),
	(65,'/files/spaces/sauna_mg_8010_2_tratada.jpg',1500,1000,458,11,'2017-12-19 23:32:55','2017-12-19 23:32:55'),
	(66,'/files/spaces/sauna_mg_6273_tratada.jpg',1500,1000,361,11,'2017-12-19 23:33:16','2017-12-19 23:33:16'),
	(67,'/files/spaces/ginasio_mg_0117_tratada.jpg',1500,1000,436,11,'2017-12-19 23:34:26','2017-12-19 23:34:26'),
	(68,'/files/spaces/ginasio_mg_9030_2_990_tratada.jpg',1500,1000,351,11,'2017-12-19 23:34:43','2017-12-19 23:34:43'),
	(69,'/files/spaces/refeitorio_mg_7794_tratada.jpg',1500,1000,484,11,'2017-12-19 23:36:46','2017-12-19 23:36:46'),
	(70,'/files/spaces/refeitorio_mg_7794_tratada-2.jpg',1500,1000,484,11,'2017-12-19 23:37:06','2017-12-19 23:37:06'),
	(71,'/files/spaces/refeitorio_mg_7570_2_tratada.jpg',1500,1000,340,11,'2017-12-19 23:37:18','2017-12-19 23:37:18'),
	(72,'/files/spaces/sala_mg_6579_tratada.jpg',1500,1000,424,11,'2017-12-19 23:38:55','2017-12-19 23:38:55'),
	(73,'/files/spaces/refeitorio_sala_mg_5632_tratada.jpg',1500,1000,501,11,'2017-12-19 23:39:50','2017-12-19 23:39:50'),
	(74,'/files/spaces/refeitorio_mg_6651_tratada.jpg',1500,1000,546,11,'2017-12-19 23:40:12','2017-12-19 23:40:12'),
	(75,'/files/slides/_mg_6380_tratada.jpg',1500,1000,410,7,'2017-12-19 23:50:59','2017-12-19 23:50:59'),
	(76,'/files/slides/header_passagem_ano.jpg',1906,1080,355,7,'2017-12-19 23:53:04','2017-12-19 23:53:04'),
	(77,'/files/slides/piscina_mg_6968_2_tratada.jpg',1500,1000,374,7,'2017-12-20 00:04:38','2017-12-20 00:04:38'),
	(78,'/files/slides/piscina_mg_6968_2_tratada_wide.jpg',1500,669,402,7,'2017-12-20 00:06:48','2017-12-20 00:06:48'),
	(79,'/files/slides/piscina_mg_6888_2_tratada.jpg',1500,1001,530,7,'2017-12-20 00:09:00','2017-12-20 00:09:00'),
	(80,'/files/slides/piscina_mg_6888_2_tratada_2.jpg',1458,870,1114,7,'2017-12-20 00:11:12','2017-12-20 00:11:12'),
	(81,'/files/cover-images/img_1-4.jpg',800,520,290,4,'2018-01-05 09:32:51','2018-01-05 09:32:51'),
	(82,'/files/cover-images/img_2-4.jpg',500,324,137,4,'2018-01-05 09:33:02','2018-01-05 09:33:02'),
	(83,'/files/mastheads/header_duplo_superior_terraco_vista_mar_2.jpg',1906,1080,293,10,'2018-01-05 09:51:06','2018-01-05 09:51:06'),
	(84,'/files/cover-images/img_1_2.jpg',800,520,283,4,'2018-01-05 09:51:40','2018-01-05 09:51:40'),
	(85,'/files/cover-images/img_2_2.jpg',500,324,142,4,'2018-01-05 09:51:49','2018-01-05 09:51:49'),
	(86,'/files/mastheads/header_duplo_conforto-2.jpg',1906,1080,486,10,'2018-01-05 10:19:48','2018-01-05 10:19:48'),
	(87,'/files/cover-images/img_1-5.jpg',800,520,290,4,'2018-01-05 10:19:56','2018-01-05 10:19:56'),
	(88,'/files/cover-images/img_2-5.jpg',500,324,137,4,'2018-01-05 10:20:05','2018-01-05 10:20:05'),
	(89,'/files/mastheads/header_twin_conforto.jpg',1906,1080,543,10,'2018-01-05 10:36:21','2018-01-05 10:36:21'),
	(90,'/files/cover-images/img_1-6.jpg',800,520,289,4,'2018-01-05 10:47:20','2018-01-05 10:47:20'),
	(91,'/files/cover-images/img_2-6.jpg',500,324,138,4,'2018-01-05 10:47:29','2018-01-05 10:47:29'),
	(92,'/files/mastheads/header_quarto_familiar.jpg',1906,1080,398,10,'2018-01-05 10:59:52','2018-01-05 10:59:52'),
	(93,'/files/cover-images/img_1_1.jpg',800,520,283,4,'2018-01-05 11:00:06','2018-01-05 11:00:06'),
	(94,'/files/cover-images/img_2-7.jpg',500,324,121,4,'2018-01-05 11:00:16','2018-01-05 11:00:16'),
	(95,'/files/mastheads/header_suite.jpg',1906,1080,451,10,'2018-01-05 11:04:58','2018-01-05 11:04:58'),
	(96,'/files/cover-images/img_1_1-2.jpg',800,520,277,4,'2018-01-05 11:05:12','2018-01-05 11:05:12'),
	(97,'/files/cover-images/img_2_1.jpg',500,324,105,4,'2018-01-05 11:05:21','2018-01-05 11:05:21'),
	(98,'/files/gallery-image/_mg_5767_hdr_tratada.jpg',1500,1000,460,3,'2018-01-05 11:41:26','2018-01-05 11:41:26'),
	(99,'/files/gallery-image/_mg_5795_hdr___tratada.jpg',1500,1000,929,3,'2018-01-05 11:42:49','2018-01-05 11:42:49'),
	(100,'/files/gallery-image/_mg_5820_tratada.jpg',1500,1000,286,3,'2018-01-05 11:48:07','2018-01-05 11:48:07'),
	(101,'/files/gallery-image/_mg_5831___tratada.jpg',1500,1000,314,3,'2018-01-05 11:48:24','2018-01-05 11:48:24'),
	(102,'/files/gallery-image/_mg_6286___tratada.jpg',1500,1009,469,3,'2018-01-05 11:48:38','2018-01-05 11:48:38'),
	(103,'/files/gallery-image/_mg_6343___tratada.jpg',1500,999,367,3,'2018-01-05 11:49:31','2018-01-05 11:49:31'),
	(104,'/files/gallery-image/_mg_6380_tratada.jpg',1500,1000,410,3,'2018-01-05 11:49:47','2018-01-05 11:49:47'),
	(105,'/files/gallery-image/_mg_6477_tratada.jpg',720,1080,226,3,'2018-01-05 11:50:02','2018-01-05 11:50:02'),
	(106,'/files/gallery-image/_mg_6743_tratada.jpg',1500,1000,255,3,'2018-01-05 11:50:27','2018-01-05 11:50:27'),
	(107,'/files/gallery-image/_mg_6755_tratada.jpg',1500,1000,325,3,'2018-01-05 11:50:44','2018-01-05 11:50:44'),
	(108,'/files/gallery-image/_mg_6851_2_tratada.jpg',1500,1000,356,3,'2018-01-05 11:51:41','2018-01-05 11:51:41'),
	(109,'/files/gallery-image/_mg_6856_2_tratada.jpg',1500,1000,355,3,'2018-01-05 11:52:22','2018-01-05 11:52:22'),
	(110,'/files/gallery-image/_mg_6859_2_tratada.jpg',1500,1000,270,3,'2018-01-05 11:52:48','2018-01-05 11:52:48'),
	(111,'/files/gallery-image/_mg_6892_tratada.jpg',1500,1000,289,3,'2018-01-05 11:53:15','2018-01-05 11:53:15'),
	(112,'/files/gallery-image/_mg_6902_tratada.jpg',1500,1000,350,3,'2018-01-05 11:54:33','2018-01-05 11:54:33'),
	(113,'/files/gallery-image/_mg_7061_tratada.jpg',1500,1000,334,3,'2018-01-05 11:55:36','2018-01-05 11:55:36'),
	(114,'/files/gallery-image/_mg_7420_tratada.jpg',1500,1000,389,3,'2018-01-05 11:55:48','2018-01-05 11:55:48'),
	(115,'/files/gallery-image/_mg_7423___tratada.jpg',1500,1000,308,3,'2018-01-05 11:56:04','2018-01-05 11:56:04'),
	(116,'/files/gallery-image/co9b6362_tratada.jpg',1500,1000,1075,3,'2018-01-05 11:56:16','2018-01-05 11:56:16'),
	(117,'/files/gallery-image/co9b6371_tratada_crop.jpg',1500,1000,1158,3,'2018-01-05 11:56:36','2018-01-05 11:56:36'),
	(118,'/files/gallery-image/co9b6379_tratada.jpg',1500,1000,911,3,'2018-01-05 11:56:49','2018-01-05 11:56:49'),
	(119,'/files/gallery-image/_mg_5986_2_tratada.jpg',1500,1000,435,3,'2018-01-05 12:00:44','2018-01-05 12:00:44'),
	(120,'/files/gallery-image/_mg_5988_tratada.jpg',1500,1000,552,3,'2018-01-05 12:00:56','2018-01-05 12:00:56'),
	(121,'/files/gallery-image/_mg_5986_2_tratada-2.jpg',1500,1000,435,3,'2018-01-05 12:01:54','2018-01-05 12:01:54'),
	(122,'/files/gallery-image/_mg_5988_tratada-2.jpg',1500,1000,552,3,'2018-01-05 12:02:06','2018-01-05 12:02:06'),
	(123,'/files/gallery-image/co9b6209_2_tratada.jpg',1500,1000,1280,3,'2018-01-05 12:02:34','2018-01-05 12:02:34'),
	(124,'/files/gallery-image/co9b6220_tratada.jpg',1500,1000,1361,3,'2018-01-05 12:02:46','2018-01-05 12:02:46'),
	(125,'/files/gallery-image/_mg_5912_tratada.jpg',1500,764,307,3,'2018-01-05 12:03:12','2018-01-05 12:03:12'),
	(126,'/files/gallery-image/_mg_5922_tratada.jpg',1500,1000,331,3,'2018-01-05 12:03:24','2018-01-05 12:03:24'),
	(127,'/files/gallery-image/_mg_5932_tratada.jpg',1500,1000,447,3,'2018-01-05 12:03:37','2018-01-05 12:03:37'),
	(128,'/files/gallery-image/_mg_5934_tratada.jpg',1500,1000,388,3,'2018-01-05 12:03:49','2018-01-05 12:03:49'),
	(129,'/files/gallery-image/_mg_8469_2_430_tratada.jpg',1500,1000,296,3,'2018-01-05 12:05:42','2018-01-05 12:05:42'),
	(130,'/files/gallery-image/_mg_8873_tratada.jpg',1500,1000,333,3,'2018-01-05 12:07:47','2018-01-05 12:07:47'),
	(131,'/files/gallery-image/_mg_9005_tratada.jpg',1500,1000,370,3,'2018-01-05 12:08:06','2018-01-05 12:08:06'),
	(132,'/files/gallery-image/co9b6227_tratada.jpg',1500,989,1015,3,'2018-01-05 12:08:21','2018-01-05 12:08:21'),
	(133,'/files/gallery-image/co9b6261_tratada.jpg',1500,1000,1044,3,'2018-01-05 12:08:40','2018-01-05 12:08:40'),
	(134,'/files/gallery-image/co9b6264_tratada.jpg',1500,1000,1066,3,'2018-01-05 12:08:54','2018-01-05 12:08:54'),
	(135,'/files/gallery-image/co9b6268_tratada.jpg',1500,1000,1060,3,'2018-01-05 12:09:05','2018-01-05 12:09:05'),
	(136,'/files/gallery-image/_mg_5833_tratada.jpg',1500,1000,351,3,'2018-01-05 12:09:59','2018-01-05 12:09:59'),
	(137,'/files/gallery-image/_mg_5834_tratada.jpg',1500,1000,352,3,'2018-01-05 12:10:38','2018-01-05 12:10:38'),
	(138,'/files/gallery-image/_mg_5845_tratada.jpg',1500,1017,329,3,'2018-01-05 12:10:52','2018-01-05 12:10:52'),
	(139,'/files/gallery-image/_mg_5876_tratada.jpg',1500,1000,353,3,'2018-01-05 12:11:04','2018-01-05 12:11:04'),
	(140,'/files/gallery-image/_mg_5876_tratada-2.jpg',1500,1000,353,3,'2018-01-05 12:11:26','2018-01-05 12:11:26'),
	(141,'/files/gallery-image/_mg_5886_tratada.jpg',1500,1000,373,3,'2018-01-05 12:11:48','2018-01-05 12:11:48'),
	(142,'/files/gallery-image/_mg_5908_tratada.jpg',1500,1000,362,3,'2018-01-05 12:12:08','2018-01-05 12:12:08'),
	(143,'/files/gallery-image/_mg_8659_tratada.jpg',1500,1000,372,3,'2018-01-05 12:12:34','2018-01-05 12:12:34'),
	(144,'/files/gallery-image/_mg_8661_tratada.jpg',1500,1000,315,3,'2018-01-05 12:12:46','2018-01-05 12:12:46'),
	(145,'/files/gallery-image/_mg_8681_tratada.jpg',1500,1000,363,3,'2018-01-05 12:12:57','2018-01-05 12:12:57'),
	(146,'/files/gallery-image/_mg_8688_tratada.jpg',1500,1000,344,3,'2018-01-05 12:13:42','2018-01-05 12:13:42'),
	(147,'/files/gallery-image/_mg_8704_tratada.jpg',1500,1000,332,3,'2018-01-05 12:14:00','2018-01-05 12:14:00'),
	(148,'/files/gallery-image/_mg_9032_tratada.jpg',1500,1000,367,3,'2018-01-05 12:14:13','2018-01-05 12:14:13'),
	(149,'/files/gallery-image/_mg_9032_tratada-2.jpg',1500,1000,367,3,'2018-01-05 12:15:49','2018-01-05 12:15:49'),
	(150,'/files/gallery-image/_mg_9082_tratada.jpg',1500,1000,347,3,'2018-01-05 12:17:19','2018-01-05 12:17:19'),
	(151,'/files/gallery-image/_mg_9119_tratada.jpg',720,1080,185,3,'2018-01-05 12:17:35','2018-01-05 12:17:35'),
	(152,'/files/slides/piscina_mg_6004_tratada.jpg',1500,1000,601,7,'2018-01-05 12:38:52','2018-01-05 12:38:52'),
	(153,'/files/slides/_mg_8704_tratada.jpg',1500,1000,332,7,'2018-01-05 12:48:20','2018-01-05 12:48:20'),
	(154,'/files/slides/_mg_5908_tratada.jpg',1500,1000,362,7,'2018-01-05 12:50:52','2018-01-05 12:50:52'),
	(155,'/files/promotions/spa_mg_6750_2_tratada-2.jpg',1500,1000,424,9,'2018-01-05 12:59:17','2018-01-05 12:59:17'),
	(156,'/files/mastheads/_mg_5912_tratada_copy.jpg',1500,764,52,10,'2018-01-05 16:43:30','2018-01-05 16:43:30'),
	(157,'/files/cover-images/falta_fotos_1.jpg',800,520,44,4,'2018-01-05 16:43:47','2018-01-05 16:43:47'),
	(158,'/files/cover-images/falta_foto.jpg',500,324,23,4,'2018-01-05 16:44:00','2018-01-05 16:44:00'),
	(159,'/files/cover-images/img_2-8.jpg',500,324,24,4,'2018-01-05 16:46:10','2018-01-05 16:46:10'),
	(160,'/files/gallery-image/_mg_5912_tratada_copy.jpg',1500,764,52,3,'2018-01-05 16:51:16','2018-01-05 16:51:16'),
	(161,'/files/gallery-image/falta_foto.jpg',1906,1080,69,3,'2018-01-05 16:52:29','2018-01-05 16:52:29'),
	(162,'/files/gallery-image/bar_mg_0441_tratada.jpg',1500,1000,360,3,'2018-01-10 09:42:44','2018-01-10 09:42:44'),
	(163,'/files/gallery-image/bar_mg_5724_tratada.jpg',1500,1000,437,3,'2018-01-10 09:43:36','2018-01-10 09:43:36'),
	(164,'/files/gallery-image/bar_mg_9619_tratada.jpg',1500,1000,420,3,'2018-01-10 09:43:50','2018-01-10 09:43:50'),
	(165,'/files/gallery-image/bar_mg_9859_tratada.jpg',1500,1000,497,3,'2018-01-10 09:44:19','2018-01-10 09:44:19'),
	(166,'/files/gallery-image/edicio_mg_8605_tratada.jpg',1500,1000,334,3,'2018-01-10 09:44:36','2018-01-10 09:44:36'),
	(167,'/files/gallery-image/edificio_mg_5962_tratada.jpg',1500,1000,355,3,'2018-01-10 09:44:55','2018-01-10 09:44:55'),
	(168,'/files/gallery-image/edificio_mg_6780_tratada.jpg',1500,1000,356,3,'2018-01-10 09:49:59','2018-01-10 09:49:59'),
	(169,'/files/gallery-image/edificio__mg_0007_tratada.jpg',1500,1000,303,3,'2018-01-10 09:50:16','2018-01-10 09:50:16'),
	(170,'/files/gallery-image/edificio_dji_0026_tratada.jpg',1500,843,618,3,'2018-01-10 09:51:50','2018-01-10 09:51:50'),
	(171,'/files/gallery-image/espaco_crianca_mg_9282_tratada.jpg',1500,1000,358,3,'2018-01-10 09:52:10','2018-01-10 09:52:10'),
	(172,'/files/gallery-image/espaco_crianca_mg_9311_tratada.jpg',1500,1000,444,3,'2018-01-10 09:52:26','2018-01-10 09:52:26'),
	(173,'/files/gallery-image/exterior_mg_7188_2_tratada.jpg',1500,1000,579,3,'2018-01-10 09:53:46','2018-01-10 09:53:46'),
	(174,'/files/gallery-image/exterior_mg_7954_2_tratada.jpg',1500,1000,634,3,'2018-01-10 09:54:00','2018-01-10 09:54:00'),
	(175,'/files/gallery-image/exterior_mg_8019_2_tratada.jpg',1500,1000,360,3,'2018-01-10 09:54:15','2018-01-10 09:54:15'),
	(176,'/files/gallery-image/exterior_mg_9448_tratada.jpg',1500,1000,459,3,'2018-01-10 09:54:35','2018-01-10 09:54:35'),
	(177,'/files/gallery-image/exterior_mg_9525_tratada.jpg',1500,1000,409,3,'2018-01-10 09:55:12','2018-01-10 09:55:12'),
	(178,'/files/gallery-image/ginasio_mg_0067_tratada.jpg',1500,1000,342,3,'2018-01-10 09:57:02','2018-01-10 09:57:02'),
	(179,'/files/gallery-image/ginasio_mg_0117_tratada.jpg',1500,1000,436,3,'2018-01-10 09:57:17','2018-01-10 09:57:17'),
	(180,'/files/gallery-image/ginasio_mg_9030_2_990_tratada.jpg',1500,1000,351,3,'2018-01-10 09:57:42','2018-01-10 09:57:42'),
	(181,'/files/gallery-image/interior_mg_6291_tratada.jpg',1500,1000,753,3,'2018-01-10 09:57:57','2018-01-10 09:57:57'),
	(182,'/files/gallery-image/interior_mg_8102_2_64_tratada.jpg',1500,1000,390,3,'2018-01-10 09:58:25','2018-01-10 09:58:25'),
	(183,'/files/gallery-image/interior_mg_8498_2_459_tratada.jpg',720,1080,202,3,'2018-01-10 09:58:44','2018-01-10 09:58:44'),
	(184,'/files/gallery-image/interior_mg_8535_2_496_tratada.jpg',720,1080,187,3,'2018-01-10 09:59:02','2018-01-10 09:59:02'),
	(185,'/files/gallery-image/interior_mg_8535_2_496_tratada-2.jpg',720,1080,187,3,'2018-01-10 09:59:22','2018-01-10 09:59:22'),
	(186,'/files/gallery-image/interior_mg_9203_tratada.jpg',1500,1000,392,3,'2018-01-10 10:00:02','2018-01-10 10:00:02'),
	(187,'/files/gallery-image/interior_mg_8526_2_487_tratada.jpg',720,1080,198,3,'2018-01-10 10:00:56','2018-01-10 10:00:56'),
	(188,'/files/gallery-image/interior_mg_9224_tratada.jpg',1500,1000,356,3,'2018-01-10 10:02:43','2018-01-10 10:02:43'),
	(189,'/files/gallery-image/piscina_mg_6004_tratada.jpg',1500,1000,601,3,'2018-01-10 10:03:24','2018-01-10 10:03:24'),
	(190,'/files/gallery-image/piscina_mg_6888_2_tratada.jpg',1500,1001,530,3,'2018-01-10 10:03:41','2018-01-10 10:03:41'),
	(191,'/files/gallery-image/piscina_mg_6968_2_tratada.jpg',1500,1000,374,3,'2018-01-10 10:03:59','2018-01-10 10:03:59'),
	(192,'/files/gallery-image/piscina_mg_7474_2_tratada.jpg',1500,1000,1230,3,'2018-01-10 10:04:16','2018-01-10 10:04:16'),
	(193,'/files/gallery-image/recepcao_mg_5672_tratada.jpg',1500,1000,404,3,'2018-01-10 10:05:52','2018-01-10 10:05:52'),
	(194,'/files/gallery-image/recepcao_mg_5686_tratada.jpg',1500,1000,1195,3,'2018-01-10 10:06:08','2018-01-10 10:06:08'),
	(195,'/files/gallery-image/recepcao_mg_5705_tratada.jpg',1500,1000,376,3,'2018-01-10 10:06:23','2018-01-10 10:06:23'),
	(196,'/files/gallery-image/recepcao_mg_5717_tratada.jpg',1500,1000,478,3,'2018-01-10 10:06:42','2018-01-10 10:06:42'),
	(197,'/files/gallery-image/recepcao_mg_6627_tratada.jpg',1500,1000,369,3,'2018-01-10 10:07:18','2018-01-10 10:07:18'),
	(198,'/files/gallery-image/recepcao_mg_9857_tratada.jpg',1500,1000,345,3,'2018-01-10 10:07:52','2018-01-10 10:07:52'),
	(199,'/files/gallery-image/refeitorio_mg_5594_tratada.jpg',1500,1000,362,3,'2018-01-10 10:08:12','2018-01-10 10:08:12'),
	(200,'/files/gallery-image/refeitorio_mg_6651_tratada.jpg',1500,1000,546,3,'2018-01-10 10:08:31','2018-01-10 10:08:31'),
	(201,'/files/gallery-image/refeitorio_mg_7570_2_tratada.jpg',1500,1000,340,3,'2018-01-10 10:08:48','2018-01-10 10:08:48'),
	(202,'/files/gallery-image/refeitorio_mg_7794_tratada.jpg',1500,1000,484,3,'2018-01-10 10:09:07','2018-01-10 10:09:07'),
	(203,'/files/gallery-image/refeitorio_mg_6677_tratada.jpg',1500,1000,425,3,'2018-01-10 10:09:23','2018-01-10 10:09:23'),
	(204,'/files/gallery-image/refeitorio_sala_mg_5632_tratada.jpg',1500,1000,501,3,'2018-01-10 10:09:38','2018-01-10 10:09:38'),
	(205,'/files/gallery-image/sala_mg_5637_tratada.jpg',1500,1000,529,3,'2018-01-10 10:09:55','2018-01-10 10:09:55'),
	(206,'/files/gallery-image/sala_mg_5645_tratada.jpg',1500,1000,398,3,'2018-01-10 10:10:10','2018-01-10 10:10:10'),
	(207,'/files/gallery-image/sala_mg_5655_tratada.jpg',1500,1000,373,3,'2018-01-10 10:10:28','2018-01-10 10:10:28'),
	(208,'/files/gallery-image/sala_mg_6579_tratada.jpg',1500,1000,424,3,'2018-01-10 10:10:45','2018-01-10 10:10:45'),
	(209,'/files/gallery-image/sala_mg_6643_tratada.jpg',1500,1000,1205,3,'2018-01-10 10:11:01','2018-01-10 10:11:01'),
	(210,'/files/gallery-image/sauna_mg_6273_tratada.jpg',1500,1000,361,3,'2018-01-10 10:11:36','2018-01-10 10:11:36'),
	(211,'/files/gallery-image/sauna_mg_8010_2_tratada.jpg',1500,1000,458,3,'2018-01-10 10:11:50','2018-01-10 10:11:50'),
	(212,'/files/gallery-image/sauna_piscina_mg_6129_tratada.jpg',1500,1000,397,3,'2018-01-10 10:12:03','2018-01-10 10:12:03'),
	(213,'/files/gallery-image/spa_mg_6750_2_tratada.jpg',1500,1000,424,3,'2018-01-10 10:12:18','2018-01-10 10:12:18'),
	(214,'/files/gallery-image/spa_mg_9052_2_1012_tratada.jpg',1500,1000,378,3,'2018-01-10 10:12:31','2018-01-10 10:12:31'),
	(215,'/files/mastheads/header_sup_varanda_vista_mar.jpg',1906,1080,435,10,'2018-02-05 15:36:06','2018-02-05 15:36:06'),
	(216,'/files/cover-images/img_1-7.jpg',800,520,285,4,'2018-02-05 15:36:22','2018-02-05 15:36:22'),
	(217,'/files/cover-images/img_2-9.jpg',500,324,112,4,'2018-02-05 15:36:32','2018-02-05 15:36:32'),
	(218,'/files/gallery-image/co9b6527_tratada_2.jpg',1500,1000,1020,3,'2018-02-05 15:37:32','2018-02-05 15:37:32'),
	(219,'/files/gallery-image/co9b6539_tratada_2.jpg',1500,1000,1072,3,'2018-02-05 15:37:49','2018-02-05 15:37:49'),
	(220,'/files/gallery-image/co9b6543_tratada_2.jpg',1500,1000,926,3,'2018-02-05 15:38:18','2018-02-05 15:38:18'),
	(221,'/files/gallery-image/co9b6558_tratada_2.jpg',1500,1000,981,3,'2018-02-05 15:38:53','2018-02-05 15:38:53'),
	(222,'/files/gallery-image/co9b6564_tratada_2.jpg',1500,1000,895,3,'2018-02-05 15:39:11','2018-02-05 15:39:11'),
	(223,'/files/gallery-image/co9b6573_tratada_2.jpg',1500,1000,965,3,'2018-02-05 15:39:25','2018-02-05 15:39:25'),
	(224,'/files/gallery-image/co9b6574_tratada_2.jpg',1500,1000,1273,3,'2018-02-05 15:39:51','2018-02-05 15:39:51'),
	(225,'/files/gallery-image/co9b6578_tratada_2.jpg',720,1080,177,3,'2018-02-05 15:40:04','2018-02-05 15:40:04'),
	(226,'/files/gallery-image/co9b6580_tratada_2.jpg',1500,1000,991,3,'2018-02-05 15:40:19','2018-02-05 15:40:19'),
	(227,'/files/gallery-image/co9b6584_tratada_2.jpg',1500,1000,875,3,'2018-02-05 15:40:31','2018-02-05 15:40:31'),
	(228,'/files/gallery-image/co9b6588_tratada_2.jpg',1500,1000,877,3,'2018-02-05 15:40:44','2018-02-05 15:40:44'),
	(229,'/files/gallery-image/co9b6589_tratada_2.jpg',720,1080,145,3,'2018-02-05 15:40:57','2018-02-05 15:40:57'),
	(230,'/files/gallery-image/co9b6590_tratada_2.jpg',1500,1000,822,3,'2018-02-05 15:41:10','2018-02-05 15:41:10'),
	(231,'/files/gallery-image/co9b6591_tratada_2.jpg',720,1080,146,3,'2018-02-05 15:41:22','2018-02-05 15:41:22'),
	(232,'/files/gallery-image/co9b6599_tratada_2.jpg',1500,1000,852,3,'2018-02-05 15:41:35','2018-02-05 15:41:35'),
	(233,'/files/gallery-image/co9b6606_tratada_2.jpg',1500,1000,795,3,'2018-02-05 15:41:57','2018-02-05 15:41:57'),
	(234,'/files/gallery-image/co9b6679_tratada_2.jpg',1500,1000,832,3,'2018-02-05 15:42:10','2018-02-05 15:42:10'),
	(235,'/files/gallery-image/co9b6687_tratada_2.jpg',1500,1000,961,3,'2018-02-05 15:45:28','2018-02-05 15:45:28'),
	(236,'/files/gallery-image/co9b6688_tratada_2.jpg',1500,1000,927,3,'2018-02-05 15:45:42','2018-02-05 15:45:42'),
	(237,'/files/gallery-image/co9b6691_tratada_2.jpg',720,1080,172,3,'2018-02-05 15:46:15','2018-02-05 15:46:15'),
	(238,'/files/gallery-image/co9b6692_tratada_2.jpg',720,1080,158,3,'2018-02-05 15:46:25','2018-02-05 15:46:25'),
	(239,'/files/gallery-image/co9b6696_tratada_2.jpg',1500,1000,984,3,'2018-02-05 15:46:38','2018-02-05 15:46:38'),
	(240,'/files/gallery-image/co9b6702_tratada_2.jpg',1500,1000,779,3,'2018-02-05 15:46:51','2018-02-05 15:46:51'),
	(241,'/files/gallery-image/co9b6704_tratada_2.jpg',1500,1000,1408,3,'2018-02-05 15:47:08','2018-02-05 15:47:08'),
	(242,'/files/gallery-image/co9b6706_tratada_2.jpg',1500,1000,889,3,'2018-02-05 15:47:21','2018-02-05 15:47:21'),
	(243,'/files/cover-images/img_1-8.jpg',800,520,274,4,'2018-02-05 15:50:24','2018-02-05 15:50:24'),
	(244,'/files/cover-images/img_2-10.jpg',500,324,98,4,'2018-02-05 15:50:31','2018-02-05 15:50:31'),
	(245,'/files/mastheads/header_quarto_individual.jpg',1906,1080,419,10,'2018-02-05 15:50:45','2018-02-05 15:50:45'),
	(246,'/files/gallery-image/co9b6486_tratada_2.jpg',1500,1000,1009,3,'2018-02-05 15:52:21','2018-02-05 15:52:21'),
	(247,'/files/gallery-image/co9b6491_tratada_2.jpg',1500,1000,993,3,'2018-02-05 15:52:35','2018-02-05 15:52:35'),
	(248,'/files/gallery-image/co9b6494_tratada_2.jpg',1500,1000,838,3,'2018-02-05 15:52:48','2018-02-05 15:52:48'),
	(249,'/files/gallery-image/co9b6499_tratada_2.jpg',1500,1000,977,3,'2018-02-05 15:53:01','2018-02-05 15:53:01'),
	(250,'/files/gallery-image/co9b6502_tratada_2.jpg',1500,1000,845,3,'2018-02-05 15:53:17','2018-02-05 15:53:17'),
	(251,'/files/gallery-image/co9b6503_tratada_2.jpg',1500,1000,827,3,'2018-02-05 15:53:31','2018-02-05 15:53:31'),
	(252,'/files/gallery-image/co9b6514_tratada_2.jpg',1500,1000,1134,3,'2018-02-05 15:53:46','2018-02-05 15:53:46'),
	(253,'/files/gallery-image/co9b6518_tratada_2.jpg',1500,1000,1084,3,'2018-02-05 15:54:01','2018-02-05 15:54:01'),
	(254,'/files/gallery-image/co9b6713_tratada_2.jpg',1500,1000,876,3,'2018-02-05 15:56:07','2018-02-05 15:56:07'),
	(255,'/files/gallery-image/co9b6717_tratada_2.jpg',1500,1000,920,3,'2018-02-05 15:56:20','2018-02-05 15:56:20'),
	(256,'/files/gallery-image/co9b6722_tratada_2.jpg',1500,1000,872,3,'2018-02-05 15:57:57','2018-02-05 15:57:57'),
	(257,'/files/gallery-image/co9b6726_tratada_2.jpg',1500,1000,788,3,'2018-02-05 15:58:11','2018-02-05 15:58:11'),
	(258,'/files/gallery-image/co9b6728_tratada_2.jpg',1500,1000,737,3,'2018-02-05 15:58:32','2018-02-05 15:58:32'),
	(259,'/files/gallery-image/co9b6743_tratada_2.jpg',1500,1000,1075,3,'2018-02-05 15:58:46','2018-02-05 15:58:46'),
	(260,'/files/cover-images-experiences/header_experiencia_jurassico.jpg',1906,1080,630,5,'2018-02-22 15:29:48','2018-02-22 15:29:48'),
	(261,'/files/cover-images-experiences/thumb_experiencia_jurassico.jpg',1374,1080,476,5,'2018-02-22 15:30:02','2018-02-22 15:30:02'),
	(262,'/files/promotions/_mg_7114_tratada.jpg',500,500,197,9,'2018-02-22 15:31:25','2018-02-22 15:31:25'),
	(263,'/files/cover-images-experiences/wellington_experiencia_header.jpg',1906,1080,503,5,'2018-02-28 14:33:09','2018-02-28 14:33:09'),
	(264,'/files/cover-images-experiences/wellington_experiencia_thumb.jpg',1187,1080,286,5,'2018-02-28 14:33:18','2018-02-28 14:33:18'),
	(265,'/files/cover-images/img_2_3.jpg',500,324,147,4,'2018-03-14 15:28:07','2018-03-14 15:28:07'),
	(266,'/files/gallery-image/ginasio_mg_9030_2_990_tratada-2.jpg',1500,1000,631,3,'2018-03-14 15:39:38','2018-03-14 15:39:38'),
	(267,'/files/spaces/ginasio_mg_9030_2_990_tratada-2.jpg',1500,1000,631,11,'2018-03-14 15:42:11','2018-03-14 15:42:11'),
	(268,'/files/cover-images-packs/header_pack_romantico.jpg',1500,1000,127,6,'2018-03-21 17:17:35','2018-03-21 17:17:35'),
	(269,'/files/cover-images-packs/thumb_pack_romantico.jpg',1374,1080,248,6,'2018-03-21 17:17:49','2018-03-21 17:17:49'),
	(270,'/files/mastheads/header_comodidades_2.jpg',1920,653,371,10,'2018-03-22 10:00:02','2018-03-22 10:00:02'),
	(271,'/files/spaces/thumb_acomodacoes.jpg',1374,1080,282,11,'2018-03-22 11:15:25','2018-03-22 11:15:25'),
	(272,'/files/spaces/header_sauna.jpg',1906,1080,325,11,'2018-03-22 11:18:31','2018-03-22 11:18:31'),
	(273,'/files/spaces/thumb_sauna.jpg',1374,1080,236,11,'2018-03-22 11:18:43','2018-03-22 11:18:43'),
	(274,'/files/spaces/header_sala_cozinha.jpg',1906,1080,382,11,'2018-03-22 11:25:39','2018-03-22 11:25:39'),
	(275,'/files/spaces/thumb_sala_cozinha.jpg',1079,1069,105,11,'2018-03-22 11:25:55','2018-03-22 11:25:55'),
	(276,'/files/gallery-image/cozinha_tratada.jpg',1500,1000,128,3,'2018-03-22 11:30:30','2018-03-22 11:30:30'),
	(277,'/files/gallery-image/_mg_9888_tratada.jpg',1500,1000,97,3,'2018-03-22 11:30:46','2018-03-22 11:30:46'),
	(278,'/files/slides/header_experiencias.jpg',1906,1080,536,7,'2018-03-22 11:36:46','2018-03-22 11:36:46'),
	(279,'/files/slides/header_hotel.jpg',1906,1080,492,7,'2018-03-22 11:37:55','2018-03-22 11:37:55'),
	(280,'/files/slides/header_dia_mae_2018.jpg',1906,1080,262,7,'2018-03-22 11:38:32','2018-03-22 11:38:32'),
	(281,'/files/cover-images-packs/header_pack_well_massagem.jpg',1906,1080,284,6,'2018-04-19 15:28:47','2018-04-19 15:28:47'),
	(282,'/files/cover-images-packs/thumb_pack_well_massagem.jpg',1374,1080,202,6,'2018-04-19 15:28:56','2018-04-19 15:28:56'),
	(283,'/files/gallery-image/refeitorio_mg_5594_tratada-2.jpg',1500,1000,137,3,'2018-04-19 16:41:12','2018-04-19 16:41:12'),
	(284,'/files/gallery-image/zona_comum_mg_6797_tratada.jpg',1500,1000,153,3,'2018-04-19 16:41:28','2018-04-19 16:41:28'),
	(285,'/files/mastheads/header_dia_mae_2018_detalhe.jpg',1620,1080,505,10,'2018-04-20 13:49:00','2018-04-20 13:49:00'),
	(286,'/files/slides/header_passagem_ano_2.jpg',1906,1080,263,7,'2018-11-20 11:08:36','2018-11-20 11:08:36'),
	(287,'/files/mastheads/header_passagem_ano_2.jpg',1906,1080,263,10,'2018-11-20 11:10:50','2018-11-20 11:10:50'),
	(288,'/files/gallery-image/logotipo_adega_mae.png',250,138,8,3,'2021-01-18 12:11:46','2021-01-18 12:11:46'),
	(289,'/files/gallery-image/c67a9523_editar___co__pia_editar.jpg',1619,1080,359,3,'2021-01-25 17:30:05','2021-01-25 17:30:05'),
	(290,'/files/gallery-image/c67a9533_editar___co__pia_editar.jpg',1620,1080,335,3,'2021-01-25 17:30:05','2021-01-25 17:30:05'),
	(291,'/files/gallery-image/c67a9548_editar___co__pia_editar.jpg',1619,1080,377,3,'2021-01-25 17:30:05','2021-01-25 17:30:05'),
	(292,'/files/gallery-image/c67a9568_editar___co__pia_editar.jpg',1622,1080,342,3,'2021-01-25 17:30:06','2021-01-25 17:30:06'),
	(293,'/files/gallery-image/c67a9568_editar_2___co__pia_editar.jpg',1621,1080,307,3,'2021-01-25 17:30:06','2021-01-25 17:30:06'),
	(294,'/files/gallery-image/c67a9598___co__pia_editar.jpg',1620,1080,346,3,'2021-01-25 17:30:07','2021-01-25 17:30:07'),
	(295,'/files/gallery-image/c67a9603___co__pia_editar.jpg',1620,1080,457,3,'2021-01-25 17:30:07','2021-01-25 17:30:07'),
	(296,'/files/gallery-image/c67a9608.jpg',1620,1080,524,3,'2021-01-25 17:30:08','2021-01-25 17:30:08'),
	(297,'/files/gallery-image/c67a9618.jpg',1620,1080,455,3,'2021-01-25 17:30:08','2021-01-25 17:30:08'),
	(298,'/files/gallery-image/c67a9645.jpg',1620,1080,452,3,'2021-01-25 17:30:09','2021-01-25 17:30:09'),
	(299,'/files/gallery-image/c67a9650.jpg',1620,1080,417,3,'2021-01-25 17:30:10','2021-01-25 17:30:10'),
	(300,'/files/gallery-image/c67a9655.jpg',1619,1080,467,3,'2021-01-25 17:30:10','2021-01-25 17:30:10'),
	(301,'/files/gallery-image/c67a9665_editar.jpg',1620,1080,395,3,'2021-01-25 17:30:10','2021-01-25 17:30:10'),
	(302,'/files/gallery-image/c67a9675_editar.jpg',1620,1080,348,3,'2021-01-25 17:30:11','2021-01-25 17:30:11'),
	(303,'/files/gallery-image/c67a9685.jpg',1619,1080,369,3,'2021-01-25 17:30:11','2021-01-25 17:30:11'),
	(304,'/files/gallery-image/c67a9695.jpg',1620,1080,688,3,'2021-01-25 17:30:12','2021-01-25 17:30:12'),
	(305,'/files/gallery-image/c67a9710_editar___co__pia_editar.jpg',1620,1080,318,3,'2021-01-25 17:30:12','2021-01-25 17:30:12'),
	(306,'/files/gallery-image/c67a9765.jpg',1620,1080,396,3,'2021-01-25 17:30:13','2021-01-25 17:30:13'),
	(307,'/files/cover-images/c67a9765.jpg',1620,1080,396,4,'2021-01-25 17:42:34','2021-01-25 17:42:34'),
	(308,'/files/gallery-image/sf_c67a1701.jpg',1620,1080,225,3,'2021-01-25 17:53:32','2021-01-25 17:53:32'),
	(309,'/files/gallery-image/sf_c67a1761.jpg',1620,1080,322,3,'2021-01-25 17:53:33','2021-01-25 17:53:33'),
	(310,'/files/gallery-image/sf_c67a1776.jpg',1620,1080,253,3,'2021-01-25 17:53:33','2021-01-25 17:53:33'),
	(311,'/files/gallery-image/sf_c67a1781.jpg',1620,1080,308,3,'2021-01-25 17:53:34','2021-01-25 17:53:34'),
	(312,'/files/gallery-image/sf_c67a4435_editar.jpg',1620,1080,367,3,'2021-01-25 17:53:34','2021-01-25 17:53:34'),
	(313,'/files/gallery-image/sfn_c67a1563.jpg',1619,1080,396,3,'2021-01-25 17:56:35','2021-01-25 17:56:35'),
	(314,'/files/gallery-image/sfn_c67a1673.jpg',1620,1080,498,3,'2021-01-25 17:56:36','2021-01-25 17:56:36'),
	(315,'/files/gallery-image/sfn_c67a1683_editar.jpg',1620,1080,387,3,'2021-01-25 17:56:37','2021-01-25 17:56:37'),
	(316,'/files/gallery-image/sfm_c67a1812_editar.jpg',1620,1080,422,3,'2021-01-25 17:58:54','2021-01-25 17:58:54'),
	(317,'/files/gallery-image/sfm_c67a1817.jpg',1620,1080,555,3,'2021-01-25 17:58:55','2021-01-25 17:58:55'),
	(318,'/files/gallery-image/sfm_c67a4420_editar.jpg',1619,1080,473,3,'2021-01-25 17:58:55','2021-01-25 17:58:55'),
	(319,'/files/gallery-image/sfm_c67a4426_editar.jpg',1589,1080,340,3,'2021-01-25 17:58:56','2021-01-25 17:58:56'),
	(320,'/files/gallery-image/sdn_c67a1693.jpg',1620,1080,342,3,'2021-01-25 18:12:58','2021-01-25 18:12:58'),
	(321,'/files/gallery-image/sdn_c67a9213.jpg',1619,1080,385,3,'2021-01-25 18:12:58','2021-01-25 18:12:58'),
	(322,'/files/gallery-image/sdn_c67a9223.jpg',1619,1080,391,3,'2021-01-25 18:12:59','2021-01-25 18:12:59'),
	(323,'/files/gallery-image/sdn_c67a9233_editar.jpg',1620,1080,406,3,'2021-01-25 18:13:00','2021-01-25 18:13:00'),
	(324,'/files/gallery-image/sdn_c67a9243_editar.jpg',1620,1080,449,3,'2021-01-25 18:13:00','2021-01-25 18:13:00'),
	(325,'/files/gallery-image/sdn_c67a9253.jpg',1619,1080,384,3,'2021-01-25 18:13:01','2021-01-25 18:13:01'),
	(326,'/files/gallery-image/sdn_c67a9263.jpg',1620,1080,424,3,'2021-01-25 18:13:01','2021-01-25 18:13:01'),
	(327,'/files/gallery-image/sdn_c67a9278.jpg',1620,1080,390,3,'2021-01-25 18:13:02','2021-01-25 18:13:02'),
	(328,'/files/gallery-image/sdn_c67a9283.jpg',1620,1080,416,3,'2021-01-25 18:13:02','2021-01-25 18:13:02'),
	(329,'/files/gallery-image/api_c67a1400_editar.jpg',1619,1080,406,3,'2021-01-26 09:40:58','2021-01-26 09:40:58'),
	(330,'/files/gallery-image/api_c67a1415.jpg',1620,1080,449,3,'2021-01-26 09:40:58','2021-01-26 09:40:58'),
	(331,'/files/gallery-image/api_c67a1425_editar.jpg',1619,1080,451,3,'2021-01-26 09:40:59','2021-01-26 09:40:59'),
	(332,'/files/gallery-image/api_c67a1435_editar.jpg',1620,1080,474,3,'2021-01-26 09:40:59','2021-01-26 09:40:59'),
	(333,'/files/gallery-image/api_c67a1499_editar_editar.jpg',1620,1080,364,3,'2021-01-26 09:41:00','2021-01-26 09:41:00'),
	(334,'/files/gallery-image/api_c67a1504.jpg',1620,1080,339,3,'2021-01-26 09:41:00','2021-01-26 09:41:00'),
	(335,'/files/gallery-image/plp_c67a1506.jpg',1620,1080,298,3,'2021-01-26 09:45:17','2021-01-26 09:45:17'),
	(336,'/files/gallery-image/plp_c67a1533_editar.jpg',1620,1080,311,3,'2021-01-26 09:45:18','2021-01-26 09:45:18'),
	(337,'/files/gallery-image/plp_c67a9523_editar___co__pia_editar.jpg',1619,1080,359,3,'2021-01-26 09:45:18','2021-01-26 09:45:18'),
	(338,'/files/gallery-image/plp_c67a9568_editar_2___co__pia_editar.jpg',1621,1080,307,3,'2021-01-26 09:45:19','2021-01-26 09:45:19'),
	(339,'/files/gallery-image/plp_c67a9603___co__pia_editar.jpg',1620,1080,457,3,'2021-01-26 09:45:19','2021-01-26 09:45:19'),
	(340,'/files/gallery-image/plp_c67a9665_editar.jpg',1620,1080,395,3,'2021-01-26 09:45:20','2021-01-26 09:45:20'),
	(341,'/files/gallery-image/plp_c67a9675_editar.jpg',1620,1080,348,3,'2021-01-26 09:45:20','2021-01-26 09:45:20'),
	(342,'/files/gallery-image/plp_c67a9695.jpg',1620,1080,688,3,'2021-01-26 09:45:21','2021-01-26 09:45:21'),
	(343,'/files/gallery-image/plp_c67a9710_editar___co__pia_editar.jpg',1620,1080,318,3,'2021-01-26 09:45:21','2021-01-26 09:45:21'),
	(344,'/files/gallery-image/_mg_0193.jpg',1620,1080,286,3,'2021-01-26 09:48:05','2021-01-26 09:48:05'),
	(345,'/files/gallery-image/c67a1400_editar.jpg',1619,1080,406,3,'2021-01-26 09:48:06','2021-01-26 09:48:06'),
	(346,'/files/gallery-image/c67a1415.jpg',1620,1080,449,3,'2021-01-26 09:48:07','2021-01-26 09:48:07'),
	(347,'/files/gallery-image/c67a1425_editar.jpg',1619,1080,451,3,'2021-01-26 09:48:07','2021-01-26 09:48:07'),
	(348,'/files/gallery-image/c67a1435_editar.jpg',1620,1080,474,3,'2021-01-26 09:48:08','2021-01-26 09:48:08'),
	(349,'/files/gallery-image/c67a9163.jpg',1619,1080,522,3,'2021-01-26 09:48:08','2021-01-26 09:48:08'),
	(350,'/files/gallery-image/_mg_0326.jpg',1620,1080,347,3,'2021-01-26 09:50:22','2021-01-26 09:50:22'),
	(351,'/files/gallery-image/c67a6667.jpg',1620,1080,418,3,'2021-01-26 09:50:22','2021-01-26 09:50:22'),
	(352,'/files/gallery-image/_mg_0193-2.jpg',1620,1080,286,3,'2021-01-26 09:51:13','2021-01-26 09:51:13'),
	(353,'/files/gallery-image/c67a9124.jpg',1620,1080,530,3,'2021-01-26 09:51:14','2021-01-26 09:51:14'),
	(354,'/files/gallery-image/c67a9129_editar.jpg',1620,1080,402,3,'2021-01-26 09:51:14','2021-01-26 09:51:14'),
	(355,'/files/gallery-image/c67a9149_editar.jpg',1619,1080,500,3,'2021-01-26 09:51:15','2021-01-26 09:51:15'),
	(356,'/files/gallery-image/c67a9163-2.jpg',1619,1080,522,3,'2021-01-26 09:51:16','2021-01-26 09:51:16'),
	(357,'/files/gallery-image/c67a9168.jpg',1620,1080,469,3,'2021-01-26 09:51:16','2021-01-26 09:51:16'),
	(358,'/files/gallery-image/c67a1836_editar__2_.jpg',1620,1080,313,3,'2021-01-26 09:52:56','2021-01-26 09:52:56'),
	(359,'/files/gallery-image/c67a1847.jpg',1619,1080,295,3,'2021-01-26 09:52:57','2021-01-26 09:52:57'),
	(360,'/files/gallery-image/c67a1859_editar.jpg',1620,1080,276,3,'2021-01-26 09:52:57','2021-01-26 09:52:57'),
	(361,'/files/gallery-image/c67a1860_editar.jpg',1620,1080,345,3,'2021-01-26 09:52:58','2021-01-26 09:52:58'),
	(362,'/files/gallery-image/c67a9019.jpg',1594,1080,478,3,'2021-01-26 09:52:59','2021-01-26 09:52:59'),
	(363,'/files/gallery-image/c67a9020.jpg',1619,1080,423,3,'2021-01-26 09:52:59','2021-01-26 09:52:59'),
	(364,'/files/gallery-image/dji_0055.jpg',1920,1080,390,3,'2021-01-26 09:53:00','2021-01-26 09:53:00'),
	(365,'/files/gallery-image/dji_0073_editar.jpg',1919,1079,690,3,'2021-01-26 09:53:00','2021-01-26 09:53:00'),
	(366,'/files/gallery-image/dji_0092.jpg',1920,1080,424,3,'2021-01-26 09:53:00','2021-01-26 09:53:00'),
	(367,'/files/gallery-image/dji_0093.jpg',1919,1080,272,3,'2021-01-26 09:53:01','2021-01-26 09:53:01'),
	(368,'/files/gallery-image/dji_0094__2_.jpg',1920,1080,502,3,'2021-01-26 09:53:01','2021-01-26 09:53:01'),
	(369,'/files/gallery-image/dji_0094.jpg',1920,1080,502,3,'2021-01-26 09:53:01','2021-01-26 09:53:01'),
	(370,'/files/gallery-image/dji_0095.jpg',1920,1080,754,3,'2021-01-26 09:53:02','2021-01-26 09:53:02'),
	(371,'/files/gallery-image/dji_0096_editar.jpg',1919,1080,366,3,'2021-01-26 09:53:02','2021-01-26 09:53:02'),
	(372,'/files/gallery-image/c67a9104.jpg',1620,1080,534,3,'2021-01-26 09:56:16','2021-01-26 09:56:16'),
	(373,'/files/gallery-image/c67a9109.jpg',1619,1080,503,3,'2021-01-26 09:56:16','2021-01-26 09:56:16'),
	(374,'/files/gallery-image/c67a9114_editar.jpg',1619,1080,344,3,'2021-01-26 09:56:17','2021-01-26 09:56:17'),
	(375,'/files/gallery-image/_mg_6661.jpg',1620,1080,420,3,'2021-01-26 09:58:07','2021-01-26 09:58:07'),
	(376,'/files/gallery-image/c67a1602.jpg',1620,1080,314,3,'2021-01-26 09:58:07','2021-01-26 09:58:07'),
	(377,'/files/gallery-image/c67a9789.jpg',1620,1080,326,3,'2021-01-26 09:58:07','2021-01-26 09:58:07'),
	(378,'/files/gallery-image/c67a9847_editar.jpg',1620,1080,428,3,'2021-01-26 09:58:09','2021-01-26 09:58:09'),
	(379,'/files/gallery-image/c67a9826.jpg',1620,1080,420,3,'2021-01-26 09:58:09','2021-01-26 09:58:09'),
	(380,'/files/gallery-image/c67a1340.jpg',1620,1080,467,3,'2021-01-26 09:59:50','2021-01-26 09:59:50'),
	(381,'/files/gallery-image/c67a1345.jpg',1620,1080,432,3,'2021-01-26 09:59:51','2021-01-26 09:59:51'),
	(382,'/files/gallery-image/c67a1355.jpg',1619,1080,436,3,'2021-01-26 09:59:51','2021-01-26 09:59:51'),
	(383,'/files/gallery-image/c67a1360.jpg',1622,1080,443,3,'2021-01-26 09:59:52','2021-01-26 09:59:52'),
	(384,'/files/gallery-image/c67a1548.jpg',1620,1080,447,3,'2021-01-26 09:59:53','2021-01-26 09:59:53'),
	(385,'/files/gallery-image/c67a1553_editar.jpg',720,1080,194,3,'2021-01-26 09:59:53','2021-01-26 09:59:53'),
	(386,'/files/gallery-image/c67a1864_editar.jpg',1620,1080,385,3,'2021-01-26 09:59:54','2021-01-26 09:59:54'),
	(387,'/files/gallery-image/c67a1874.jpg',1620,1080,369,3,'2021-01-26 09:59:54','2021-01-26 09:59:54'),
	(388,'/files/gallery-image/c67a1879.jpg',1622,1080,437,3,'2021-01-26 09:59:55','2021-01-26 09:59:55'),
	(389,'/files/gallery-image/c67a1889.jpg',1623,1080,384,3,'2021-01-26 09:59:55','2021-01-26 09:59:55'),
	(390,'/files/gallery-image/c67a1917_editar.jpg',1618,1080,303,3,'2021-01-26 09:59:55','2021-01-26 09:59:55'),
	(391,'/files/gallery-image/c67a9298.jpg',1619,1080,324,3,'2021-01-26 09:59:56','2021-01-26 09:59:56'),
	(392,'/files/gallery-image/c67a9508.jpg',1620,1080,282,3,'2021-01-26 09:59:56','2021-01-26 09:59:56'),
	(393,'/files/gallery-image/c67a6580.jpg',1620,1080,443,3,'2021-01-26 10:02:32','2021-01-26 10:02:32'),
	(394,'/files/gallery-image/c67a7425_editar.jpg',1620,1080,398,3,'2021-01-26 10:02:33','2021-01-26 10:02:33'),
	(395,'/files/gallery-image/c67a7450.jpg',1601,1080,323,3,'2021-01-26 10:02:33','2021-01-26 10:02:33'),
	(396,'/files/gallery-image/c67a9034.jpg',1619,1080,719,3,'2021-01-26 10:02:34','2021-01-26 10:02:34'),
	(397,'/files/gallery-image/c67a9054.jpg',1617,1080,657,3,'2021-01-26 10:02:35','2021-01-26 10:02:35'),
	(398,'/files/gallery-image/c67a9064_editar.jpg',1620,1080,291,3,'2021-01-26 10:02:35','2021-01-26 10:02:35'),
	(399,'/files/gallery-image/c67a9069.jpg',1619,1080,668,3,'2021-01-26 10:02:36','2021-01-26 10:02:36'),
	(400,'/files/gallery-image/c67a9074_editar.jpg',1619,1080,648,3,'2021-01-26 10:02:36','2021-01-26 10:02:36'),
	(401,'/files/gallery-image/c67a9099.jpg',1620,1080,366,3,'2021-01-26 10:02:37','2021-01-26 10:02:37'),
	(402,'/files/gallery-image/c67a9193.jpg',1620,1080,429,3,'2021-01-26 10:02:37','2021-01-26 10:02:37'),
	(403,'/files/gallery-image/c67a1603.jpg',1620,1080,568,3,'2021-01-26 10:04:56','2021-01-26 10:04:56'),
	(404,'/files/gallery-image/c67a1623_editar_editar.jpg',1619,1080,473,3,'2021-01-26 10:04:57','2021-01-26 10:04:57'),
	(405,'/files/gallery-image/c67a1628.jpg',1620,1080,509,3,'2021-01-26 10:04:58','2021-01-26 10:04:58'),
	(406,'/files/gallery-image/c67a1633.jpg',1619,1080,464,3,'2021-01-26 10:04:58','2021-01-26 10:04:58'),
	(407,'/files/gallery-image/c67a1648_editar.jpg',1620,1080,467,3,'2021-01-26 10:04:59','2021-01-26 10:04:59'),
	(408,'/files/gallery-image/c67a9423.jpg',1620,1080,423,3,'2021-01-26 10:04:59','2021-01-26 10:04:59'),
	(409,'/files/gallery-image/c67a1748_editar.jpg',1619,1080,474,3,'2021-01-26 10:06:41','2021-01-26 10:06:41'),
	(410,'/files/gallery-image/c67a1756.jpg',1620,1080,503,3,'2021-01-26 10:06:42','2021-01-26 10:06:42'),
	(411,'/files/gallery-image/c67a9458.jpg',1619,1080,466,3,'2021-01-26 10:06:43','2021-01-26 10:06:43'),
	(412,'/files/gallery-image/c67a9463.jpg',1620,1080,738,3,'2021-01-26 10:06:43','2021-01-26 10:06:43'),
	(413,'/files/gallery-image/c67a9483_editar___co__pia_editar.jpg',1620,1080,386,3,'2021-01-26 10:06:44','2021-01-26 10:06:44'),
	(414,'/files/gallery-image/c67a9498_editar.jpg',1620,1080,411,3,'2021-01-26 10:06:44','2021-01-26 10:06:44'),
	(415,'/files/gallery-image/c67a1400_editar-2.jpg',1619,1080,406,3,'2021-01-26 10:08:22','2021-01-26 10:08:22'),
	(416,'/files/gallery-image/c67a1573___co__pia_editar.jpg',1619,1080,488,3,'2021-01-26 10:08:23','2021-01-26 10:08:23'),
	(417,'/files/gallery-image/c67a1573.jpg',1619,1080,473,3,'2021-01-26 10:08:24','2021-01-26 10:08:24'),
	(418,'/files/gallery-image/c67a1583.jpg',1619,1080,512,3,'2021-01-26 10:08:24','2021-01-26 10:08:24'),
	(419,'/files/gallery-image/c67a9308.jpg',1620,1080,357,3,'2021-01-26 10:11:15','2021-01-26 10:11:15'),
	(420,'/files/gallery-image/c67a9323.jpg',1620,1080,415,3,'2021-01-26 10:11:15','2021-01-26 10:11:15'),
	(421,'/files/gallery-image/c67a9333.jpg',1620,1080,361,3,'2021-01-26 10:11:16','2021-01-26 10:11:16'),
	(422,'/files/gallery-image/c67a9373.jpg',1620,1080,455,3,'2021-01-26 10:11:17','2021-01-26 10:11:17'),
	(423,'/files/gallery-image/c67a9383.jpg',1619,1080,381,3,'2021-01-26 10:11:17','2021-01-26 10:11:17'),
	(424,'/files/gallery-image/c67a9388.jpg',1620,1080,434,3,'2021-01-26 10:11:18','2021-01-26 10:11:18'),
	(425,'/files/gallery-image/c67a9393.jpg',1623,1080,444,3,'2021-01-26 10:11:18','2021-01-26 10:11:18'),
	(426,'/files/gallery-image/c67a1400_editar-3.jpg',1619,1080,406,3,'2021-01-26 10:12:52','2021-01-26 10:12:52'),
	(427,'/files/gallery-image/c67a1415-2.jpg',1620,1080,449,3,'2021-01-26 10:12:52','2021-01-26 10:12:52'),
	(428,'/files/gallery-image/c67a1425_editar-2.jpg',1619,1080,451,3,'2021-01-26 10:12:53','2021-01-26 10:12:53'),
	(429,'/files/gallery-image/c67a1435_editar-2.jpg',1620,1080,474,3,'2021-01-26 10:12:54','2021-01-26 10:12:54'),
	(430,'/files/other/Plano-de-Contingência-Well-Hotel.pdf',NULL,NULL,327,2,'2021-01-27 17:13:56','2021-01-27 17:13:56');

/*!40000 ALTER TABLE `files` ENABLE KEYS */;
UNLOCK TABLES;


# Dump of table frases
# ------------------------------------------------------------

DROP TABLE IF EXISTS `frases`;

CREATE TABLE `frases` (
  `id` int(10) unsigned NOT NULL AUTO_INCREMENT,
  `nome` varchar(191) COLLATE utf8mb4_unicode_ci NOT NULL,
  `slug` varchar(191) COLLATE utf8mb4_unicode_ci NOT NULL,
  `allow_html` tinyint(1) NOT NULL,
  PRIMARY KEY (`id`),
  UNIQUE KEY `frases_slug_unique` (`slug`)
) ENGINE=InnoDB DEFAULT CHARSET=utf8mb4 COLLATE=utf8mb4_unicode_ci;



# Dump of table frases_translations
# ------------------------------------------------------------

DROP TABLE IF EXISTS `frases_translations`;

CREATE TABLE `frases_translations` (
  `id` int(10) unsigned NOT NULL AUTO_INCREMENT,
  `frase_id` int(10) unsigned NOT NULL,
  `locale` char(2) COLLATE utf8mb4_unicode_ci NOT NULL,
  `content` text COLLATE utf8mb4_unicode_ci DEFAULT NULL,
  PRIMARY KEY (`id`),
  KEY `frases_translations_frase_id_foreign` (`frase_id`),
  KEY `frases_translations_locale_foreign` (`locale`),
  CONSTRAINT `frases_translations_frase_id_foreign` FOREIGN KEY (`frase_id`) REFERENCES `frases` (`id`) ON DELETE CASCADE,
  CONSTRAINT `frases_translations_locale_foreign` FOREIGN KEY (`locale`) REFERENCES `languages` (`slug`) ON DELETE CASCADE
) ENGINE=InnoDB DEFAULT CHARSET=utf8mb4 COLLATE=utf8mb4_unicode_ci;



# Dump of table galleries
# ------------------------------------------------------------

DROP TABLE IF EXISTS `galleries`;

CREATE TABLE `galleries` (
  `id` int(10) unsigned NOT NULL AUTO_INCREMENT,
  `created_at` timestamp NULL DEFAULT NULL,
  `updated_at` timestamp NULL DEFAULT NULL,
  `deleted_at` timestamp NULL DEFAULT NULL,
  PRIMARY KEY (`id`)
) ENGINE=InnoDB DEFAULT CHARSET=utf8mb4 COLLATE=utf8mb4_unicode_ci;

LOCK TABLES `galleries` WRITE;
/*!40000 ALTER TABLE `galleries` DISABLE KEYS */;

INSERT INTO `galleries` (`id`, `created_at`, `updated_at`, `deleted_at`)
VALUES
	(1,'2017-11-30 20:02:57','2017-11-30 20:02:57',NULL),
	(2,'2018-01-05 11:12:14','2018-01-05 11:12:14',NULL),
	(3,'2018-01-05 11:59:16','2018-01-05 11:59:16',NULL),
	(4,'2018-01-05 11:59:16','2018-01-05 11:59:16',NULL),
	(5,'2018-01-05 12:00:05','2018-01-05 12:00:05',NULL),
	(6,'2018-01-05 12:00:21','2018-01-05 12:00:21',NULL),
	(7,'2018-01-05 12:01:42','2018-01-05 12:01:42',NULL),
	(8,'2018-01-05 16:50:40','2018-01-05 16:50:40',NULL),
	(9,'2018-02-21 14:26:37','2018-02-21 14:26:37',NULL),
	(10,'2018-02-21 14:33:46','2018-02-21 14:33:46',NULL),
	(11,'2018-02-21 14:36:02','2018-02-21 14:36:02',NULL),
	(12,'2018-02-21 14:37:44','2018-02-21 14:37:44',NULL),
	(13,'2018-02-21 14:38:55','2018-02-21 14:38:55',NULL),
	(14,'2018-02-21 14:40:15','2018-02-21 14:40:15',NULL),
	(15,'2018-02-21 14:45:57','2018-02-21 14:45:57',NULL),
	(16,'2021-01-15 17:21:19','2021-01-15 17:21:19',NULL),
	(17,'2021-01-25 17:20:30','2021-01-25 17:20:30',NULL),
	(18,'2021-01-25 17:53:04','2021-01-25 17:53:04',NULL),
	(19,'2021-01-25 17:56:54','2021-01-25 17:56:54',NULL),
	(20,'2021-01-25 17:59:16','2021-01-25 17:59:16',NULL),
	(21,'2021-01-25 18:00:33','2021-01-25 18:00:33',NULL),
	(22,'2021-01-26 09:40:12','2021-01-26 09:40:12',NULL),
	(23,'2021-01-26 09:42:49','2021-01-26 09:42:49',NULL),
	(24,'2021-01-26 09:48:17','2021-01-26 09:48:17',NULL),
	(25,'2021-01-26 09:50:08','2021-01-26 09:50:08',NULL),
	(26,'2021-01-26 09:51:21','2021-01-26 09:51:21',NULL),
	(27,'2021-01-26 09:53:13','2021-01-26 09:53:13',NULL),
	(28,'2021-01-26 09:56:27','2021-01-26 09:56:27',NULL),
	(29,'2021-01-26 09:58:24','2021-01-26 09:58:24',NULL),
	(30,'2021-01-26 10:00:01','2021-01-26 10:00:01',NULL),
	(31,'2021-01-26 10:02:42','2021-01-26 10:02:42',NULL),
	(32,'2021-01-26 10:05:07','2021-01-26 10:05:07',NULL),
	(33,'2021-01-26 10:07:01','2021-01-26 10:07:01',NULL),
	(34,'2021-01-26 10:08:39','2021-01-26 10:08:39',NULL),
	(35,'2021-01-26 10:11:23','2021-01-26 10:11:23',NULL),
	(36,'2021-01-26 10:13:17','2021-01-26 10:13:17',NULL);

/*!40000 ALTER TABLE `galleries` ENABLE KEYS */;
UNLOCK TABLES;


# Dump of table gallery_item_translations
# ------------------------------------------------------------

DROP TABLE IF EXISTS `gallery_item_translations`;

CREATE TABLE `gallery_item_translations` (
  `id` int(10) unsigned NOT NULL AUTO_INCREMENT,
  `gallery_item_id` int(10) unsigned NOT NULL,
  `locale` char(2) COLLATE utf8mb4_unicode_ci NOT NULL,
  `label` varchar(191) COLLATE utf8mb4_unicode_ci NOT NULL,
  `created_at` timestamp NULL DEFAULT NULL,
  `updated_at` timestamp NULL DEFAULT NULL,
  PRIMARY KEY (`id`),
  KEY `gallery_item_translations_gallery_item_id_foreign` (`gallery_item_id`),
  KEY `gallery_item_translations_locale_foreign` (`locale`),
  CONSTRAINT `gallery_item_translations_gallery_item_id_foreign` FOREIGN KEY (`gallery_item_id`) REFERENCES `gallery_items` (`id`) ON DELETE CASCADE,
  CONSTRAINT `gallery_item_translations_locale_foreign` FOREIGN KEY (`locale`) REFERENCES `languages` (`slug`) ON DELETE CASCADE
) ENGINE=InnoDB DEFAULT CHARSET=utf8mb4 COLLATE=utf8mb4_unicode_ci;

LOCK TABLES `gallery_item_translations` WRITE;
/*!40000 ALTER TABLE `gallery_item_translations` DISABLE KEYS */;

INSERT INTO `gallery_item_translations` (`id`, `gallery_item_id`, `locale`, `label`, `created_at`, `updated_at`)
VALUES
	(1,56,'pt','','2018-01-05 16:51:20','2018-01-05 16:51:20'),
	(2,57,'pt','','2018-01-05 16:52:34','2018-01-05 16:52:34'),
	(3,179,'en','Rotulo en','2021-01-15 17:22:01','2021-01-15 17:22:01'),
	(4,179,'pt','Rotulo pt','2021-01-15 17:22:01','2021-01-15 17:22:01'),
	(5,180,'en','Rotulo en 2','2021-01-15 17:22:20','2021-01-15 17:22:20'),
	(6,180,'pt','Rotulo pt 2','2021-01-15 17:22:20','2021-01-15 17:22:20');

/*!40000 ALTER TABLE `gallery_item_translations` ENABLE KEYS */;
UNLOCK TABLES;


# Dump of table gallery_items
# ------------------------------------------------------------

DROP TABLE IF EXISTS `gallery_items`;

CREATE TABLE `gallery_items` (
  `id` int(10) unsigned NOT NULL AUTO_INCREMENT,
  `gallery_id` int(10) unsigned NOT NULL,
  `priority` int(11) NOT NULL,
  `image` varchar(191) COLLATE utf8mb4_unicode_ci NOT NULL,
  `created_at` timestamp NULL DEFAULT NULL,
  `updated_at` timestamp NULL DEFAULT NULL,
  PRIMARY KEY (`id`),
  KEY `gallery_items_gallery_id_foreign` (`gallery_id`),
  CONSTRAINT `gallery_items_gallery_id_foreign` FOREIGN KEY (`gallery_id`) REFERENCES `galleries` (`id`) ON DELETE CASCADE
) ENGINE=InnoDB DEFAULT CHARSET=utf8mb4 COLLATE=utf8mb4_unicode_ci;

LOCK TABLES `gallery_items` WRITE;
/*!40000 ALTER TABLE `gallery_items` DISABLE KEYS */;

INSERT INTO `gallery_items` (`id`, `gallery_id`, `priority`, `image`, `created_at`, `updated_at`)
VALUES
	(3,2,0,'/files/gallery-image/_mg_5767_hdr_tratada.jpg','2018-01-05 11:41:29','2018-01-05 11:41:29'),
	(4,2,0,'/files/gallery-image/_mg_5795_hdr___tratada.jpg','2018-01-05 11:47:56','2018-01-05 11:47:56'),
	(5,2,0,'/files/gallery-image/_mg_5820_tratada.jpg','2018-01-05 11:48:09','2018-01-05 11:48:09'),
	(6,2,0,'/files/gallery-image/_mg_5831___tratada.jpg','2018-01-05 11:48:26','2018-01-05 11:48:26'),
	(7,2,0,'/files/gallery-image/_mg_6286___tratada.jpg','2018-01-05 11:48:40','2018-01-05 11:48:40'),
	(8,2,0,'/files/gallery-image/_mg_6343___tratada.jpg','2018-01-05 11:49:33','2018-01-05 11:49:33'),
	(9,2,0,'/files/gallery-image/_mg_6380_tratada.jpg','2018-01-05 11:49:49','2018-01-05 11:49:49'),
	(10,2,0,'/files/gallery-image/_mg_6477_tratada.jpg','2018-01-05 11:50:03','2018-01-05 11:50:03'),
	(11,2,0,'/files/gallery-image/_mg_6743_tratada.jpg','2018-01-05 11:50:29','2018-01-05 11:50:29'),
	(12,2,0,'/files/gallery-image/_mg_6755_tratada.jpg','2018-01-05 11:50:45','2018-01-05 11:50:45'),
	(13,2,0,'/files/gallery-image/_mg_6851_2_tratada.jpg','2018-01-05 11:51:47','2018-01-05 11:51:47'),
	(14,2,0,'/files/gallery-image/_mg_6856_2_tratada.jpg','2018-01-05 11:52:24','2018-01-05 11:52:24'),
	(15,2,0,'/files/gallery-image/_mg_6859_2_tratada.jpg','2018-01-05 11:52:50','2018-01-05 11:52:50'),
	(16,2,0,'/files/gallery-image/_mg_6892_tratada.jpg','2018-01-05 11:53:17','2018-01-05 11:53:17'),
	(17,2,0,'/files/gallery-image/_mg_6902_tratada.jpg','2018-01-05 11:54:35','2018-01-05 11:54:35'),
	(18,2,0,'/files/gallery-image/_mg_7061_tratada.jpg','2018-01-05 11:55:38','2018-01-05 11:55:38'),
	(19,2,0,'/files/gallery-image/_mg_7420_tratada.jpg','2018-01-05 11:55:52','2018-01-05 11:55:52'),
	(20,2,0,'/files/gallery-image/_mg_7423___tratada.jpg','2018-01-05 11:56:05','2018-01-05 11:56:05'),
	(22,2,0,'/files/gallery-image/co9b6371_tratada_crop.jpg','2018-01-05 11:56:38','2018-01-05 11:56:38'),
	(23,2,0,'/files/gallery-image/co9b6379_tratada.jpg','2018-01-05 11:56:52','2018-01-05 11:56:52'),
	(24,3,0,'/files/gallery-image/co9b6486_tratada_2.jpg','2018-01-05 12:00:47','2018-02-05 15:52:24'),
	(25,3,0,'/files/gallery-image/co9b6491_tratada_2.jpg','2018-01-05 12:00:59','2018-02-05 15:52:38'),
	(26,7,0,'/files/gallery-image/_mg_5986_2_tratada-2.jpg','2018-01-05 12:01:57','2018-01-05 12:01:57'),
	(27,7,0,'/files/gallery-image/_mg_5988_tratada-2.jpg','2018-01-05 12:02:09','2018-01-05 12:02:09'),
	(28,4,0,'/files/gallery-image/co9b6209_2_tratada.jpg','2018-01-05 12:02:37','2018-01-05 12:02:37'),
	(29,4,0,'/files/gallery-image/co9b6220_tratada.jpg','2018-01-05 12:02:50','2018-01-05 12:02:50'),
	(30,5,0,'/files/gallery-image/_mg_5912_tratada.jpg','2018-01-05 12:03:14','2018-01-05 12:03:14'),
	(31,5,0,'/files/gallery-image/_mg_5922_tratada.jpg','2018-01-05 12:03:26','2018-01-05 12:03:26'),
	(32,5,0,'/files/gallery-image/_mg_5932_tratada.jpg','2018-01-05 12:03:39','2018-01-05 12:03:39'),
	(33,5,0,'/files/gallery-image/_mg_5934_tratada.jpg','2018-01-05 12:03:51','2018-01-05 12:03:51'),
	(34,5,0,'/files/gallery-image/_mg_8469_2_430_tratada.jpg','2018-01-05 12:05:46','2018-01-05 12:05:46'),
	(35,5,0,'/files/gallery-image/_mg_8873_tratada.jpg','2018-01-05 12:07:49','2018-01-05 12:07:49'),
	(36,5,0,'/files/gallery-image/_mg_9005_tratada.jpg','2018-01-05 12:08:09','2018-01-05 12:08:09'),
	(37,5,0,'/files/gallery-image/co9b6227_tratada.jpg','2018-01-05 12:08:22','2018-01-05 12:08:22'),
	(38,5,0,'/files/gallery-image/co9b6261_tratada.jpg','2018-01-05 12:08:42','2018-01-05 12:08:42'),
	(39,5,0,'/files/gallery-image/co9b6264_tratada.jpg','2018-01-05 12:08:55','2018-01-05 12:08:55'),
	(40,5,0,'/files/gallery-image/co9b6268_tratada.jpg','2018-01-05 12:09:07','2018-01-05 12:09:07'),
	(41,6,0,'/files/gallery-image/_mg_5833_tratada.jpg','2018-01-05 12:10:03','2018-01-05 12:10:03'),
	(42,6,0,'/files/gallery-image/_mg_5834_tratada.jpg','2018-01-05 12:10:40','2018-01-05 12:10:40'),
	(43,6,0,'/files/gallery-image/_mg_5845_tratada.jpg','2018-01-05 12:10:54','2018-01-05 12:10:54'),
	(44,6,0,'/files/gallery-image/_mg_5876_tratada.jpg','2018-01-05 12:11:07','2018-01-05 12:11:07'),
	(45,6,0,'/files/gallery-image/_mg_5886_tratada.jpg','2018-01-05 12:11:28','2018-01-05 12:11:50'),
	(46,6,0,'/files/gallery-image/_mg_5908_tratada.jpg','2018-01-05 12:12:10','2018-01-05 12:12:10'),
	(47,6,0,'/files/gallery-image/_mg_8659_tratada.jpg','2018-01-05 12:12:36','2018-01-05 12:12:36'),
	(48,6,0,'/files/gallery-image/_mg_8661_tratada.jpg','2018-01-05 12:12:47','2018-01-05 12:12:47'),
	(49,6,0,'/files/gallery-image/_mg_8681_tratada.jpg','2018-01-05 12:12:59','2018-01-05 12:12:59'),
	(50,6,0,'/files/gallery-image/_mg_8688_tratada.jpg','2018-01-05 12:13:45','2018-01-05 12:13:45'),
	(51,6,0,'/files/gallery-image/_mg_8704_tratada.jpg','2018-01-05 12:14:02','2018-01-05 12:14:02'),
	(53,6,0,'/files/gallery-image/_mg_9032_tratada.jpg','2018-01-05 12:14:15','2018-01-05 12:14:15'),
	(54,6,0,'/files/gallery-image/_mg_9082_tratada.jpg','2018-01-05 12:17:20','2018-01-05 12:17:20'),
	(56,8,0,'/files/gallery-image/co9b6527_tratada_2.jpg','2018-01-05 16:51:20','2018-02-05 15:37:34'),
	(57,8,0,'/files/gallery-image/co9b6539_tratada_2.jpg','2018-01-05 16:52:34','2018-02-05 15:37:53'),
	(62,1,0,'/files/gallery-image/edicio_mg_8605_tratada.jpg','2018-01-10 09:44:38','2018-01-10 09:44:38'),
	(63,1,0,'/files/gallery-image/edificio_mg_5962_tratada.jpg','2018-01-10 09:44:58','2018-01-10 09:44:58'),
	(64,1,0,'/files/gallery-image/edificio_mg_6780_tratada.jpg','2018-01-10 09:50:01','2018-01-10 09:50:01'),
	(65,1,0,'/files/gallery-image/edificio__mg_0007_tratada.jpg','2018-01-10 09:50:18','2018-01-10 09:50:18'),
	(66,1,0,'/files/gallery-image/edificio_dji_0026_tratada.jpg','2018-01-10 09:51:53','2018-01-10 09:51:53'),
	(69,1,0,'/files/gallery-image/exterior_mg_7188_2_tratada.jpg','2018-01-10 09:53:48','2018-01-10 09:53:48'),
	(70,1,0,'/files/gallery-image/exterior_mg_7954_2_tratada.jpg','2018-01-10 09:54:01','2018-01-10 09:54:01'),
	(71,1,0,'/files/gallery-image/exterior_mg_8019_2_tratada.jpg','2018-01-10 09:54:17','2018-01-10 09:54:17'),
	(72,1,0,'/files/gallery-image/exterior_mg_9448_tratada.jpg','2018-01-10 09:54:37','2018-01-10 09:54:37'),
	(73,1,0,'/files/gallery-image/exterior_mg_9525_tratada.jpg','2018-01-10 09:55:15','2018-01-10 09:55:15'),
	(78,1,0,'/files/gallery-image/interior_mg_8102_2_64_tratada.jpg','2018-01-10 09:58:27','2018-01-10 09:58:27'),
	(80,1,0,'/files/gallery-image/interior_mg_8526_2_487_tratada.jpg','2018-01-10 09:59:05','2018-01-10 10:00:58'),
	(82,1,0,'/files/gallery-image/interior_mg_9203_tratada.jpg','2018-01-10 10:02:26','2018-01-10 10:02:26'),
	(83,1,0,'/files/gallery-image/interior_mg_9224_tratada.jpg','2018-01-10 10:02:45','2018-01-10 10:02:45'),
	(88,1,0,'/files/gallery-image/recepcao_mg_5672_tratada.jpg','2018-01-10 10:05:54','2018-01-10 10:05:54'),
	(89,1,0,'/files/gallery-image/recepcao_mg_5686_tratada.jpg','2018-01-10 10:06:09','2018-01-10 10:06:09'),
	(91,1,0,'/files/gallery-image/recepcao_mg_5717_tratada.jpg','2018-01-10 10:06:44','2018-01-10 10:06:44'),
	(92,1,0,'/files/gallery-image/recepcao_mg_6627_tratada.jpg','2018-01-10 10:07:22','2018-01-10 10:07:22'),
	(93,1,0,'/files/gallery-image/recepcao_mg_9857_tratada.jpg','2018-01-10 10:07:55','2018-01-10 10:07:55'),
	(110,8,0,'/files/gallery-image/co9b6543_tratada_2.jpg','2018-02-05 15:38:20','2018-02-05 15:38:20'),
	(111,8,0,'/files/gallery-image/co9b6558_tratada_2.jpg','2018-02-05 15:38:55','2018-02-05 15:38:55'),
	(112,8,0,'/files/gallery-image/co9b6564_tratada_2.jpg','2018-02-05 15:39:15','2018-02-05 15:39:15'),
	(113,8,0,'/files/gallery-image/co9b6573_tratada_2.jpg','2018-02-05 15:39:30','2018-02-05 15:39:30'),
	(114,8,0,'/files/gallery-image/co9b6574_tratada_2.jpg','2018-02-05 15:39:53','2018-02-05 15:39:53'),
	(116,8,0,'/files/gallery-image/co9b6580_tratada_2.jpg','2018-02-05 15:40:21','2018-02-05 15:40:21'),
	(117,8,0,'/files/gallery-image/co9b6584_tratada_2.jpg','2018-02-05 15:40:34','2018-02-05 15:40:34'),
	(118,8,0,'/files/gallery-image/co9b6588_tratada_2.jpg','2018-02-05 15:40:46','2018-02-05 15:40:46'),
	(120,8,0,'/files/gallery-image/co9b6590_tratada_2.jpg','2018-02-05 15:41:13','2018-02-05 15:41:13'),
	(122,8,0,'/files/gallery-image/co9b6599_tratada_2.jpg','2018-02-05 15:41:38','2018-02-05 15:41:38'),
	(123,8,0,'/files/gallery-image/co9b6606_tratada_2.jpg','2018-02-05 15:41:59','2018-02-05 15:41:59'),
	(124,8,0,'/files/gallery-image/co9b6679_tratada_2.jpg','2018-02-05 15:42:13','2018-02-05 15:42:13'),
	(125,7,0,'/files/gallery-image/co9b6687_tratada_2.jpg','2018-02-05 15:45:31','2018-02-05 15:45:31'),
	(126,7,0,'/files/gallery-image/co9b6688_tratada_2.jpg','2018-02-05 15:45:51','2018-02-05 15:45:51'),
	(128,7,0,'/files/gallery-image/co9b6692_tratada_2.jpg','2018-02-05 15:46:28','2018-02-05 15:46:28'),
	(129,7,0,'/files/gallery-image/co9b6696_tratada_2.jpg','2018-02-05 15:46:41','2018-02-05 15:46:41'),
	(131,7,0,'/files/gallery-image/co9b6704_tratada_2.jpg','2018-02-05 15:47:10','2018-02-05 15:47:10'),
	(132,7,0,'/files/gallery-image/co9b6706_tratada_2.jpg','2018-02-05 15:47:24','2018-02-05 15:47:24'),
	(133,3,0,'/files/gallery-image/co9b6494_tratada_2.jpg','2018-02-05 15:52:51','2018-02-05 15:52:51'),
	(134,3,0,'/files/gallery-image/co9b6499_tratada_2.jpg','2018-02-05 15:53:04','2018-02-05 15:53:04'),
	(135,3,0,'/files/gallery-image/co9b6502_tratada_2.jpg','2018-02-05 15:53:19','2018-02-05 15:53:19'),
	(136,3,0,'/files/gallery-image/co9b6503_tratada_2.jpg','2018-02-05 15:53:34','2018-02-05 15:53:34'),
	(137,3,0,'/files/gallery-image/co9b6514_tratada_2.jpg','2018-02-05 15:53:50','2018-02-05 15:53:50'),
	(138,3,0,'/files/gallery-image/co9b6518_tratada_2.jpg','2018-02-05 15:54:04','2018-02-05 15:54:04'),
	(139,4,0,'/files/gallery-image/co9b6713_tratada_2.jpg','2018-02-05 15:56:10','2018-02-05 15:56:10'),
	(140,4,0,'/files/gallery-image/co9b6722_tratada_2.jpg','2018-02-05 15:56:23','2018-02-05 15:57:59'),
	(141,4,0,'/files/gallery-image/co9b6726_tratada_2.jpg','2018-02-05 15:58:21','2018-02-05 15:58:21'),
	(142,4,0,'/files/gallery-image/co9b6728_tratada_2.jpg','2018-02-05 15:58:35','2018-02-05 15:58:35'),
	(143,4,0,'/files/gallery-image/co9b6743_tratada_2.jpg','2018-02-05 15:58:49','2018-02-05 15:58:49'),
	(144,9,0,'/files/gallery-image/espaco_crianca_mg_9282_tratada.jpg','2018-02-21 14:27:05','2018-02-21 14:27:05'),
	(145,9,0,'/files/gallery-image/espaco_crianca_mg_9311_tratada.jpg','2018-02-21 14:27:19','2018-02-21 14:27:19'),
	(146,10,0,'/files/gallery-image/piscina_mg_6004_tratada.jpg','2018-02-21 14:34:12','2018-02-21 14:34:12'),
	(147,10,0,'/files/gallery-image/piscina_mg_6888_2_tratada.jpg','2018-02-21 14:34:25','2018-02-21 14:34:25'),
	(148,10,0,'/files/gallery-image/piscina_mg_6968_2_tratada.jpg','2018-02-21 14:34:37','2018-02-21 14:34:37'),
	(149,10,0,'/files/gallery-image/piscina_mg_7474_2_tratada.jpg','2018-02-21 14:34:50','2018-02-21 14:34:50'),
	(150,11,0,'/files/gallery-image/spa_mg_6750_2_tratada.jpg','2018-02-21 14:37:08','2018-02-21 14:37:08'),
	(151,11,0,'/files/gallery-image/spa_mg_9052_2_1012_tratada.jpg','2018-02-21 14:37:17','2018-02-21 14:37:17'),
	(152,12,0,'/files/gallery-image/sauna_mg_6273_tratada.jpg','2018-02-21 14:38:06','2018-02-21 14:38:06'),
	(153,12,0,'/files/gallery-image/sauna_mg_8010_2_tratada.jpg','2018-02-21 14:38:22','2018-02-21 14:38:22'),
	(154,12,0,'/files/gallery-image/sauna_piscina_mg_6129_tratada.jpg','2018-02-21 14:38:32','2018-02-21 14:38:32'),
	(155,13,0,'/files/gallery-image/ginasio_mg_0067_tratada.jpg','2018-02-21 14:39:23','2018-02-21 14:39:23'),
	(156,13,0,'/files/gallery-image/ginasio_mg_0117_tratada.jpg','2018-02-21 14:39:34','2018-02-21 14:39:34'),
	(157,13,0,'/files/gallery-image/ginasio_mg_9030_2_990_tratada-2.jpg','2018-02-21 14:39:45','2018-03-14 15:39:41'),
	(158,14,0,'/files/gallery-image/bar_mg_0368_tratada.jpg','2018-02-21 14:40:52','2018-02-21 14:40:52'),
	(159,14,0,'/files/gallery-image/bar_mg_0437_tratada.jpg','2018-02-21 14:41:30','2018-02-21 14:41:30'),
	(160,14,0,'/files/gallery-image/bar_mg_0441_tratada.jpg','2018-02-21 14:41:56','2018-02-21 14:41:56'),
	(161,14,0,'/files/gallery-image/bar_mg_5724_tratada.jpg','2018-02-21 14:42:14','2018-02-21 14:42:14'),
	(162,14,0,'/files/gallery-image/bar_mg_9619_tratada.jpg','2018-02-21 14:45:27','2018-02-21 14:45:27'),
	(163,14,0,'/files/gallery-image/bar_mg_9859_tratada.jpg','2018-02-21 14:45:38','2018-02-21 14:45:38'),
	(170,15,0,'/files/gallery-image/sala_mg_5637_tratada.jpg','2018-02-21 14:50:57','2018-02-21 14:50:57'),
	(171,15,0,'/files/gallery-image/sala_mg_5645_tratada.jpg','2018-02-21 14:51:09','2018-02-21 14:51:09'),
	(172,15,95,'/files/gallery-image/sala_mg_5655_tratada.jpg','2018-02-21 14:51:20','2018-04-19 16:33:35'),
	(173,15,0,'/files/gallery-image/sala_mg_6579_tratada.jpg','2018-02-21 14:51:30','2018-02-21 14:51:30'),
	(174,15,0,'/files/gallery-image/sala_mg_6643_tratada.jpg','2018-02-21 14:51:41','2018-02-21 14:51:41'),
	(175,15,100,'/files/gallery-image/cozinha_tratada.jpg','2018-03-22 11:30:32','2018-03-22 11:30:32'),
	(176,15,90,'/files/gallery-image/_mg_9888_tratada.jpg','2018-03-22 11:30:48','2018-03-22 11:30:48'),
	(177,1,0,'/files/gallery-image/refeitorio_mg_5594_tratada-2.jpg','2018-04-19 16:41:15','2018-04-19 16:41:15'),
	(178,1,0,'/files/gallery-image/zona_comum_mg_6797_tratada.jpg','2018-04-19 16:41:31','2018-04-19 16:41:31'),
	(179,16,10,'/files/gallery-image/refeitorio_mg_6677_tratada.jpg','2021-01-15 17:22:01','2021-01-15 17:22:01'),
	(180,16,0,'/files/gallery-image/recepcao_mg_6627_tratada.jpg','2021-01-15 17:22:20','2021-01-15 17:22:20'),
	(181,17,0,'/files/gallery-image/c67a9765.jpg','2021-01-25 17:31:41','2021-01-25 17:31:41'),
	(182,17,0,'/files/gallery-image/c67a9695.jpg','2021-01-25 17:31:57','2021-01-25 17:31:57'),
	(183,17,0,'/files/gallery-image/c67a9710_editar___co__pia_editar.jpg','2021-01-25 17:32:23','2021-01-25 17:32:23'),
	(184,17,0,'/files/gallery-image/c67a9675_editar.jpg','2021-01-25 17:33:01','2021-01-25 17:33:01'),
	(185,17,0,'/files/gallery-image/c67a9685.jpg','2021-01-25 17:34:26','2021-01-25 17:34:26'),
	(186,17,0,'/files/gallery-image/c67a9665_editar.jpg','2021-01-25 17:34:43','2021-01-25 17:34:43'),
	(187,17,0,'/files/gallery-image/c67a9650.jpg','2021-01-25 17:37:56','2021-01-25 17:37:56'),
	(188,17,0,'/files/gallery-image/c67a9655.jpg','2021-01-25 17:38:10','2021-01-25 17:38:10'),
	(189,17,0,'/files/gallery-image/c67a9645.jpg','2021-01-25 17:38:24','2021-01-25 17:38:24'),
	(190,17,0,'/files/gallery-image/c67a9618.jpg','2021-01-25 17:38:38','2021-01-25 17:38:38'),
	(191,17,0,'/files/gallery-image/c67a9608.jpg','2021-01-25 17:38:52','2021-01-25 17:38:52'),
	(192,17,0,'/files/gallery-image/c67a9598___co__pia_editar.jpg','2021-01-25 17:39:05','2021-01-25 17:39:05'),
	(193,17,0,'/files/gallery-image/c67a9603___co__pia_editar.jpg','2021-01-25 17:39:20','2021-01-25 17:39:20'),
	(194,17,0,'/files/gallery-image/c67a9568_editar___co__pia_editar.jpg','2021-01-25 17:39:31','2021-01-25 17:39:31'),
	(195,17,0,'/files/gallery-image/c67a9568_editar_2___co__pia_editar.jpg','2021-01-25 17:39:42','2021-01-25 17:39:42'),
	(196,17,0,'/files/gallery-image/c67a9533_editar___co__pia_editar.jpg','2021-01-25 17:39:56','2021-01-25 17:39:56'),
	(197,17,0,'/files/gallery-image/c67a9548_editar___co__pia_editar.jpg','2021-01-25 17:40:13','2021-01-25 17:40:13'),
	(198,17,0,'/files/gallery-image/c67a9523_editar___co__pia_editar.jpg','2021-01-25 17:40:25','2021-01-25 17:40:25'),
	(199,18,0,'/files/gallery-image/sf_c67a4435_editar.jpg','2021-01-25 17:54:25','2021-01-25 17:54:25'),
	(200,18,0,'/files/gallery-image/sf_c67a1781.jpg','2021-01-25 17:54:34','2021-01-25 17:54:34'),
	(201,18,0,'/files/gallery-image/sf_c67a1776.jpg','2021-01-25 17:54:45','2021-01-25 17:54:45'),
	(202,18,0,'/files/gallery-image/sf_c67a1761.jpg','2021-01-25 17:54:55','2021-01-25 17:54:55'),
	(203,18,0,'/files/gallery-image/sf_c67a1701.jpg','2021-01-25 17:55:11','2021-01-25 17:55:11'),
	(204,19,0,'/files/gallery-image/sfn_c67a1683_editar.jpg','2021-01-25 17:57:16','2021-01-25 17:57:16'),
	(205,19,0,'/files/gallery-image/sfn_c67a1673.jpg','2021-01-25 17:57:26','2021-01-25 17:57:26'),
	(206,19,0,'/files/gallery-image/sfn_c67a1563.jpg','2021-01-25 17:57:37','2021-01-25 17:57:37'),
	(207,20,0,'/files/gallery-image/sfm_c67a4426_editar.jpg','2021-01-25 17:59:29','2021-01-25 17:59:29'),
	(208,20,0,'/files/gallery-image/sfm_c67a4420_editar.jpg','2021-01-25 17:59:41','2021-01-25 17:59:41'),
	(209,20,0,'/files/gallery-image/sfm_c67a1817.jpg','2021-01-25 17:59:51','2021-01-25 17:59:51'),
	(210,20,0,'/files/gallery-image/sfm_c67a1812_editar.jpg','2021-01-25 18:00:02','2021-01-25 18:00:02'),
	(211,21,0,'/files/gallery-image/sdn_c67a9283.jpg','2021-01-25 18:13:14','2021-01-25 18:13:14'),
	(212,21,0,'/files/gallery-image/sdn_c67a9278.jpg','2021-01-25 18:13:23','2021-01-25 18:13:23'),
	(213,21,0,'/files/gallery-image/sdn_c67a9263.jpg','2021-01-25 18:13:32','2021-01-25 18:13:32'),
	(214,21,0,'/files/gallery-image/sdn_c67a9253.jpg','2021-01-25 18:13:43','2021-01-25 18:13:43'),
	(215,21,0,'/files/gallery-image/sdn_c67a9243_editar.jpg','2021-01-25 18:13:53','2021-01-25 18:13:53'),
	(216,21,0,'/files/gallery-image/sdn_c67a9233_editar.jpg','2021-01-25 18:14:04','2021-01-25 18:14:04'),
	(217,21,0,'/files/gallery-image/sdn_c67a9223.jpg','2021-01-25 18:14:15','2021-01-25 18:14:15'),
	(218,21,0,'/files/gallery-image/sdn_c67a9213.jpg','2021-01-25 18:14:26','2021-01-25 18:14:26'),
	(219,21,0,'/files/gallery-image/sdn_c67a1693.jpg','2021-01-25 18:14:41','2021-01-25 18:14:41'),
	(220,22,0,'/files/gallery-image/api_c67a1504.jpg','2021-01-26 09:41:16','2021-01-26 09:41:16'),
	(221,22,0,'/files/gallery-image/api_c67a1499_editar_editar.jpg','2021-01-26 09:41:27','2021-01-26 09:41:27'),
	(222,22,0,'/files/gallery-image/api_c67a1435_editar.jpg','2021-01-26 09:41:39','2021-01-26 09:41:39'),
	(223,22,0,'/files/gallery-image/api_c67a1425_editar.jpg','2021-01-26 09:41:51','2021-01-26 09:41:51'),
	(224,22,0,'/files/gallery-image/api_c67a1415.jpg','2021-01-26 09:42:02','2021-01-26 09:42:02'),
	(225,22,0,'/files/gallery-image/api_c67a1400_editar.jpg','2021-01-26 09:42:13','2021-01-26 09:42:13'),
	(226,23,0,'/files/gallery-image/plp_c67a9710_editar___co__pia_editar.jpg','2021-01-26 09:45:33','2021-01-26 09:45:33'),
	(227,23,0,'/files/gallery-image/plp_c67a9695.jpg','2021-01-26 09:45:45','2021-01-26 09:45:45'),
	(228,23,0,'/files/gallery-image/plp_c67a9675_editar.jpg','2021-01-26 09:45:57','2021-01-26 09:45:57'),
	(229,23,0,'/files/gallery-image/plp_c67a9665_editar.jpg','2021-01-26 09:46:09','2021-01-26 09:46:09'),
	(230,23,0,'/files/gallery-image/plp_c67a9603___co__pia_editar.jpg','2021-01-26 09:46:20','2021-01-26 09:46:20'),
	(231,23,0,'/files/gallery-image/plp_c67a9568_editar_2___co__pia_editar.jpg','2021-01-26 09:46:31','2021-01-26 09:46:31'),
	(232,23,0,'/files/gallery-image/plp_c67a9523_editar___co__pia_editar.jpg','2021-01-26 09:46:42','2021-01-26 09:46:42'),
	(233,23,0,'/files/gallery-image/plp_c67a1533_editar.jpg','2021-01-26 09:46:56','2021-01-26 09:46:56'),
	(234,23,0,'/files/gallery-image/plp_c67a1506.jpg','2021-01-26 09:47:08','2021-01-26 09:47:08'),
	(235,24,0,'/files/gallery-image/c67a9163.jpg','2021-01-26 09:48:43','2021-01-26 09:48:43'),
	(236,24,0,'/files/gallery-image/c67a1435_editar.jpg','2021-01-26 09:48:53','2021-01-26 09:48:53'),
	(237,24,0,'/files/gallery-image/c67a1425_editar.jpg','2021-01-26 09:49:02','2021-01-26 09:49:02'),
	(238,24,0,'/files/gallery-image/c67a1415.jpg','2021-01-26 09:49:14','2021-01-26 09:49:14'),
	(239,24,0,'/files/gallery-image/c67a1400_editar.jpg','2021-01-26 09:49:24','2021-01-26 09:49:24'),
	(240,24,0,'/files/gallery-image/_mg_0193.jpg','2021-01-26 09:49:33','2021-01-26 09:49:33'),
	(241,25,0,'/files/gallery-image/_mg_0326.jpg','2021-01-26 09:50:29','2021-01-26 09:50:29'),
	(242,25,0,'/files/gallery-image/c67a6667.jpg','2021-01-26 09:50:42','2021-01-26 09:50:42'),
	(243,26,0,'/files/gallery-image/c67a9168.jpg','2021-01-26 09:51:39','2021-01-26 09:51:39'),
	(244,26,0,'/files/gallery-image/c67a9163-2.jpg','2021-01-26 09:51:52','2021-01-26 09:51:52'),
	(245,26,0,'/files/gallery-image/c67a9149_editar.jpg','2021-01-26 09:52:02','2021-01-26 09:52:02'),
	(246,26,0,'/files/gallery-image/c67a9129_editar.jpg','2021-01-26 09:52:12','2021-01-26 09:52:12'),
	(247,26,0,'/files/gallery-image/c67a9124.jpg','2021-01-26 09:52:22','2021-01-26 09:52:22'),
	(248,26,0,'/files/gallery-image/_mg_0193-2.jpg','2021-01-26 09:52:31','2021-01-26 09:52:31'),
	(249,27,0,'/files/gallery-image/dji_0096_editar.jpg','2021-01-26 09:53:26','2021-01-26 09:53:26'),
	(250,27,0,'/files/gallery-image/dji_0095.jpg','2021-01-26 09:53:35','2021-01-26 09:53:35'),
	(251,27,0,'/files/gallery-image/dji_0094.jpg','2021-01-26 09:53:45','2021-01-26 09:53:45'),
	(252,27,0,'/files/gallery-image/dji_0094__2_.jpg','2021-01-26 09:53:54','2021-01-26 09:53:54'),
	(253,27,0,'/files/gallery-image/dji_0093.jpg','2021-01-26 09:54:07','2021-01-26 09:54:07'),
	(254,27,0,'/files/gallery-image/dji_0092.jpg','2021-01-26 09:54:16','2021-01-26 09:54:16'),
	(255,27,0,'/files/gallery-image/dji_0073_editar.jpg','2021-01-26 09:54:26','2021-01-26 09:54:26'),
	(256,27,0,'/files/gallery-image/dji_0055.jpg','2021-01-26 09:54:36','2021-01-26 09:54:36'),
	(257,27,0,'/files/gallery-image/c67a9020.jpg','2021-01-26 09:54:47','2021-01-26 09:54:47'),
	(258,27,0,'/files/gallery-image/c67a9019.jpg','2021-01-26 09:54:57','2021-01-26 09:54:57'),
	(259,27,0,'/files/gallery-image/c67a1860_editar.jpg','2021-01-26 09:55:08','2021-01-26 09:55:08'),
	(260,27,0,'/files/gallery-image/c67a1859_editar.jpg','2021-01-26 09:55:20','2021-01-26 09:55:20'),
	(261,27,0,'/files/gallery-image/c67a1847.jpg','2021-01-26 09:55:31','2021-01-26 09:55:31'),
	(262,27,0,'/files/gallery-image/c67a1836_editar__2_.jpg','2021-01-26 09:55:42','2021-01-26 09:55:42'),
	(263,28,0,'/files/gallery-image/c67a9114_editar.jpg','2021-01-26 09:56:39','2021-01-26 09:56:39'),
	(264,28,0,'/files/gallery-image/c67a9109.jpg','2021-01-26 09:56:57','2021-01-26 09:56:57'),
	(265,28,0,'/files/gallery-image/c67a9104.jpg','2021-01-26 09:57:19','2021-01-26 09:57:19'),
	(266,29,0,'/files/gallery-image/c67a9847_editar.jpg','2021-01-26 09:58:39','2021-01-26 09:58:39'),
	(267,29,0,'/files/gallery-image/c67a9826.jpg','2021-01-26 09:58:47','2021-01-26 09:58:47'),
	(268,29,0,'/files/gallery-image/c67a9789.jpg','2021-01-26 09:58:55','2021-01-26 09:58:55'),
	(269,29,0,'/files/gallery-image/c67a1602.jpg','2021-01-26 09:59:04','2021-01-26 09:59:04'),
	(270,29,0,'/files/gallery-image/_mg_6661.jpg','2021-01-26 09:59:12','2021-01-26 09:59:12'),
	(271,30,0,'/files/gallery-image/c67a9508.jpg','2021-01-26 10:00:12','2021-01-26 10:00:12'),
	(272,30,0,'/files/gallery-image/c67a9298.jpg','2021-01-26 10:00:22','2021-01-26 10:00:22'),
	(273,30,0,'/files/gallery-image/c67a1917_editar.jpg','2021-01-26 10:00:33','2021-01-26 10:00:33'),
	(274,30,0,'/files/gallery-image/c67a1889.jpg','2021-01-26 10:00:42','2021-01-26 10:00:42'),
	(275,30,0,'/files/gallery-image/c67a1879.jpg','2021-01-26 10:00:51','2021-01-26 10:00:51'),
	(276,30,0,'/files/gallery-image/c67a1874.jpg','2021-01-26 10:01:00','2021-01-26 10:01:00'),
	(277,30,0,'/files/gallery-image/c67a1864_editar.jpg','2021-01-26 10:01:09','2021-01-26 10:01:09'),
	(278,30,0,'/files/gallery-image/c67a1553_editar.jpg','2021-01-26 10:01:18','2021-01-26 10:01:18'),
	(279,30,0,'/files/gallery-image/c67a1548.jpg','2021-01-26 10:01:30','2021-01-26 10:01:30'),
	(280,30,0,'/files/gallery-image/c67a1360.jpg','2021-01-26 10:01:40','2021-01-26 10:01:40'),
	(281,30,0,'/files/gallery-image/c67a1355.jpg','2021-01-26 10:01:49','2021-01-26 10:01:49'),
	(282,30,0,'/files/gallery-image/c67a1345.jpg','2021-01-26 10:02:00','2021-01-26 10:02:00'),
	(283,30,0,'/files/gallery-image/c67a1340.jpg','2021-01-26 10:02:10','2021-01-26 10:02:10'),
	(284,31,0,'/files/gallery-image/c67a9193.jpg','2021-01-26 10:02:59','2021-01-26 10:02:59'),
	(285,31,0,'/files/gallery-image/c67a9099.jpg','2021-01-26 10:03:07','2021-01-26 10:03:07'),
	(286,31,0,'/files/gallery-image/c67a9074_editar.jpg','2021-01-26 10:03:16','2021-01-26 10:03:16'),
	(287,31,0,'/files/gallery-image/c67a9069.jpg','2021-01-26 10:03:24','2021-01-26 10:03:24'),
	(288,31,0,'/files/gallery-image/c67a9064_editar.jpg','2021-01-26 10:03:33','2021-01-26 10:03:33'),
	(289,31,0,'/files/gallery-image/c67a9054.jpg','2021-01-26 10:03:43','2021-01-26 10:03:43'),
	(290,31,0,'/files/gallery-image/c67a9034.jpg','2021-01-26 10:03:52','2021-01-26 10:03:52'),
	(291,31,0,'/files/gallery-image/c67a7450.jpg','2021-01-26 10:04:02','2021-01-26 10:04:02'),
	(292,31,0,'/files/gallery-image/c67a7425_editar.jpg','2021-01-26 10:04:13','2021-01-26 10:04:13'),
	(293,31,0,'/files/gallery-image/c67a6580.jpg','2021-01-26 10:04:23','2021-01-26 10:04:23'),
	(294,32,0,'/files/gallery-image/c67a9423.jpg','2021-01-26 10:05:28','2021-01-26 10:05:28'),
	(295,32,0,'/files/gallery-image/c67a1648_editar.jpg','2021-01-26 10:05:40','2021-01-26 10:05:40'),
	(296,32,0,'/files/gallery-image/c67a1633.jpg','2021-01-26 10:05:49','2021-01-26 10:05:49'),
	(297,32,0,'/files/gallery-image/c67a1628.jpg','2021-01-26 10:06:00','2021-01-26 10:06:00'),
	(298,32,0,'/files/gallery-image/c67a1623_editar_editar.jpg','2021-01-26 10:06:10','2021-01-26 10:06:10'),
	(299,32,0,'/files/gallery-image/c67a1603.jpg','2021-01-26 10:06:19','2021-01-26 10:06:19'),
	(300,33,0,'/files/gallery-image/c67a9498_editar.jpg','2021-01-26 10:07:12','2021-01-26 10:07:12'),
	(301,33,0,'/files/gallery-image/c67a9483_editar___co__pia_editar.jpg','2021-01-26 10:07:20','2021-01-26 10:07:20'),
	(302,33,0,'/files/gallery-image/c67a9463.jpg','2021-01-26 10:07:32','2021-01-26 10:07:32'),
	(303,33,0,'/files/gallery-image/c67a9458.jpg','2021-01-26 10:07:44','2021-01-26 10:07:44'),
	(304,33,0,'/files/gallery-image/c67a1756.jpg','2021-01-26 10:07:52','2021-01-26 10:07:52'),
	(305,33,0,'/files/gallery-image/c67a1748_editar.jpg','2021-01-26 10:08:01','2021-01-26 10:08:01'),
	(306,34,0,'/files/gallery-image/c67a1583.jpg','2021-01-26 10:08:57','2021-01-26 10:08:57'),
	(307,34,0,'/files/gallery-image/c67a1573.jpg','2021-01-26 10:09:06','2021-01-26 10:09:06'),
	(308,34,0,'/files/gallery-image/c67a1573___co__pia_editar.jpg','2021-01-26 10:09:16','2021-01-26 10:09:16'),
	(309,34,0,'/files/gallery-image/c67a1400_editar-2.jpg','2021-01-26 10:09:25','2021-01-26 10:09:25'),
	(310,35,0,'/files/gallery-image/c67a9393.jpg','2021-01-26 10:11:39','2021-01-26 10:11:39'),
	(311,35,0,'/files/gallery-image/c67a9388.jpg','2021-01-26 10:11:47','2021-01-26 10:11:47'),
	(312,35,0,'/files/gallery-image/c67a9383.jpg','2021-01-26 10:11:59','2021-01-26 10:11:59'),
	(313,35,0,'/files/gallery-image/c67a9373.jpg','2021-01-26 10:12:09','2021-01-26 10:12:09'),
	(314,35,0,'/files/gallery-image/c67a9333.jpg','2021-01-26 10:12:18','2021-01-26 10:12:18'),
	(315,35,0,'/files/gallery-image/c67a9323.jpg','2021-01-26 10:12:28','2021-01-26 10:12:28'),
	(316,35,0,'/files/gallery-image/c67a9308.jpg','2021-01-26 10:12:37','2021-01-26 10:12:37'),
	(317,36,0,'/files/gallery-image/c67a1435_editar-2.jpg','2021-01-26 10:13:32','2021-01-26 10:13:32'),
	(318,36,0,'/files/gallery-image/c67a1425_editar-2.jpg','2021-01-26 10:13:39','2021-01-26 10:13:39'),
	(319,36,0,'/files/gallery-image/c67a1415-2.jpg','2021-01-26 10:13:48','2021-01-26 10:13:48'),
	(320,36,0,'/files/gallery-image/c67a1400_editar-3.jpg','2021-01-26 10:13:57','2021-01-26 10:13:57');

/*!40000 ALTER TABLE `gallery_items` ENABLE KEYS */;
UNLOCK TABLES;


# Dump of table gallery_translations
# ------------------------------------------------------------

DROP TABLE IF EXISTS `gallery_translations`;

CREATE TABLE `gallery_translations` (
  `id` int(10) unsigned NOT NULL AUTO_INCREMENT,
  `gallery_id` int(10) unsigned NOT NULL,
  `locale` char(2) COLLATE utf8mb4_unicode_ci NOT NULL,
  `name` varchar(191) COLLATE utf8mb4_unicode_ci NOT NULL,
  `created_at` timestamp NULL DEFAULT NULL,
  `updated_at` timestamp NULL DEFAULT NULL,
  `description` text COLLATE utf8mb4_unicode_ci DEFAULT NULL,
  PRIMARY KEY (`id`),
  KEY `gallery_translations_gallery_id_foreign` (`gallery_id`),
  KEY `gallery_translations_locale_foreign` (`locale`),
  CONSTRAINT `gallery_translations_gallery_id_foreign` FOREIGN KEY (`gallery_id`) REFERENCES `galleries` (`id`) ON DELETE CASCADE,
  CONSTRAINT `gallery_translations_locale_foreign` FOREIGN KEY (`locale`) REFERENCES `languages` (`slug`) ON DELETE CASCADE
) ENGINE=InnoDB DEFAULT CHARSET=utf8mb4 COLLATE=utf8mb4_unicode_ci;

LOCK TABLES `gallery_translations` WRITE;
/*!40000 ALTER TABLE `gallery_translations` DISABLE KEYS */;

INSERT INTO `gallery_translations` (`id`, `gallery_id`, `locale`, `name`, `created_at`, `updated_at`, `description`)
VALUES
	(2,1,'pt','O Hotel','2017-11-30 20:02:57','2018-01-10 10:13:51',NULL),
	(4,2,'pt','Quarto Duplo Superior com Terraço e Vista Mar Parcial','2018-01-05 11:12:14','2018-01-05 11:12:14',NULL),
	(6,3,'pt','Quarto Individual Conforto','2018-01-05 11:59:16','2018-01-05 11:59:16',NULL),
	(8,4,'pt','Quarto Twin Conforto','2018-01-05 11:59:16','2018-01-05 11:59:44',NULL),
	(10,5,'pt','Quarto Familiar','2018-01-05 12:00:05','2018-01-05 12:00:05',NULL),
	(12,6,'pt','Suite com Vista Piscina','2018-01-05 12:00:21','2018-02-21 11:21:04',NULL),
	(14,7,'pt','Quarto Duplo Conforto','2018-01-05 12:01:42','2018-01-05 12:01:42',NULL),
	(16,8,'pt','Quarto Duplo Superior com Varanda e Vista Mar Parcial','2018-01-05 16:50:40','2018-01-05 16:50:40',NULL),
	(18,9,'pt','Espaço Criança','2018-02-21 14:26:37','2018-02-21 14:26:37',NULL),
	(20,10,'pt','Piscina e Jacuzzi','2018-02-21 14:33:46','2021-01-14 16:12:14','Aqui, a tranquilidade encontra o mar de fundo.'),
	(22,11,'pt','Moments of Wellness','2018-02-21 14:36:02','2021-01-15 17:19:56','Momento para relaxar'),
	(24,12,'pt','SPA','2018-02-21 14:37:44','2018-03-06 11:25:18',NULL),
	(26,13,'pt','Ginásio Bodies Health','2018-02-21 14:38:55','2018-02-21 14:38:55',NULL),
	(28,14,'pt','Bar & Bistrô by Well Hotel & Spa','2018-02-21 14:40:15','2018-02-21 14:40:15',NULL),
	(30,15,'pt','Sala e Cozinha','2018-02-21 14:45:57','2018-02-21 14:45:57',NULL),
	(31,1,'en','The Hotel','2017-11-30 20:02:57','2018-01-10 10:13:51',NULL),
	(32,2,'en','Double Superior Room with Terrace and Partial Sea View','2018-01-05 11:12:14','2018-09-26 10:37:41',NULL),
	(33,3,'en','Single Comfort Room','2018-01-05 11:59:16','2018-09-26 10:38:20',NULL),
	(34,4,'en','Twin Comfort Room','2018-01-05 11:59:16','2018-09-26 10:38:33',NULL),
	(35,5,'en','Family Room','2018-01-05 12:00:05','2018-09-26 10:39:01',NULL),
	(36,6,'en','Suite Swimming Pool View','2018-01-05 12:00:21','2018-09-26 10:39:17',NULL),
	(37,7,'en','Double Comfort Room','2018-01-05 12:01:42','2018-09-26 10:38:47',NULL),
	(38,8,'en','Double Superior Room with Balcony and Partial Sea View','2018-01-05 16:50:40','2018-09-26 10:37:58',NULL),
	(39,9,'en','Children’s Corner','2018-02-21 14:26:37','2018-09-26 10:39:53',NULL),
	(40,10,'en','Piscina e Jacuzzi','2018-02-21 14:33:46','2018-02-21 14:33:46',NULL),
	(41,11,'en','Moments of Wellness','2018-02-21 14:36:02','2021-01-15 17:19:56','Moment to relex'),
	(42,12,'en','SPA','2018-02-21 14:37:44','2018-03-06 11:25:18',NULL),
	(43,13,'en','Ginásio Bodies Health','2018-02-21 14:38:55','2018-02-21 14:38:55',NULL),
	(44,14,'en','Bar & Bistrô by Well Hotel & Spa','2018-02-21 14:40:15','2018-02-21 14:40:15',NULL),
	(45,15,'en','Sala e Cozinha','2018-02-21 14:45:57','2018-02-21 14:45:57',NULL),
	(46,16,'en','packs & experiences','2021-01-15 17:21:20','2021-01-15 17:21:20','Moment to relex near the beach'),
	(47,16,'pt','packs & experiences','2021-01-15 17:21:20','2021-01-15 17:21:20','Aqui, a tranquilidade encontra o mar de fundo.'),
	(48,17,'en','Suite Well','2021-01-25 17:20:30','2021-01-25 17:20:30',NULL),
	(49,17,'pt','Suite Well','2021-01-25 17:20:30','2021-01-25 17:20:30',NULL),
	(50,18,'en','Suite Familiar','2021-01-25 17:53:05','2021-01-25 17:53:05',NULL),
	(51,18,'pt','Suite Familiar','2021-01-25 17:53:05','2021-01-25 17:53:05',NULL),
	(52,19,'en','Suite Familiar Natura','2021-01-25 17:56:54','2021-01-25 17:58:05',NULL),
	(53,19,'pt','Suite Familiar Natura','2021-01-25 17:56:54','2021-01-25 17:58:05',NULL),
	(54,20,'en','Suite Familiar Mar','2021-01-25 17:59:16','2021-01-25 17:59:16',NULL),
	(55,20,'pt','Suite Familiar Mar','2021-01-25 17:59:16','2021-01-25 17:59:16',NULL),
	(56,21,'en','Suite Duplex Natura','2021-01-25 18:00:33','2021-01-25 18:00:33',NULL),
	(57,21,'pt','Suite Duplex Natura','2021-01-25 18:00:33','2021-01-25 18:00:33',NULL),
	(58,22,'en','Pack AMor por Inteiro','2021-01-26 09:40:12','2021-01-26 09:40:12',NULL),
	(59,22,'pt','Pack AMor por Inteiro','2021-01-26 09:40:12','2021-01-26 09:40:12',NULL),
	(60,23,'en','Pack Luxuria & Paixão','2021-01-26 09:42:49','2021-01-26 09:42:49',NULL),
	(61,23,'pt','Pack Luxuria & Paixão','2021-01-26 09:42:49','2021-01-26 09:42:49',NULL),
	(62,24,'en','Pack Relax','2021-01-26 09:48:17','2021-01-26 09:48:17',NULL),
	(63,24,'pt','Pack Relax','2021-01-26 09:48:17','2021-01-26 09:48:17',NULL),
	(64,25,'en','Bar & Bistrô','2021-01-26 09:50:08','2021-01-26 09:50:08',NULL),
	(65,25,'pt','Bar & Bistrô','2021-01-26 09:50:08','2021-01-26 09:50:08',NULL),
	(66,26,'en','Centro Moment os wellness','2021-01-26 09:51:21','2021-01-26 09:51:21',NULL),
	(67,26,'pt','Centro Moment os wellness','2021-01-26 09:51:21','2021-01-26 09:51:21',NULL),
	(68,27,'en','Fachada Hotel e vista','2021-01-26 09:53:13','2021-01-26 09:53:13',NULL),
	(69,27,'pt','Fachada Hotel e vista','2021-01-26 09:53:13','2021-01-26 09:53:13',NULL),
	(70,28,'en','Gym','2021-01-26 09:56:27','2021-01-26 09:56:27',NULL),
	(71,28,'pt','Gym','2021-01-26 09:56:27','2021-01-26 09:56:27',NULL),
	(72,29,'en','Mar & Natura','2021-01-26 09:58:24','2021-01-26 09:58:24',NULL),
	(73,29,'pt','Mar & Natura','2021-01-26 09:58:24','2021-01-26 09:58:24',NULL),
	(74,30,'en','Receção e Áreas comuns','2021-01-26 10:00:01','2021-01-26 10:00:01',NULL),
	(75,30,'pt','Receção e Áreas comuns','2021-01-26 10:00:01','2021-01-26 10:00:01',NULL),
	(76,31,'en','Spa','2021-01-26 10:02:42','2021-01-26 10:02:42',NULL),
	(77,31,'pt','Spa','2021-01-26 10:02:42','2021-01-26 10:02:42',NULL),
	(78,32,'en','Quarto Individual e Duplo Natura','2021-01-26 10:05:07','2021-01-26 10:05:07',NULL),
	(79,32,'pt','Quarto Individual e Duplo Natura','2021-01-26 10:05:07','2021-01-26 10:05:07',NULL),
	(80,33,'en','Quarto Duplo Mar','2021-01-26 10:07:01','2021-01-26 10:07:01',NULL),
	(81,33,'pt','Quarto Duplo Mar','2021-01-26 10:07:01','2021-01-26 10:07:01',NULL),
	(82,34,'en','Suite Mar','2021-01-26 10:08:39','2021-01-26 10:08:39',NULL),
	(83,34,'pt','Suite Mar','2021-01-26 10:08:40','2021-01-26 10:08:40',NULL),
	(84,35,'en','Suite Deluxe Natura','2021-01-26 10:11:23','2021-01-26 10:11:23',NULL),
	(85,35,'pt','Suite Deluxe Natura','2021-01-26 10:11:23','2021-01-26 10:11:23',NULL),
	(86,36,'en','Suite Deluxe Mar','2021-01-26 10:13:17','2021-01-26 10:13:17',NULL),
	(87,36,'pt','Suite Deluxe Mar','2021-01-26 10:13:17','2021-01-26 10:13:17',NULL);

/*!40000 ALTER TABLE `gallery_translations` ENABLE KEYS */;
UNLOCK TABLES;


# Dump of table guest_service_translations
# ------------------------------------------------------------

DROP TABLE IF EXISTS `guest_service_translations`;

CREATE TABLE `guest_service_translations` (
  `id` int(10) unsigned NOT NULL AUTO_INCREMENT,
  `guest_service_id` int(10) unsigned NOT NULL,
  `title` text COLLATE utf8mb4_unicode_ci NOT NULL,
  `description` longtext COLLATE utf8mb4_unicode_ci NOT NULL,
  `locale` varchar(191) COLLATE utf8mb4_unicode_ci NOT NULL,
  PRIMARY KEY (`id`),
  UNIQUE KEY `guest_service_translations_guest_service_id_locale_unique` (`guest_service_id`,`locale`),
  KEY `guest_service_translations_locale_index` (`locale`),
  CONSTRAINT `guest_service_translations_guest_service_id_foreign` FOREIGN KEY (`guest_service_id`) REFERENCES `guest_services` (`id`) ON DELETE CASCADE
) ENGINE=InnoDB DEFAULT CHARSET=utf8mb4 COLLATE=utf8mb4_unicode_ci;

LOCK TABLES `guest_service_translations` WRITE;
/*!40000 ALTER TABLE `guest_service_translations` DISABLE KEYS */;

INSERT INTO `guest_service_translations` (`id`, `guest_service_id`, `title`, `description`, `locale`)
VALUES
	(2,1,'Transfers aeroporto','<ul style=\"list-style-type: disc;\">\n<li>Até 4 pessoas / 98€ por viagem</li>\n<li>Até 5 pessoas / 138€ por viagem</li>\n</ul>','pt'),
	(3,1,'Airport shuttle','<p>Up to 4 people - 98€ per trip<br />Up to 5 people - 138€ per trip</p>','en'),
	(4,2,'Comodidades /\nServiços','<ul style=\"list-style-type: disc;\">\n<li>Wi Fi Gratuito</li>\n<li>Estacionamento público e gratuito</li>\n<li>Transporte de/para aeroporto</li>\n<li>Lavandaria</li>\n<li>Serviço de engomadoria</li>\n<li>Aluguer de carro</li>\n<li>Fax/ Fotocopiadora</li>\n<li>Salão/ Área de televisão partilhada</li>\n<li>Serviço de limpeza diário</li>\n<li>Elevador panorâmico</li>\n<li>Ar condicionado</li>\n<li>Purificador de ar</li>\n<li>Bar & Bistrô</li>\n<li>Restaurante Mar & Natura</li>\n<li>Cozinha partilhada</li>\n<li>Área infantil</li>\n<li>Piscina para criança de água quente (coberta/ descoberta)</li>\n<li>Piscina para adulto de água quente (coberta/ descoberta)</li>\n<li>Jacuzzi</li>\n<li>Sauna</li>\n<li>Banho Turco</li>\n<li>Duche Vichy</li>\n<li>Ginásio</li>\n<li>Área de Spa</li>\n<li>Centro de massagens</li>\n<li>Área para banhos de sol</li>\n<li>Espreguiçadeiras</li>\n<li>Acessibilidade para cadeira de rodas</li>\n<li>WC com barras de apoio</li>\n<li>Aluguer de bicicletas</li>\n<li>Aluguer de gaivotas</li>\n</ul>','pt'),
	(5,3,'Comodidades dos Quartos','<ul style=\"list-style-type: disc;\">\n<li>Wi Fi Gratuito</li>\n<li>Ar condicionado</li>\n<li>Purificador de Ar</li>\n<li>Secador de cabelo</li>\n<li>Secador de toalha</li>\n<li>Produtos de higiene pessoal</li>\n<li>Frigobar</li>\n<li>Cofre</li>\n<li>Secretária</li>\n<li>Televisão de ecrã plano</li>\n<li>Canais por cabo</li>\n<li>Garrafa de água</li>\n<li>Roupão de banho</li>\n<li>Espelho de aumento</li>\n<li>Telefone</li>\n</ul>','pt');

/*!40000 ALTER TABLE `guest_service_translations` ENABLE KEYS */;
UNLOCK TABLES;


# Dump of table guest_services
# ------------------------------------------------------------

DROP TABLE IF EXISTS `guest_services`;

CREATE TABLE `guest_services` (
  `id` int(10) unsigned NOT NULL AUTO_INCREMENT,
  `priority` int(11) DEFAULT NULL,
  `publish` tinyint(1) NOT NULL,
  `created_at` timestamp NULL DEFAULT NULL,
  `updated_at` timestamp NULL DEFAULT NULL,
  PRIMARY KEY (`id`)
) ENGINE=InnoDB DEFAULT CHARSET=utf8mb4 COLLATE=utf8mb4_unicode_ci;

LOCK TABLES `guest_services` WRITE;
/*!40000 ALTER TABLE `guest_services` DISABLE KEYS */;

INSERT INTO `guest_services` (`id`, `priority`, `publish`, `created_at`, `updated_at`)
VALUES
	(1,0,1,'2017-12-06 14:58:42','2017-12-06 14:58:42'),
	(2,10,1,NULL,NULL),
	(3,9,1,NULL,NULL);

/*!40000 ALTER TABLE `guest_services` ENABLE KEYS */;
UNLOCK TABLES;


# Dump of table languages
# ------------------------------------------------------------

DROP TABLE IF EXISTS `languages`;

CREATE TABLE `languages` (
  `id` int(10) unsigned NOT NULL AUTO_INCREMENT,
  `name` varchar(191) COLLATE utf8mb4_unicode_ci NOT NULL,
  `slug` char(2) COLLATE utf8mb4_unicode_ci NOT NULL,
  PRIMARY KEY (`id`),
  UNIQUE KEY `languages_slug_unique` (`slug`)
) ENGINE=InnoDB DEFAULT CHARSET=utf8mb4 COLLATE=utf8mb4_unicode_ci;

LOCK TABLES `languages` WRITE;
/*!40000 ALTER TABLE `languages` DISABLE KEYS */;

INSERT INTO `languages` (`id`, `name`, `slug`)
VALUES
	(1,'Português','pt'),
	(2,'Inglês','en');

/*!40000 ALTER TABLE `languages` ENABLE KEYS */;
UNLOCK TABLES;


# Dump of table masthead_translations
# ------------------------------------------------------------

DROP TABLE IF EXISTS `masthead_translations`;

CREATE TABLE `masthead_translations` (
  `id` int(10) unsigned NOT NULL AUTO_INCREMENT,
  `masthead_id` int(10) unsigned NOT NULL,
  `title` text COLLATE utf8mb4_unicode_ci NOT NULL,
  `description` longtext COLLATE utf8mb4_unicode_ci DEFAULT NULL,
  `locale` varchar(191) COLLATE utf8mb4_unicode_ci NOT NULL,
  PRIMARY KEY (`id`),
  UNIQUE KEY `masthead_translations_masthead_id_locale_unique` (`masthead_id`,`locale`),
  KEY `masthead_translations_locale_index` (`locale`),
  CONSTRAINT `masthead_translations_masthead_id_foreign` FOREIGN KEY (`masthead_id`) REFERENCES `mastheads` (`id`) ON DELETE CASCADE
) ENGINE=InnoDB DEFAULT CHARSET=utf8mb4 COLLATE=utf8mb4_unicode_ci;

LOCK TABLES `masthead_translations` WRITE;
/*!40000 ALTER TABLE `masthead_translations` DISABLE KEYS */;

INSERT INTO `masthead_translations` (`id`, `masthead_id`, `title`, `description`, `locale`)
VALUES
	(2,1,'O Hotel','<p>Queremos que se sinta em casa.</p>','pt'),
	(4,2,'Packs e Experiências','<p>O Well Hotel &amp; Spa garante tudo o que você idealizou um dia...</p>','pt'),
	(6,3,'Experiências','<p>O Well Hotel &amp; Spa garante tudo o que você idealizou um dia...</p>','pt'),
	(8,4,'Comodidades','<p>Aproveite a nossa ampla oferta.</p>','pt'),
	(10,5,'Quartos & Suites','<p>Partilha de momentos únicos</p>','pt'),
	(12,6,'Política de Privacidade',NULL,'pt'),
	(13,1,'The Hotel','<p>Feel like home</p>','en'),
	(14,2,'Packs e Experiências','<p>The Well Hotel &amp; Spa guarantees you all what you idealized one day...</p>','en'),
	(15,3,'Experiences','<p>Well Hotel &amp; Spa guaranties everything you have once dreamed…</p>','en'),
	(16,4,'Facilities and Services','<p>Enjoy our wide offer.</p>','en'),
	(17,5,'Rooms & Suites','<p>Share unique moments</p>','en'),
	(18,6,'Privacy Policy',NULL,'en'),
	(19,7,'Welfare','<p>SPA • Piscina e Jacuzzi • Ginásio Bodies Health •</p>\r\n<p>Centro de Massagem Moments of Wellness</p>','en'),
	(20,7,'Bem estar','<p>SPA • Piscina e Jacuzzi • Ginásio Bodies Health •</p>\r\n<p>Centro de Massagem Moments of Wellness</p>','pt'),
	(21,8,'Events','<p>Here, your memories will be unfforgatible</p>','en'),
	(22,8,'Eventos','<p>Aqui, as suas memórias serão inesquecíveis.</p>','pt'),
	(23,9,'ECO - Well Hotel & SPA','<p>Uma experiência com responsabilidade ambiental</p>','en'),
	(24,9,'ECO - Well Hotel & SPA','<p>Uma experiência com responsabilidade ambiental</p>','pt');

/*!40000 ALTER TABLE `masthead_translations` ENABLE KEYS */;
UNLOCK TABLES;


# Dump of table mastheads
# ------------------------------------------------------------

DROP TABLE IF EXISTS `mastheads`;

CREATE TABLE `mastheads` (
  `id` int(10) unsigned NOT NULL AUTO_INCREMENT,
  `slug` varchar(191) COLLATE utf8mb4_unicode_ci NOT NULL,
  `image` varchar(191) COLLATE utf8mb4_unicode_ci NOT NULL,
  `created_at` timestamp NULL DEFAULT NULL,
  `updated_at` timestamp NULL DEFAULT NULL,
  PRIMARY KEY (`id`),
  KEY `mastheads_slug_index` (`slug`)
) ENGINE=InnoDB DEFAULT CHARSET=utf8mb4 COLLATE=utf8mb4_unicode_ci;

LOCK TABLES `mastheads` WRITE;
/*!40000 ALTER TABLE `mastheads` DISABLE KEYS */;

INSERT INTO `mastheads` (`id`, `slug`, `image`, `created_at`, `updated_at`)
VALUES
	(1,'about','/files/mastheads/header_quem_somos.jpg','2017-12-06 19:14:32','2017-12-11 16:01:02'),
	(2,'packs','/files/mastheads/header_packs.jpg','2017-12-11 15:59:50','2017-12-11 16:00:34'),
	(3,'experiences','/files/mastheads/header_experiencias.jpg','2017-12-11 16:50:30','2017-12-11 16:50:30'),
	(4,'amenities','/files/mastheads/header_comodidades_2.jpg','2017-12-11 17:35:30','2018-03-22 10:00:06'),
	(5,'rooms-and-suites','/files/mastheads/header_quartos.jpg','2017-12-11 20:20:49','2017-12-11 20:20:49'),
	(6,'privacy-policy','/files/mastheads/header_quartos.jpg','2018-02-05 12:42:14','2018-02-05 12:42:14'),
	(7,'welfare','/files/mastheads/header_twin_conforto.jpg','2021-01-14 11:22:30','2021-01-14 11:22:30'),
	(8,'event','/files/mastheads/header_quem_somos.jpg','2021-01-19 13:02:57','2021-01-19 13:02:57'),
	(9,'sustainability','/files/mastheads/header_quem_somos.jpg',NULL,NULL);

/*!40000 ALTER TABLE `mastheads` ENABLE KEYS */;
UNLOCK TABLES;


# Dump of table messages
# ------------------------------------------------------------

DROP TABLE IF EXISTS `messages`;

CREATE TABLE `messages` (
  `id` int(10) unsigned NOT NULL AUTO_INCREMENT,
  `author` varchar(191) COLLATE utf8mb4_unicode_ci NOT NULL,
  `message` text COLLATE utf8mb4_unicode_ci NOT NULL,
  `date` date NOT NULL,
  `locale` varchar(2) COLLATE utf8mb4_unicode_ci NOT NULL,
  `priority` int(11) DEFAULT NULL,
  `publish` tinyint(1) NOT NULL,
  `created_at` timestamp NULL DEFAULT NULL,
  `updated_at` timestamp NULL DEFAULT NULL,
  PRIMARY KEY (`id`)
) ENGINE=InnoDB DEFAULT CHARSET=utf8mb4 COLLATE=utf8mb4_unicode_ci;

LOCK TABLES `messages` WRITE;
/*!40000 ALTER TABLE `messages` DISABLE KEYS */;

INSERT INTO `messages` (`id`, `author`, `message`, `date`, `locale`, `priority`, `publish`, `created_at`, `updated_at`)
VALUES
	(1,'Luís','...hotel moderno muito agradável para uma escapadinha de um ou dois dias soalheiros, de preferência!','2017-10-25','pt',0,1,'2017-12-04 17:33:36','2017-12-18 14:14:27'),
	(2,'Magda Santos','Gostámos de tudo, é o nosso hotel favorito, desde os funcionários muito atenciosos e simpáticos, aos quartos, ao pequeno almoço 5 estrelas!','2017-10-12','pt',0,1,'2017-12-04 17:37:56','2017-12-18 14:16:28'),
	(3,'Vera','Instalações modernas, zona de lazer 5*, piscina e jacuzzi a temperaturas perfeitas, quarto muito bem decorado e muito confortável, pequeno almoço muito variado e saboroso, os funcionários muito simpáticos e atenciosos, ótimas pizzas, tudo perfeito. A repetir com certeza!','2017-09-26','pt',0,1,'2017-12-04 17:33:36','2017-12-18 14:17:28'),
	(4,'Marco Silva','Muito calmo , ótimo para descansar. Acesso rápido a qualquer parte do hotel, como piscina sauna e etc . Pequeno almoço com uma grande variedade, sem nada a apontar, tal como o bar dispõe de refeições rápidas muito boas. Por fim um atendimento 5 estrelas, sempre muito simpáticos e atentos em todos os aspetos. Voltarei em breve sem dúvida nenhuma.','2017-09-15','pt',0,1,'2017-12-04 17:33:36','2017-12-18 14:18:21'),
	(6,'Luís (PT)','modern hotel very pleasant for a getaway of one or two sunny days, preferably!','2017-10-25','en',0,1,'2017-12-04 17:33:36','2018-09-26 11:18:38'),
	(7,'Magda Santos (PT)','We loved everything, it’s our favourite hotel, starting from all the staff very careful and nice, to the rooms, and the 5 stars breakfast!','2017-10-17','en',0,1,'2018-09-26 11:19:26','2018-09-26 11:20:30'),
	(8,'Vera (PT)','Moderns facilities, leisure area 5*, swimming pool and Jacuzzi with perfect temperatures, room very well decorated and very comfortable, breakfast very tasty and diverse, staff very nice and thoughtful, great pizzas, everything was perfect. Definitely to repeat!','2017-09-26','en',0,1,'2018-09-26 11:20:12','2018-09-26 11:20:12');

/*!40000 ALTER TABLE `messages` ENABLE KEYS */;
UNLOCK TABLES;


# Dump of table migrations
# ------------------------------------------------------------

DROP TABLE IF EXISTS `migrations`;

CREATE TABLE `migrations` (
  `id` int(10) unsigned NOT NULL AUTO_INCREMENT,
  `migration` varchar(191) COLLATE utf8mb4_unicode_ci NOT NULL,
  `batch` int(11) NOT NULL,
  PRIMARY KEY (`id`)
) ENGINE=InnoDB DEFAULT CHARSET=utf8mb4 COLLATE=utf8mb4_unicode_ci;

LOCK TABLES `migrations` WRITE;
/*!40000 ALTER TABLE `migrations` DISABLE KEYS */;

INSERT INTO `migrations` (`id`, `migration`, `batch`)
VALUES
	(1,'2014_10_12_000000_create_users_table',1),
	(2,'2014_10_12_100000_create_password_resets_table',1),
	(3,'2015_03_02_153205_create_file_types_table',1),
	(4,'2015_03_02_153246_create_files_tables',1),
	(5,'2017_10_18_102906_languagesAndPhrases',1),
	(6,'2017_10_18_151230_galleries',1),
	(7,'2017_10_18_151231_amenities',1),
	(8,'2017_10_18_151234_rooms',1),
	(9,'2017_10_18_165418_packs',1),
	(10,'2017_10_19_083609_experiences',1),
	(11,'2017_10_19_084336_availability_requests',1),
	(12,'2017_10_19_090943_contact_request',1),
	(13,'2017_11_23_105435_room_types',1),
	(14,'2017_11_23_110504_room_add_type',1),
	(15,'2017_11_23_122647_additional_description',1),
	(16,'2017_11_28_110921_frases',1),
	(18,'2017_11_30_151628_create_slides_table',2),
	(19,'2017_12_04_113211_create_bottom_slides_table',3),
	(20,'2017_12_04_120335_create_messages_table',4),
	(25,'2017_12_04_143937_create_simple_pages_table',5),
	(26,'2017_12_04_171757_create_blocks_table',6),
	(28,'2017_12_05_100410_create_promotions_table',7),
	(30,'2017_12_05_124110_create_pack_types_table',8),
	(32,'2017_12_05_150637_add_fields_to_packs',9),
	(33,'2017_12_05_152354_create_experience_types_table',10),
	(34,'2017_12_05_161136_add_fields_to_experiences',11),
	(35,'2017_12_05_164712_create_guest_services_table',12),
	(36,'2017_12_06_121630_create_mastheads_table',13),
	(38,'2017_12_06_143159_add_fields_to_amenities',14),
	(40,'2017_12_11_094125_add_fields_to_pack_types',15),
	(41,'2017_12_11_115829_add_fields_to_experience_types',16),
	(42,'2017_12_11_124018_add_fields_to_amenity_categories',17),
	(45,'2017_12_11_152957_add_fields_to_room_types',18),
	(49,'2017_12_12_105642_add_fields_to_rooms',19),
	(50,'2017_12_18_101035_create_spaces_table',20),
	(51,'2017_12_19_123017_add_excerpt_to_experiences',21),
	(52,'2017_12_20_171436_add_other_amenities_to_rooms',22),
	(53,'2017_12_21_142459_add_amenities_to_amenity_categories',23),
	(54,'2017_12_21_150521_remove_amenity_category_id_from_amenities',24),
	(55,'2017_12_21_151518_create_space_types_table',25),
	(56,'2017_12_21_161853_add_space_type_id_to_spaces',26),
	(57,'2017_12_22_095641_add_pack_id_to_spaces',27),
	(59,'2018_02_21_125639_add_gallery_id_to_spaces',28),
	(74,'2018_02_22_093613_create_room_price_intervals_table',29),
	(75,'2018_02_22_093627_create_room_prices_table',29),
	(76,'2018_02_22_163708_alter_rooms_table',29),
	(77,'2018_02_23_092932_create_pack_price_intervals_table',29),
	(78,'2018_02_23_092950_create_pack_prices_table',29),
	(79,'2018_02_23_113027_alter_packs_table',29),
	(81,'2018_02_28_094008_add_price_to_availability_requests',30),
	(83,'2018_02_28_105239_add_label_to_pack_translations',31),
	(84,'2018_02_28_105508_add_label_to_experience_translations',31),
	(85,'2018_02_28_121338_remove_columns_from_experiences',32),
	(86,'2018_02_28_123115_remove_columns_from_packs',33),
	(88,'2018_03_22_104526_add_url_to_spaces',34),
	(90,'2018_04_20_084330_create_pages_table',35),
	(91,'2018_04_20_135615_add_masthead_big_to_pages',36),
	(92,'2018_04_20_145253_add_max_guests_numeric_to_rooms',37),
	(93,'2018_04_20_145816_add_max_guests_numeric_to_packs',38);

/*!40000 ALTER TABLE `migrations` ENABLE KEYS */;
UNLOCK TABLES;


# Dump of table pack_experiences
# ------------------------------------------------------------

DROP TABLE IF EXISTS `pack_experiences`;

CREATE TABLE `pack_experiences` (
  `id` int(10) unsigned NOT NULL AUTO_INCREMENT,
  `pack_id` int(10) unsigned NOT NULL,
  `experience_id` int(10) unsigned NOT NULL,
  PRIMARY KEY (`id`),
  UNIQUE KEY `pack_experiences_pack_id_experience_id_unique` (`pack_id`,`experience_id`),
  KEY `pack_experiences_experience_id_foreign` (`experience_id`),
  CONSTRAINT `pack_experiences_experience_id_foreign` FOREIGN KEY (`experience_id`) REFERENCES `experiences` (`id`) ON DELETE CASCADE,
  CONSTRAINT `pack_experiences_pack_id_foreign` FOREIGN KEY (`pack_id`) REFERENCES `packs` (`id`) ON DELETE CASCADE
) ENGINE=InnoDB DEFAULT CHARSET=utf8mb4 COLLATE=utf8mb4_unicode_ci;



# Dump of table pack_price_intervals
# ------------------------------------------------------------

DROP TABLE IF EXISTS `pack_price_intervals`;

CREATE TABLE `pack_price_intervals` (
  `id` int(10) unsigned NOT NULL AUTO_INCREMENT,
  `name` varchar(191) COLLATE utf8mb4_unicode_ci DEFAULT NULL,
  `pack_id` int(11) NOT NULL,
  `created_at` timestamp NULL DEFAULT NULL,
  `updated_at` timestamp NULL DEFAULT NULL,
  PRIMARY KEY (`id`),
  KEY `pack_price_intervals_pack_id_index` (`pack_id`)
) ENGINE=MyISAM DEFAULT CHARSET=utf8mb4 COLLATE=utf8mb4_unicode_ci;

LOCK TABLES `pack_price_intervals` WRITE;
/*!40000 ALTER TABLE `pack_price_intervals` DISABLE KEYS */;

INSERT INTO `pack_price_intervals` (`id`, `name`, `pack_id`, `created_at`, `updated_at`)
VALUES
	(1,'Época Alta',5,'2018-02-28 09:08:30','2018-02-28 09:08:30'),
	(2,'Época Alta',6,'2018-02-28 09:09:29','2018-02-28 09:09:29'),
	(3,'Época Alta',5,'2018-12-04 10:59:33','2018-12-04 10:59:33'),
	(4,'Época Alta',6,'2018-12-04 11:00:06','2018-12-04 11:00:06'),
	(7,'Fev-19 - 15/16',6,'2019-01-31 14:46:41','2019-01-31 14:46:41'),
	(8,'Mar-19 - 5/9',6,'2019-01-31 14:47:17','2019-01-31 14:47:17'),
	(9,'Mar-19 - 22/23',6,'2019-01-31 14:47:34','2019-01-31 14:47:34'),
	(10,'Abr-19 - 18/21',6,'2019-01-31 14:47:55','2019-01-31 14:47:55'),
	(11,'Abr-19 - 25/27',6,'2019-01-31 14:48:15','2019-01-31 14:48:15'),
	(12,'Mai-19 - 3/4',6,'2019-01-31 14:48:30','2019-01-31 14:48:30'),
	(13,'Jun-19 - 8/10',6,'2019-01-31 14:48:55','2019-01-31 14:48:55'),
	(14,'Jun-19 - 13/15',6,'2019-01-31 14:49:12','2019-01-31 14:49:12'),
	(15,'Jun-19 - 20/22',6,'2019-01-31 14:51:33','2019-01-31 14:51:33'),
	(16,'Ago-19 - 15/17',6,'2019-01-31 14:51:50','2019-01-31 14:51:50'),
	(17,'Out-19 - 4/5',6,'2019-01-31 14:52:26','2019-01-31 14:52:26'),
	(18,'Out-19 - 31',6,'2019-01-31 14:52:49','2019-01-31 14:52:49'),
	(19,'Nov-19 - 1/2',6,'2019-01-31 14:53:09','2019-01-31 14:53:09'),
	(20,'Jan-20 - 1',6,'2019-01-31 16:22:03','2019-01-31 16:22:03'),
	(21,'Fev-19 - 15/16',5,'2019-01-31 16:24:29','2019-01-31 16:24:29'),
	(22,'Fev-19 - 15/16',5,'2019-01-31 16:24:31','2019-01-31 16:24:31'),
	(23,'Mar-19 - 5/9',5,'2019-01-31 16:25:29','2019-01-31 16:25:29'),
	(24,'Mar-19 - 22/23',5,'2019-01-31 16:25:49','2019-01-31 16:25:49'),
	(25,'Abr-19 - 18/21',5,'2019-01-31 16:26:08','2019-01-31 16:26:08'),
	(26,'Abr-19 - 25/27',5,'2019-01-31 16:26:27','2019-01-31 16:26:27'),
	(27,'Mai-19 - 3/4',5,'2019-01-31 16:26:45','2019-01-31 16:26:45'),
	(28,'Jun-19 - 8/10',5,'2019-01-31 16:27:05','2019-01-31 16:27:05'),
	(29,'Jun-19 - 13/15',5,'2019-01-31 16:27:26','2019-01-31 16:27:26'),
	(30,'Jun-19 - 20/22',5,'2019-01-31 16:28:10','2019-01-31 16:28:10'),
	(31,'Ago-19 - 15/17',5,'2019-01-31 16:28:33','2019-01-31 16:28:33'),
	(32,'Out-19 - 4/5',5,'2019-01-31 16:28:55','2019-01-31 16:28:55'),
	(33,'Out-19 - 31',5,'2019-01-31 16:29:14','2019-01-31 16:29:14'),
	(34,'Nov-19 - 1/2',5,'2019-01-31 16:29:35','2019-01-31 16:29:35'),
	(35,'Jan-20 - 1',5,'2019-01-31 16:29:54','2019-01-31 16:29:54'),
	(36,'Reveillon',5,'2019-01-31 18:10:37','2019-01-31 18:11:44'),
	(37,'Reveillon',6,'2019-01-31 18:12:26','2019-01-31 18:12:26'),
	(38,'Época baixa',7,'2021-01-27 09:53:09','2021-01-27 09:53:09'),
	(39,'Época alta',7,'2021-01-27 09:54:00','2021-01-27 09:54:00');

/*!40000 ALTER TABLE `pack_price_intervals` ENABLE KEYS */;
UNLOCK TABLES;


# Dump of table pack_prices
# ------------------------------------------------------------

DROP TABLE IF EXISTS `pack_prices`;

CREATE TABLE `pack_prices` (
  `date` date NOT NULL,
  `pack_price_interval_id` int(11) NOT NULL,
  `price` int(11) NOT NULL,
  `priority` int(11) DEFAULT 0,
  PRIMARY KEY (`date`,`pack_price_interval_id`)
) ENGINE=MyISAM DEFAULT CHARSET=utf8mb4 COLLATE=utf8mb4_unicode_ci;

LOCK TABLES `pack_prices` WRITE;
/*!40000 ALTER TABLE `pack_prices` DISABLE KEYS */;

INSERT INTO `pack_prices` (`date`, `pack_price_interval_id`, `price`, `priority`)
VALUES
	('2018-09-10',1,199,0),
	('2018-09-09',1,199,0),
	('2018-09-08',1,199,0),
	('2018-09-07',1,199,0),
	('2018-09-06',1,199,0),
	('2018-09-05',1,199,0),
	('2018-09-04',1,199,0),
	('2018-09-03',1,199,0),
	('2018-09-02',1,199,0),
	('2018-09-01',1,199,0),
	('2018-08-31',1,199,0),
	('2018-08-30',1,199,0),
	('2018-08-29',1,199,0),
	('2018-08-28',1,199,0),
	('2018-08-27',1,199,0),
	('2018-08-26',1,199,0),
	('2018-08-25',1,199,0),
	('2018-08-24',1,199,0),
	('2018-08-23',1,199,0),
	('2018-08-22',1,199,0),
	('2018-08-21',1,199,0),
	('2018-08-20',1,199,0),
	('2018-08-19',1,199,0),
	('2018-08-18',1,199,0),
	('2018-08-17',1,199,0),
	('2018-08-16',1,199,0),
	('2018-08-15',1,199,0),
	('2018-08-14',1,199,0),
	('2018-08-13',1,199,0),
	('2018-08-12',1,199,0),
	('2018-08-11',1,199,0),
	('2018-08-10',1,199,0),
	('2018-08-09',1,199,0),
	('2018-08-08',1,199,0),
	('2018-08-07',1,199,0),
	('2018-08-06',1,199,0),
	('2018-08-05',1,199,0),
	('2018-08-04',1,199,0),
	('2018-08-03',1,199,0),
	('2018-08-02',1,199,0),
	('2018-08-01',1,199,0),
	('2018-07-31',1,199,0),
	('2018-07-30',1,199,0),
	('2018-07-29',1,199,0),
	('2018-07-28',1,199,0),
	('2018-07-27',1,199,0),
	('2018-07-26',1,199,0),
	('2018-07-25',1,199,0),
	('2018-07-24',1,199,0),
	('2018-07-23',1,199,0),
	('2018-07-22',1,199,0),
	('2018-07-21',1,199,0),
	('2018-07-20',1,199,0),
	('2018-07-19',1,199,0),
	('2018-07-18',1,199,0),
	('2018-07-17',1,199,0),
	('2018-07-16',1,199,0),
	('2018-07-15',1,199,0),
	('2018-07-14',1,199,0),
	('2018-07-13',1,199,0),
	('2018-07-12',1,199,0),
	('2018-07-11',1,199,0),
	('2018-07-10',1,199,0),
	('2018-07-09',1,199,0),
	('2018-07-08',1,199,0),
	('2018-07-07',1,199,0),
	('2018-07-06',1,199,0),
	('2018-07-05',1,199,0),
	('2018-07-04',1,199,0),
	('2018-07-03',1,199,0),
	('2018-07-02',1,199,0),
	('2018-07-01',1,199,0),
	('2018-06-30',1,199,0),
	('2018-06-29',1,199,0),
	('2018-06-28',1,199,0),
	('2018-06-27',1,199,0),
	('2018-06-26',1,199,0),
	('2018-06-25',1,199,0),
	('2018-06-24',1,199,0),
	('2018-06-23',1,199,0),
	('2018-06-22',1,199,0),
	('2018-06-21',1,199,0),
	('2018-06-20',1,199,0),
	('2018-06-19',1,199,0),
	('2018-06-18',1,199,0),
	('2018-06-17',1,199,0),
	('2018-06-16',1,199,0),
	('2018-06-15',1,199,0),
	('2018-09-10',2,198,0),
	('2018-09-09',2,198,0),
	('2018-09-08',2,198,0),
	('2018-09-07',2,198,0),
	('2018-09-06',2,198,0),
	('2018-09-05',2,198,0),
	('2018-09-04',2,198,0),
	('2018-09-03',2,198,0),
	('2018-09-02',2,198,0),
	('2018-09-01',2,198,0),
	('2018-08-31',2,198,0),
	('2018-08-30',2,198,0),
	('2018-08-29',2,198,0),
	('2018-08-28',2,198,0),
	('2018-08-27',2,198,0),
	('2018-08-26',2,198,0),
	('2018-08-25',2,198,0),
	('2018-08-24',2,198,0),
	('2018-08-23',2,198,0),
	('2018-08-22',2,198,0),
	('2018-08-21',2,198,0),
	('2018-08-20',2,198,0),
	('2018-08-19',2,198,0),
	('2018-08-18',2,198,0),
	('2018-08-17',2,198,0),
	('2018-08-16',2,198,0),
	('2018-08-15',2,198,0),
	('2018-08-14',2,198,0),
	('2018-08-13',2,198,0),
	('2018-08-12',2,198,0),
	('2018-08-11',2,198,0),
	('2018-08-10',2,198,0),
	('2018-08-09',2,198,0),
	('2018-08-08',2,198,0),
	('2018-08-07',2,198,0),
	('2018-08-06',2,198,0),
	('2018-08-05',2,198,0),
	('2018-08-04',2,198,0),
	('2018-08-03',2,198,0),
	('2018-08-02',2,198,0),
	('2018-08-01',2,198,0),
	('2018-07-31',2,198,0),
	('2018-07-30',2,198,0),
	('2018-07-29',2,198,0),
	('2018-07-28',2,198,0),
	('2018-07-27',2,198,0),
	('2018-07-26',2,198,0),
	('2018-07-25',2,198,0),
	('2018-07-24',2,198,0),
	('2018-07-23',2,198,0),
	('2018-07-22',2,198,0),
	('2018-07-21',2,198,0),
	('2018-07-20',2,198,0),
	('2018-07-19',2,198,0),
	('2018-07-18',2,198,0),
	('2018-07-17',2,198,0),
	('2018-07-16',2,198,0),
	('2018-07-15',2,198,0),
	('2018-07-14',2,198,0),
	('2018-07-13',2,198,0),
	('2018-07-12',2,198,0),
	('2018-07-11',2,198,0),
	('2018-07-10',2,198,0),
	('2018-07-09',2,198,0),
	('2018-07-08',2,198,0),
	('2018-07-07',2,198,0),
	('2018-07-06',2,198,0),
	('2018-07-05',2,198,0),
	('2018-07-04',2,198,0),
	('2018-07-03',2,198,0),
	('2018-07-02',2,198,0),
	('2018-07-01',2,198,0),
	('2018-06-30',2,198,0),
	('2018-06-29',2,198,0),
	('2018-06-28',2,198,0),
	('2018-06-27',2,198,0),
	('2018-06-26',2,198,0),
	('2018-06-25',2,198,0),
	('2018-06-24',2,198,0),
	('2018-06-23',2,198,0),
	('2018-06-22',2,198,0),
	('2018-06-21',2,198,0),
	('2018-06-20',2,198,0),
	('2018-06-19',2,198,0),
	('2018-06-18',2,198,0),
	('2018-06-17',2,198,0),
	('2018-06-16',2,198,0),
	('2018-06-15',2,198,0),
	('2019-06-01',3,199,0),
	('2019-06-02',3,199,0),
	('2019-06-03',3,199,0),
	('2019-06-04',3,199,0),
	('2019-06-05',3,199,0),
	('2019-06-06',3,199,0),
	('2019-06-07',3,199,0),
	('2019-06-08',3,199,0),
	('2019-06-09',3,199,0),
	('2019-06-10',3,199,0),
	('2019-06-11',3,199,0),
	('2019-06-12',3,199,0),
	('2019-06-13',3,199,0),
	('2019-06-14',3,199,0),
	('2019-06-15',3,199,0),
	('2019-06-16',3,199,0),
	('2019-06-17',3,199,0),
	('2019-06-18',3,199,0),
	('2019-06-19',3,199,0),
	('2019-06-20',3,199,0),
	('2019-06-21',3,199,0),
	('2019-06-22',3,199,0),
	('2019-06-23',3,199,0),
	('2019-06-24',3,199,0),
	('2019-06-25',3,199,0),
	('2019-06-26',3,199,0),
	('2019-06-27',3,199,0),
	('2019-06-28',3,199,0),
	('2019-06-29',3,199,0),
	('2019-06-30',3,199,0),
	('2019-07-01',3,199,0),
	('2019-07-02',3,199,0),
	('2019-07-03',3,199,0),
	('2019-07-04',3,199,0),
	('2019-07-05',3,199,0),
	('2019-07-06',3,199,0),
	('2019-07-07',3,199,0),
	('2019-07-08',3,199,0),
	('2019-07-09',3,199,0),
	('2019-07-10',3,199,0),
	('2019-07-11',3,199,0),
	('2019-07-12',3,199,0),
	('2019-07-13',3,199,0),
	('2019-07-14',3,199,0),
	('2019-07-15',3,199,0),
	('2019-07-16',3,199,0),
	('2019-07-17',3,199,0),
	('2019-07-18',3,199,0),
	('2019-07-19',3,199,0),
	('2019-07-20',3,199,0),
	('2019-07-21',3,199,0),
	('2019-07-22',3,199,0),
	('2019-07-23',3,199,0),
	('2019-07-24',3,199,0),
	('2019-07-25',3,199,0),
	('2019-07-26',3,199,0),
	('2019-07-27',3,199,0),
	('2019-07-28',3,199,0),
	('2019-07-29',3,199,0),
	('2019-07-30',3,199,0),
	('2019-07-31',3,199,0),
	('2019-08-01',3,199,0),
	('2019-08-02',3,199,0),
	('2019-08-03',3,199,0),
	('2019-08-04',3,199,0),
	('2019-08-05',3,199,0),
	('2019-08-06',3,199,0),
	('2019-08-07',3,199,0),
	('2019-08-08',3,199,0),
	('2019-08-09',3,199,0),
	('2019-08-10',3,199,0),
	('2019-08-11',3,199,0),
	('2019-08-12',3,199,0),
	('2019-08-13',3,199,0),
	('2019-08-14',3,199,0),
	('2019-08-15',3,199,0),
	('2019-08-16',3,199,0),
	('2019-08-17',3,199,0),
	('2019-08-18',3,199,0),
	('2019-08-19',3,199,0),
	('2019-08-20',3,199,0),
	('2019-08-21',3,199,0),
	('2019-08-22',3,199,0),
	('2019-08-23',3,199,0),
	('2019-08-24',3,199,0),
	('2019-08-25',3,199,0),
	('2019-08-26',3,199,0),
	('2019-08-27',3,199,0),
	('2019-08-28',3,199,0),
	('2019-08-29',3,199,0),
	('2019-08-30',3,199,0),
	('2019-08-31',3,199,0),
	('2019-09-01',3,199,0),
	('2019-09-02',3,199,0),
	('2019-09-03',3,199,0),
	('2019-09-04',3,199,0),
	('2019-09-05',3,199,0),
	('2019-09-06',3,199,0),
	('2019-09-07',3,199,0),
	('2019-09-08',3,199,0),
	('2019-09-09',3,199,0),
	('2019-09-10',3,199,0),
	('2019-06-01',4,198,0),
	('2019-06-02',4,198,0),
	('2019-06-03',4,198,0),
	('2019-06-04',4,198,0),
	('2019-06-05',4,198,0),
	('2019-06-06',4,198,0),
	('2019-06-07',4,198,0),
	('2019-06-08',4,198,0),
	('2019-06-09',4,198,0),
	('2019-06-10',4,198,0),
	('2019-06-11',4,198,0),
	('2019-06-12',4,198,0),
	('2019-06-13',4,198,0),
	('2019-06-14',4,198,0),
	('2019-06-15',4,198,0),
	('2019-06-16',4,198,0),
	('2019-06-17',4,198,0),
	('2019-06-18',4,198,0),
	('2019-06-19',4,198,0),
	('2019-06-20',4,198,0),
	('2019-06-21',4,198,0),
	('2019-06-22',4,198,0),
	('2019-06-23',4,198,0),
	('2019-06-24',4,198,0),
	('2019-06-25',4,198,0),
	('2019-06-26',4,198,0),
	('2019-06-27',4,198,0),
	('2019-06-28',4,198,0),
	('2019-06-29',4,198,0),
	('2019-06-30',4,198,0),
	('2019-07-01',4,198,0),
	('2019-07-02',4,198,0),
	('2019-07-03',4,198,0),
	('2019-07-04',4,198,0),
	('2019-07-05',4,198,0),
	('2019-07-06',4,198,0),
	('2019-07-07',4,198,0),
	('2019-07-08',4,198,0),
	('2019-07-09',4,198,0),
	('2019-07-10',4,198,0),
	('2019-07-11',4,198,0),
	('2019-07-12',4,198,0),
	('2019-07-13',4,198,0),
	('2019-07-14',4,198,0),
	('2019-07-15',4,198,0),
	('2019-07-16',4,198,0),
	('2019-07-17',4,198,0),
	('2019-07-18',4,198,0),
	('2019-07-19',4,198,0),
	('2019-07-20',4,198,0),
	('2019-07-21',4,198,0),
	('2019-07-22',4,198,0),
	('2019-07-23',4,198,0),
	('2019-07-24',4,198,0),
	('2019-07-25',4,198,0),
	('2019-07-26',4,198,0),
	('2019-07-27',4,198,0),
	('2019-07-28',4,198,0),
	('2019-07-29',4,198,0),
	('2019-07-30',4,198,0),
	('2019-07-31',4,198,0),
	('2019-08-01',4,198,0),
	('2019-08-02',4,198,0),
	('2019-08-03',4,198,0),
	('2019-08-04',4,198,0),
	('2019-08-05',4,198,0),
	('2019-08-06',4,198,0),
	('2019-08-07',4,198,0),
	('2019-08-08',4,198,0),
	('2019-08-09',4,198,0),
	('2019-08-10',4,198,0),
	('2019-08-11',4,198,0),
	('2019-08-12',4,198,0),
	('2019-08-13',4,198,0),
	('2019-08-14',4,198,0),
	('2019-08-15',4,198,0),
	('2019-08-16',4,198,0),
	('2019-08-17',4,198,0),
	('2019-08-18',4,198,0),
	('2019-08-19',4,198,0),
	('2019-08-20',4,198,0),
	('2019-08-21',4,198,0),
	('2019-08-22',4,198,0),
	('2019-08-23',4,198,0),
	('2019-08-24',4,198,0),
	('2019-08-25',4,198,0),
	('2019-08-26',4,198,0),
	('2019-08-27',4,198,0),
	('2019-08-28',4,198,0),
	('2019-08-29',4,198,0),
	('2019-08-30',4,198,0),
	('2019-08-31',4,198,0),
	('2019-09-01',4,198,0),
	('2019-09-02',4,198,0),
	('2019-09-03',4,198,0),
	('2019-09-04',4,198,0),
	('2019-09-05',4,198,0),
	('2019-09-06',4,198,0),
	('2019-09-07',4,198,0),
	('2019-09-08',4,198,0),
	('2019-09-09',4,198,0),
	('2019-09-10',4,198,0),
	('2019-02-16',7,149,NULL),
	('2019-02-15',7,149,NULL),
	('2019-03-05',8,149,NULL),
	('2019-03-06',8,149,NULL),
	('2019-03-07',8,149,NULL),
	('2019-03-08',8,149,NULL),
	('2019-03-09',8,149,NULL),
	('2019-03-22',9,149,NULL),
	('2019-03-23',9,149,NULL),
	('2019-04-18',10,149,NULL),
	('2019-04-19',10,149,NULL),
	('2019-04-20',10,149,NULL),
	('2019-04-21',10,149,NULL),
	('2019-04-25',11,149,NULL),
	('2019-04-26',11,149,NULL),
	('2019-04-27',11,149,NULL),
	('2019-05-03',12,149,NULL),
	('2019-05-04',12,149,NULL),
	('2019-06-10',13,208,100),
	('2019-06-09',13,208,100),
	('2019-06-08',13,208,100),
	('2019-06-15',14,208,100),
	('2019-06-14',14,208,100),
	('2019-06-13',14,208,100),
	('2019-06-20',15,208,100),
	('2019-06-21',15,208,100),
	('2019-06-22',15,208,100),
	('2019-08-15',16,208,100),
	('2019-08-16',16,208,100),
	('2019-08-17',16,208,100),
	('2019-10-04',17,149,NULL),
	('2019-10-05',17,149,NULL),
	('2019-10-31',18,149,NULL),
	('2019-11-01',19,149,NULL),
	('2019-11-02',19,149,NULL),
	('2020-01-01',20,149,NULL),
	('2019-02-15',21,136,NULL),
	('2019-02-16',21,136,NULL),
	('2019-02-15',22,136,NULL),
	('2019-02-16',22,136,NULL),
	('2019-03-05',23,136,NULL),
	('2019-03-06',23,136,NULL),
	('2019-03-07',23,136,NULL),
	('2019-03-08',23,136,NULL),
	('2019-03-09',23,136,NULL),
	('2019-03-22',24,136,NULL),
	('2019-03-23',24,136,NULL),
	('2019-04-18',25,136,NULL),
	('2019-04-19',25,136,NULL),
	('2019-04-20',25,136,NULL),
	('2019-04-21',25,136,NULL),
	('2019-04-25',26,136,NULL),
	('2019-04-26',26,136,NULL),
	('2019-04-27',26,136,NULL),
	('2019-05-03',27,136,NULL),
	('2019-05-04',27,136,NULL),
	('2019-06-10',28,209,100),
	('2019-06-09',28,209,100),
	('2019-06-08',28,209,100),
	('2019-06-15',29,209,100),
	('2019-06-14',29,209,100),
	('2019-06-13',29,209,100),
	('2019-06-20',30,209,100),
	('2019-06-21',30,209,100),
	('2019-06-22',30,209,100),
	('2019-08-15',31,209,100),
	('2019-08-16',31,209,100),
	('2019-08-17',31,209,100),
	('2019-10-04',32,136,NULL),
	('2019-10-05',32,136,NULL),
	('2019-10-31',33,136,NULL),
	('2019-11-01',34,136,NULL),
	('2019-11-02',34,136,NULL),
	('2020-01-01',35,136,NULL),
	('2019-12-31',36,0,NULL),
	('2019-12-31',37,0,NULL),
	('2021-01-05',38,284,1),
	('2021-01-06',38,284,1),
	('2021-01-07',38,284,1),
	('2021-01-08',38,284,1),
	('2021-01-09',38,284,1),
	('2021-01-10',38,284,1),
	('2021-01-11',38,284,1),
	('2021-01-12',38,284,1),
	('2021-01-13',38,284,1),
	('2021-01-14',38,284,1),
	('2021-01-15',38,284,1),
	('2021-01-16',38,284,1),
	('2021-01-17',38,284,1),
	('2021-01-18',38,284,1),
	('2021-01-19',38,284,1),
	('2021-01-20',38,284,1),
	('2021-01-21',38,284,1),
	('2021-01-22',38,284,1),
	('2021-01-23',38,284,1),
	('2021-01-24',38,284,1),
	('2021-01-25',38,284,1),
	('2021-01-26',38,284,1),
	('2021-01-27',38,284,1),
	('2021-01-28',38,284,1),
	('2021-01-29',38,284,1),
	('2021-01-30',38,284,1),
	('2021-01-31',38,284,1),
	('2021-02-01',38,284,1),
	('2021-02-02',38,284,1),
	('2021-02-03',38,284,1),
	('2021-02-04',38,284,1),
	('2021-02-05',38,284,1),
	('2021-02-06',38,284,1),
	('2021-02-07',38,284,1),
	('2021-02-08',38,284,1),
	('2021-02-09',38,284,1),
	('2021-02-10',38,284,1),
	('2021-02-11',38,284,1),
	('2021-02-12',38,284,1),
	('2021-02-13',38,284,1),
	('2021-02-14',38,284,1),
	('2021-02-15',38,284,1),
	('2021-02-16',38,284,1),
	('2021-02-17',38,284,1),
	('2021-02-18',38,284,1),
	('2021-02-19',38,284,1),
	('2021-02-20',38,284,1),
	('2021-02-21',38,284,1),
	('2021-02-22',38,284,1),
	('2021-02-23',38,284,1),
	('2021-02-24',38,284,1),
	('2021-02-25',38,284,1),
	('2021-02-26',38,284,1),
	('2021-02-27',38,284,1),
	('2021-02-28',38,284,1),
	('2021-03-01',38,284,1),
	('2021-03-02',38,284,1),
	('2021-03-03',38,284,1),
	('2021-03-04',38,284,1),
	('2021-03-05',38,284,1),
	('2021-03-06',38,284,1),
	('2021-03-07',38,284,1),
	('2021-03-08',38,284,1),
	('2021-03-09',38,284,1),
	('2021-03-10',38,284,1),
	('2021-03-11',38,284,1),
	('2021-03-12',38,284,1),
	('2021-03-13',38,284,1),
	('2021-03-14',38,284,1),
	('2021-03-15',38,284,1),
	('2021-03-16',38,284,1),
	('2021-03-17',38,284,1),
	('2021-03-18',38,284,1),
	('2021-03-19',38,284,1),
	('2021-03-20',38,284,1),
	('2021-03-21',38,284,1),
	('2021-03-22',38,284,1),
	('2021-03-23',38,284,1),
	('2021-03-24',38,284,1),
	('2021-03-25',38,284,1),
	('2021-03-26',38,284,1),
	('2021-03-27',38,284,1),
	('2021-03-28',38,284,1),
	('2021-03-29',38,284,1),
	('2021-03-30',38,284,1),
	('2021-03-31',38,284,1),
	('2021-04-01',38,284,1),
	('2021-04-02',38,284,1),
	('2021-04-03',38,284,1),
	('2021-04-04',38,284,1),
	('2021-04-05',38,284,1),
	('2021-04-06',38,284,1),
	('2021-04-07',38,284,1),
	('2021-04-08',38,284,1),
	('2021-04-09',38,284,1),
	('2021-04-10',38,284,1),
	('2021-04-11',38,284,1),
	('2021-04-12',38,284,1),
	('2021-04-13',38,284,1),
	('2021-04-14',38,284,1),
	('2021-04-15',38,284,1),
	('2021-04-16',38,284,1),
	('2021-04-17',38,284,1),
	('2021-04-18',38,284,1),
	('2021-04-19',38,284,1),
	('2021-04-20',38,284,1),
	('2021-04-21',38,284,1),
	('2021-04-22',38,284,1),
	('2021-04-23',38,284,1),
	('2021-04-24',38,284,1),
	('2021-04-25',38,284,1),
	('2021-04-26',38,284,1),
	('2021-04-27',38,284,1),
	('2021-04-28',38,284,1),
	('2021-04-29',38,284,1),
	('2021-04-30',38,284,1),
	('2021-05-01',38,284,1),
	('2021-05-02',38,284,1),
	('2021-05-03',38,284,1),
	('2021-05-04',38,284,1),
	('2021-05-05',38,284,1),
	('2021-05-06',38,284,1),
	('2021-05-07',38,284,1),
	('2021-05-08',38,284,1),
	('2021-05-09',38,284,1),
	('2021-05-10',38,284,1),
	('2021-05-11',38,284,1),
	('2021-05-12',38,284,1),
	('2021-05-13',38,284,1),
	('2021-05-14',38,284,1),
	('2021-05-15',38,284,1),
	('2021-05-16',38,284,1),
	('2021-05-17',38,284,1),
	('2021-05-18',38,284,1),
	('2021-05-19',38,284,1),
	('2021-05-20',38,284,1),
	('2021-05-21',38,284,1),
	('2021-05-22',38,284,1),
	('2021-05-23',38,284,1),
	('2021-05-24',38,284,1),
	('2021-05-25',38,284,1),
	('2021-05-26',38,284,1),
	('2021-05-27',38,284,1),
	('2021-05-28',38,284,1),
	('2021-05-29',38,284,1),
	('2021-05-30',38,284,1),
	('2021-05-31',38,284,1),
	('2021-06-01',38,284,1),
	('2021-06-02',38,284,1),
	('2021-06-03',38,284,1),
	('2021-06-04',38,284,1),
	('2021-06-05',38,284,1),
	('2021-06-11',39,364,NULL),
	('2021-06-12',39,364,NULL),
	('2021-06-13',39,364,NULL),
	('2021-06-14',39,364,NULL),
	('2021-06-15',39,364,NULL),
	('2021-06-16',39,364,NULL),
	('2021-06-17',39,364,NULL),
	('2021-06-18',39,364,NULL),
	('2021-06-19',39,364,NULL),
	('2021-06-20',39,364,NULL),
	('2021-06-21',39,364,NULL),
	('2021-06-22',39,364,NULL),
	('2021-06-23',39,364,NULL),
	('2021-06-24',39,364,NULL),
	('2021-06-25',39,364,NULL),
	('2021-06-26',39,364,NULL),
	('2021-06-27',39,364,NULL),
	('2021-06-28',39,364,NULL),
	('2021-06-29',39,364,NULL),
	('2021-06-30',39,364,NULL),
	('2021-07-01',39,364,NULL),
	('2021-07-02',39,364,NULL),
	('2021-07-03',39,364,NULL),
	('2021-07-04',39,364,NULL),
	('2021-07-05',39,364,NULL),
	('2021-07-06',39,364,NULL),
	('2021-07-07',39,364,NULL),
	('2021-07-08',39,364,NULL),
	('2021-07-09',39,364,NULL),
	('2021-07-10',39,364,NULL),
	('2021-07-11',39,364,NULL),
	('2021-07-12',39,364,NULL),
	('2021-07-13',39,364,NULL),
	('2021-07-14',39,364,NULL),
	('2021-07-15',39,364,NULL),
	('2021-07-16',39,364,NULL),
	('2021-07-17',39,364,NULL),
	('2021-07-18',39,364,NULL),
	('2021-07-19',39,364,NULL),
	('2021-07-20',39,364,NULL),
	('2021-07-21',39,364,NULL),
	('2021-07-22',39,364,NULL),
	('2021-07-23',39,364,NULL),
	('2021-07-24',39,364,NULL),
	('2021-07-25',39,364,NULL),
	('2021-07-26',39,364,NULL),
	('2021-07-27',39,364,NULL),
	('2021-07-28',39,364,NULL),
	('2021-07-29',39,364,NULL),
	('2021-07-30',39,364,NULL),
	('2021-07-31',39,364,NULL),
	('2021-08-01',39,364,NULL),
	('2021-08-02',39,364,NULL),
	('2021-08-03',39,364,NULL),
	('2021-08-04',39,364,NULL),
	('2021-08-05',39,364,NULL),
	('2021-08-06',39,364,NULL),
	('2021-08-07',39,364,NULL),
	('2021-08-08',39,364,NULL),
	('2021-08-09',39,364,NULL),
	('2021-08-10',39,364,NULL),
	('2021-08-11',39,364,NULL),
	('2021-08-12',39,364,NULL),
	('2021-08-13',39,364,NULL),
	('2021-08-14',39,364,NULL),
	('2021-08-15',39,364,NULL),
	('2021-08-16',39,364,NULL),
	('2021-08-17',39,364,NULL),
	('2021-08-18',39,364,NULL),
	('2021-08-19',39,364,NULL),
	('2021-08-20',39,364,NULL),
	('2021-08-21',39,364,NULL),
	('2021-08-22',39,364,NULL),
	('2021-08-23',39,364,NULL),
	('2021-08-24',39,364,NULL),
	('2021-08-25',39,364,NULL),
	('2021-08-26',39,364,NULL),
	('2021-08-27',39,364,NULL),
	('2021-08-28',39,364,NULL),
	('2021-08-29',39,364,NULL),
	('2021-08-30',39,364,NULL),
	('2021-08-31',39,364,NULL),
	('2021-09-01',39,364,NULL),
	('2021-09-02',39,364,NULL),
	('2021-09-03',39,364,NULL),
	('2021-09-04',39,364,NULL),
	('2021-09-05',39,364,NULL),
	('2021-09-06',39,364,NULL),
	('2021-09-07',39,364,NULL),
	('2021-09-08',39,364,NULL),
	('2021-09-09',39,364,NULL),
	('2021-09-10',39,364,NULL),
	('2021-09-11',39,364,NULL),
	('2021-09-12',39,364,NULL),
	('2021-09-13',39,364,NULL),
	('2021-09-14',39,364,NULL),
	('2021-09-15',39,364,NULL),
	('2021-09-16',39,364,NULL),
	('2021-09-17',39,364,NULL),
	('2021-09-18',39,364,NULL),
	('2021-09-19',39,364,NULL),
	('2021-09-20',39,364,NULL),
	('2021-09-21',39,364,NULL),
	('2021-09-22',39,364,NULL),
	('2021-09-23',39,364,NULL),
	('2021-09-24',39,364,NULL),
	('2021-09-25',39,364,NULL),
	('2021-09-26',39,364,NULL),
	('2021-09-27',39,364,NULL),
	('2021-09-28',39,364,NULL),
	('2021-09-29',39,364,NULL),
	('2021-09-30',39,364,NULL),
	('2021-10-01',39,364,NULL),
	('2021-10-02',39,364,NULL),
	('2021-10-03',39,364,NULL),
	('2021-10-04',39,364,NULL),
	('2021-10-05',39,364,NULL),
	('2021-10-06',39,364,NULL),
	('2021-10-07',39,364,NULL),
	('2021-10-08',39,364,NULL),
	('2021-10-09',39,364,NULL),
	('2021-10-10',39,364,NULL),
	('2021-10-11',39,364,NULL),
	('2021-10-12',39,364,NULL),
	('2021-10-13',39,364,NULL),
	('2021-10-14',39,364,NULL),
	('2021-10-15',39,364,NULL),
	('2021-10-16',39,364,NULL),
	('2021-10-17',39,364,NULL),
	('2021-10-18',39,364,NULL),
	('2021-10-19',39,364,NULL),
	('2021-10-20',39,364,NULL),
	('2021-10-21',39,364,NULL),
	('2021-10-22',39,364,NULL),
	('2021-10-23',39,364,NULL),
	('2021-10-24',39,364,NULL),
	('2021-10-25',39,364,NULL),
	('2021-10-26',39,364,NULL),
	('2021-10-27',39,364,NULL),
	('2021-10-28',39,364,NULL),
	('2021-10-29',39,364,NULL),
	('2021-10-30',39,364,NULL),
	('2021-10-31',39,364,NULL),
	('2021-11-01',39,364,NULL),
	('2021-11-02',39,364,NULL),
	('2021-11-03',39,364,NULL),
	('2021-11-04',39,364,NULL),
	('2021-11-05',39,364,NULL),
	('2021-11-06',39,364,NULL),
	('2021-11-07',39,364,NULL),
	('2021-11-08',39,364,NULL),
	('2021-11-09',39,364,NULL),
	('2021-11-10',39,364,NULL),
	('2021-11-11',39,364,NULL),
	('2021-11-12',39,364,NULL),
	('2021-11-13',39,364,NULL),
	('2021-11-14',39,364,NULL),
	('2021-11-15',39,364,NULL),
	('2021-11-16',39,364,NULL),
	('2021-11-17',39,364,NULL),
	('2021-11-18',39,364,NULL),
	('2021-11-19',39,364,NULL),
	('2021-11-20',39,364,NULL),
	('2021-11-21',39,364,NULL),
	('2021-11-22',39,364,NULL),
	('2021-11-23',39,364,NULL),
	('2021-11-24',39,364,NULL),
	('2021-11-25',39,364,NULL),
	('2021-11-26',39,364,NULL),
	('2021-11-27',39,364,NULL),
	('2021-11-28',39,364,NULL),
	('2021-11-29',39,364,NULL),
	('2021-11-30',39,364,NULL),
	('2021-12-01',39,364,NULL),
	('2021-12-02',39,364,NULL);

/*!40000 ALTER TABLE `pack_prices` ENABLE KEYS */;
UNLOCK TABLES;


# Dump of table pack_translations
# ------------------------------------------------------------

DROP TABLE IF EXISTS `pack_translations`;

CREATE TABLE `pack_translations` (
  `id` int(10) unsigned NOT NULL AUTO_INCREMENT,
  `pack_id` int(10) unsigned NOT NULL,
  `locale` char(2) COLLATE utf8mb4_unicode_ci NOT NULL,
  `name` varchar(191) COLLATE utf8mb4_unicode_ci NOT NULL,
  `label` varchar(191) COLLATE utf8mb4_unicode_ci DEFAULT NULL,
  `subtitle` varchar(191) COLLATE utf8mb4_unicode_ci DEFAULT NULL,
  `slug` varchar(191) COLLATE utf8mb4_unicode_ci NOT NULL,
  `description` text COLLATE utf8mb4_unicode_ci DEFAULT NULL,
  `includes` text COLLATE utf8mb4_unicode_ci DEFAULT NULL,
  `created_at` timestamp NULL DEFAULT NULL,
  `updated_at` timestamp NULL DEFAULT NULL,
  PRIMARY KEY (`id`),
  KEY `pack_translations_pack_id_foreign` (`pack_id`),
  KEY `pack_translations_locale_foreign` (`locale`),
  CONSTRAINT `pack_translations_locale_foreign` FOREIGN KEY (`locale`) REFERENCES `languages` (`slug`) ON DELETE CASCADE,
  CONSTRAINT `pack_translations_pack_id_foreign` FOREIGN KEY (`pack_id`) REFERENCES `packs` (`id`) ON DELETE CASCADE
) ENGINE=InnoDB DEFAULT CHARSET=utf8mb4 COLLATE=utf8mb4_unicode_ci;

LOCK TABLES `pack_translations` WRITE;
/*!40000 ALTER TABLE `pack_translations` DISABLE KEYS */;

INSERT INTO `pack_translations` (`id`, `pack_id`, `locale`, `name`, `label`, `subtitle`, `slug`, `description`, `includes`, `created_at`, `updated_at`)
VALUES
	(16,7,'en','Pack Amor por Inteiro',NULL,NULL,'pack-amor-por-inteiro','<p>desc</p>',NULL,'2021-01-26 15:30:52','2021-01-26 15:30:52'),
	(17,7,'pt','Momentos a dois para desconectar, ficar e amar.','Pack Amor por Inteiro','Inclui','pack-amor-por-inteiro','<p>Alojamento em Suite Deluxe Mar - Jacuzzi na Suite;<br />Decoração ambiente;<br />Vinho espumante;<br />Fruta com chocolate;<br />Bebida boas vindas no Bar &amp; Bistrô para dois;<br />Soberbo pequeno almoço buffet;<br />Acesso à piscina, jacuzzi, sauna, banho turco e ginásio;</p>',NULL,'2021-01-26 15:30:52','2021-01-26 15:54:53'),
	(18,8,'en','Amor e cumplicidade com todas as comodidades',NULL,NULL,'amor-e-cumplicidade-com-todas-as-comodidades','<p>desc</p>',NULL,'2021-01-26 15:37:55','2021-01-26 15:37:55'),
	(19,8,'pt','Amor e cumplicidade com todas as comodidades','Pack Luxúria & Paixão','Inclui','amor-e-cumplicidade-com-todas-as-comodidades','<p>Alojamento em Suite Well - Jacuzzi na Suite com Vista Privilegiada;<br />Decoração ambiente;<br />Champanhe Moët &amp; Chandon;<br />Fruta com chocolate;<br />Bombons;<br />Bebida boas vindas no Bar &amp; Bistrô para dois;<br />Soberbo pequeno almoço buffet;<br />Acesso à piscina, jacuzzi, sauna, banho turco e ginásio;</p>',NULL,'2021-01-26 15:37:55','2021-01-26 15:55:22'),
	(20,9,'en','Mime-se com momentos de absoluta tranquilidade',NULL,NULL,'mime-se-com-momentos-de-absoluta-tranquilidade','<p>desc</p>',NULL,'2021-01-26 15:43:51','2021-01-26 15:43:51'),
	(21,9,'pt','Mime-se com momentos de absoluta tranquilidade','Pack Relaxante','Inclui','mime-se-com-momentos-de-absoluta-tranquilidade','<p>Alojamento em Suite Deluxe Mar – Jacuzzi na Suite;<br />1 Massagem Well Relaxing Time por noite (necessário agendamento com 24h de antecedência);<br />Bebida de boas-vindas no Bar &amp; Bistrô;<br />Soberbo pequeno almoço buffet;<br />Acesso à piscina, jacuzzi, sauna, banho turco e ginásio;<br />10% desconto nos restantes tratamentos no SPA Moments of Wellness;</p>',NULL,'2021-01-26 15:43:51','2021-01-26 15:55:37'),
	(22,10,'en','Porque todos os momentos são mágicos.',NULL,NULL,'porque-todos-os-momentos-sao-magicos','<p>desc</p>',NULL,'2021-01-26 15:58:30','2021-01-26 15:58:30'),
	(23,10,'pt','Porque todos os momentos são mágicos.','Pack Adoraveis 60’s','Inclui','porque-todos-os-momentos-sao-magicos','<p>Alojamento em Quarto Duplo Mar ;</p>\r\n<p>Bebida de boas-vindas no Bar &amp; Bistrô;<br />Soberbo pequeno almoço buffet;<br />Acesso à piscina, jacuzzi, sauna, banho turco e ginásio;<br />10% desconto no valor do alojamento;</p>',NULL,'2021-01-26 15:58:30','2021-01-26 15:58:30');

/*!40000 ALTER TABLE `pack_translations` ENABLE KEYS */;
UNLOCK TABLES;


# Dump of table pack_type_translations
# ------------------------------------------------------------

DROP TABLE IF EXISTS `pack_type_translations`;

CREATE TABLE `pack_type_translations` (
  `id` int(10) unsigned NOT NULL AUTO_INCREMENT,
  `pack_type_id` int(10) unsigned NOT NULL,
  `slug` varchar(191) COLLATE utf8mb4_unicode_ci NOT NULL,
  `name` text COLLATE utf8mb4_unicode_ci NOT NULL,
  `locale` varchar(191) COLLATE utf8mb4_unicode_ci NOT NULL,
  PRIMARY KEY (`id`),
  UNIQUE KEY `pack_type_translations_pack_type_id_locale_unique` (`pack_type_id`,`locale`),
  KEY `pack_type_translations_slug_index` (`slug`),
  KEY `pack_type_translations_locale_index` (`locale`),
  CONSTRAINT `pack_type_translations_pack_type_id_foreign` FOREIGN KEY (`pack_type_id`) REFERENCES `pack_types` (`id`) ON DELETE CASCADE
) ENGINE=InnoDB DEFAULT CHARSET=utf8mb4 COLLATE=utf8mb4_unicode_ci;

LOCK TABLES `pack_type_translations` WRITE;
/*!40000 ALTER TABLE `pack_type_translations` DISABLE KEYS */;

INSERT INTO `pack_type_translations` (`id`, `pack_type_id`, `slug`, `name`, `locale`)
VALUES
	(2,1,'pack-sazonal','Pack Sazonal','pt'),
	(4,2,'pack-familiar','Pack Familiar','pt'),
	(6,3,'pack-bem-estar','Pack bem-estar','pt'),
	(8,4,'pack-romantico','Pack Romântico','pt'),
	(10,5,'pack-aventura','Pack Aventura','pt'),
	(11,1,'pack-sazonal','Pack Sazonal','en'),
	(12,2,'pack-familiar','Pack Familiar','en'),
	(13,3,'pack-bem-estar','Pack bem-estar','en'),
	(14,4,'pack-romantico','Pack Romântico','en'),
	(15,5,'pack-aventura','Pack Aventura','en');

/*!40000 ALTER TABLE `pack_type_translations` ENABLE KEYS */;
UNLOCK TABLES;


# Dump of table pack_types
# ------------------------------------------------------------

DROP TABLE IF EXISTS `pack_types`;

CREATE TABLE `pack_types` (
  `id` int(10) unsigned NOT NULL AUTO_INCREMENT,
  `publish` tinyint(1) NOT NULL,
  `priority` int(11) DEFAULT NULL,
  `created_at` timestamp NULL DEFAULT NULL,
  `updated_at` timestamp NULL DEFAULT NULL,
  PRIMARY KEY (`id`)
) ENGINE=InnoDB DEFAULT CHARSET=utf8mb4 COLLATE=utf8mb4_unicode_ci;

LOCK TABLES `pack_types` WRITE;
/*!40000 ALTER TABLE `pack_types` DISABLE KEYS */;

INSERT INTO `pack_types` (`id`, `publish`, `priority`, `created_at`, `updated_at`)
VALUES
	(1,1,100,'2017-12-05 20:03:13','2017-12-19 19:36:20'),
	(2,1,90,'2017-12-19 19:40:24','2017-12-19 19:40:24'),
	(3,1,80,'2017-12-19 19:46:26','2017-12-19 19:46:26'),
	(4,1,70,'2017-12-19 19:47:38','2017-12-19 19:47:38'),
	(5,1,60,'2017-12-19 19:48:48','2017-12-19 19:48:48');

/*!40000 ALTER TABLE `pack_types` ENABLE KEYS */;
UNLOCK TABLES;


# Dump of table packs
# ------------------------------------------------------------

DROP TABLE IF EXISTS `packs`;

CREATE TABLE `packs` (
  `id` int(10) unsigned NOT NULL AUTO_INCREMENT,
  `price` int(11) NOT NULL,
  `cover_image` varchar(191) COLLATE utf8mb4_unicode_ci DEFAULT NULL,
  `cover_image_2` varchar(191) COLLATE utf8mb4_unicode_ci DEFAULT NULL,
  `priority` int(11) DEFAULT NULL,
  `publish` tinyint(1) NOT NULL,
  `created_at` timestamp NULL DEFAULT NULL,
  `updated_at` timestamp NULL DEFAULT NULL,
  `deleted_at` timestamp NULL DEFAULT NULL,
  `max_guests_numeric` int(11) NOT NULL DEFAULT 1,
  `gallery_id` int(11) DEFAULT NULL,
  PRIMARY KEY (`id`)
) ENGINE=InnoDB DEFAULT CHARSET=utf8mb4 COLLATE=utf8mb4_unicode_ci;

LOCK TABLES `packs` WRITE;
/*!40000 ALTER TABLE `packs` DISABLE KEYS */;

INSERT INTO `packs` (`id`, `price`, `cover_image`, `cover_image_2`, `priority`, `publish`, `created_at`, `updated_at`, `deleted_at`, `max_guests_numeric`, `gallery_id`)
VALUES
	(7,0,'/files/gallery-image/api_c67a1504.jpg','/files/gallery-image/api_c67a1504.jpg',0,1,'2021-01-26 15:30:52','2021-01-26 15:31:50',NULL,2,22),
	(8,0,'/files/gallery-image/plp_c67a9710_editar___co__pia_editar.jpg','/files/gallery-image/plp_c67a9710_editar___co__pia_editar.jpg',0,1,'2021-01-26 15:37:55','2021-01-26 15:37:55',NULL,2,23),
	(9,0,'/files/gallery-image/c67a9163.jpg','/files/gallery-image/c67a9163.jpg',0,1,'2021-01-26 15:43:51','2021-01-26 15:43:51',NULL,2,24),
	(10,0,'/files/gallery-image/spa_mg_6750_2_tratada.jpg','/files/gallery-image/spa_mg_6750_2_tratada.jpg',0,1,'2021-01-26 15:58:30','2021-01-26 15:59:31',NULL,2,NULL);

/*!40000 ALTER TABLE `packs` ENABLE KEYS */;
UNLOCK TABLES;


# Dump of table pages
# ------------------------------------------------------------

DROP TABLE IF EXISTS `pages`;

CREATE TABLE `pages` (
  `id` int(10) unsigned NOT NULL AUTO_INCREMENT,
  `url` varchar(191) COLLATE utf8mb4_unicode_ci NOT NULL,
  `title` text COLLATE utf8mb4_unicode_ci NOT NULL,
  `name` varchar(191) COLLATE utf8mb4_unicode_ci DEFAULT NULL,
  `content` longtext COLLATE utf8mb4_unicode_ci DEFAULT NULL,
  `masthead_image` varchar(255) COLLATE utf8mb4_unicode_ci DEFAULT NULL,
  `masthead_big` tinyint(1) NOT NULL DEFAULT 1,
  `masthead_description` text COLLATE utf8mb4_unicode_ci DEFAULT NULL,
  `seo_title` varchar(70) COLLATE utf8mb4_unicode_ci DEFAULT NULL,
  `seo_description` varchar(156) COLLATE utf8mb4_unicode_ci DEFAULT NULL,
  `seo_image` varchar(255) COLLATE utf8mb4_unicode_ci DEFAULT NULL,
  `view` varchar(191) COLLATE utf8mb4_unicode_ci DEFAULT NULL,
  `locale` varchar(2) COLLATE utf8mb4_unicode_ci NOT NULL,
  `publish` tinyint(1) NOT NULL,
  `deleted_at` timestamp NULL DEFAULT NULL,
  `created_at` timestamp NULL DEFAULT NULL,
  `updated_at` timestamp NULL DEFAULT NULL,
  PRIMARY KEY (`id`),
  KEY `pages_url_index` (`url`)
) ENGINE=InnoDB DEFAULT CHARSET=utf8mb4 COLLATE=utf8mb4_unicode_ci;

LOCK TABLES `pages` WRITE;
/*!40000 ALTER TABLE `pages` DISABLE KEYS */;

INSERT INTO `pages` (`id`, `url`, `title`, `name`, `content`, `masthead_image`, `masthead_big`, `masthead_description`, `seo_title`, `seo_description`, `seo_image`, `view`, `locale`, `publish`, `deleted_at`, `created_at`, `updated_at`)
VALUES
	(1,'contactos','Contactos','Contactos','<h5>Morada</h5>\r\n<p>Rua Duque de Wellington no3, Praia do Porto Novo, <br />Vimeiro, Torres Vedras Maceira, 2560-100 Portugal</p>\r\n<h5>Telefones</h5>\r\n<p><a href=\"tel:+351261984472\">+351 261 984 472</a><br /><a href=\"tel:+351961358247\">+351 961 358 247</a> (Telemóvel)</p>\r\n<h5>Emails</h5>\r\n<p><a href=\"mailto:reservas@wellhotelportugal.com\">reservas@wellhotelportugal.com</a> </p>',NULL,0,NULL,NULL,NULL,NULL,'contacts','pt',1,NULL,'2018-04-20 11:27:19','2018-04-20 13:45:18'),
	(2,'politica-de-privacidade','Política de Privacidade','Política de Privacidade','<p>O sítio electrónico wellhotelportugal.com não recolhe automaticamente quaisquer informações pessoais do utilizador. A visita do utilizador a este sítio é levada a cabo de forma completamente anónima, exceptuando quaisquer áreas de acesso reservado que requeiram o registo do utilizador.</p>\r\n<p>Para alguns serviços, podem ser instalados cookies (ficheiro de texto guardado no computador do utilizador a fim de personalizar a sua visita) para contabilizar o número de visitas ao sítio. Os cookies não recolhem nem guardam qualquer informação de carácter pessoal do utilizador, e a sua instalação pode ser sempre controlada através do programa de navegação (browser) do utilizador.</p>\r\n<p>A informação pessoal voluntariamente fornecida pelo utilizador ao preencher um ou mais formulários deste sítio electrónico destina-se exclusivamente para tratamento por parte do Well Hotel e/ou dos anunciantes a quem a informação é dirigida. O Well Hotel nunca divulgará a informação recolhida a terceiros sem o prévio consentimento do utilizador, excepto quando tal informação seja solicitada por via judicial. A informação fornecida pelo utilizador apenas poderá ser utilizada para desenvolver mecanismos de personalização deste sítio e para o envio por correio electrónico de mensagens informativas e novidades sobre o próprio sítio.</p>\r\n<p>Esta Política de Privacidade pode ser eventualmente alterada no futuro, em cujo caso será apresentada nesta página. Para o esclarecimento de qualquer dúvida, por favor, envie uma mensagem de correio electrónico para <a href=\"mailto:geral@wellhotelportugal.com\">geral@wellhotelportugal.com</a>.</p>','/files/mastheads/header_quartos.jpg',0,NULL,NULL,NULL,NULL,NULL,'pt',1,NULL,'2018-04-20 11:31:55','2018-04-20 11:31:55'),
	(3,'dia-da-mae','Dia da mãe','Dia da mãe','<p>É o mais incondicional de todos os amores. Aquele que tudo dá sem nada pedir em troca. Aquele que está sempre lá, presente nos bons e nos maus momentos. </p>\r\n<p>Celebre o amor infinito no Well Hotel &amp; Spa e no fim-de-semana do Dia da Mãe, ofereça-lhe um mimo: estadia, jantar especial e tratamento de rosto.<br />A partir de 154€.</p>','/files/mastheads/header_dia_mae_2018_detalhe.jpg',1,NULL,NULL,NULL,NULL,NULL,'pt',1,NULL,'2018-04-20 13:49:05','2018-04-26 11:02:14'),
	(4,'contacts','Contacts','Contacts','<h5>Address</h5>\r\n<p>Rua Duque de Wellington no3, Praia do Porto Novo, <br />Vimeiro, Torres Vedras Maceira, 2560-100 Portugal</p>\r\n<h5>Telephones</h5>\r\n<p><a href=\"tel:+351261984472\">+351 261 984 472</a><br /><a href=\"tel:+351961358247\">+351 961 358 247</a> (Mobile Phone)</p>\r\n<h5>Emails</h5>\r\n<p><a href=\"mailto:reservas@wellhotelportugal.com\">reservas@wellhotelportugal.com</a> </p>',NULL,0,NULL,NULL,NULL,NULL,'contacts','en',1,NULL,'2018-04-20 11:27:19','2018-09-26 11:27:20'),
	(5,'privacy-policy','Política de Privacidade','Política de Privacidade','<p>O sítio electrónico wellhotelportugal.com não recolhe automaticamente quaisquer informações pessoais do utilizador. A visita do utilizador a este sítio é levada a cabo de forma completamente anónima, exceptuando quaisquer áreas de acesso reservado que requeiram o registo do utilizador.</p>\r\n<p>Para alguns serviços, podem ser instalados cookies (ficheiro de texto guardado no computador do utilizador a fim de personalizar a sua visita) para contabilizar o número de visitas ao sítio. Os cookies não recolhem nem guardam qualquer informação de carácter pessoal do utilizador, e a sua instalação pode ser sempre controlada através do programa de navegação (browser) do utilizador.</p>\r\n<p>A informação pessoal voluntariamente fornecida pelo utilizador ao preencher um ou mais formulários deste sítio electrónico destina-se exclusivamente para tratamento por parte do Well Hotel e/ou dos anunciantes a quem a informação é dirigida. O Well Hotel nunca divulgará a informação recolhida a terceiros sem o prévio consentimento do utilizador, excepto quando tal informação seja solicitada por via judicial. A informação fornecida pelo utilizador apenas poderá ser utilizada para desenvolver mecanismos de personalização deste sítio e para o envio por correio electrónico de mensagens informativas e novidades sobre o próprio sítio.</p>\r\n<p>Esta Política de Privacidade pode ser eventualmente alterada no futuro, em cujo caso será apresentada nesta página. Para o esclarecimento de qualquer dúvida, por favor, envie uma mensagem de correio electrónico para <a href=\"mailto:geral@wellhotelportugal.com\">geral@wellhotelportugal.com</a>.</p>','/files/mastheads/header_quartos.jpg',0,NULL,NULL,NULL,NULL,NULL,'en',1,NULL,'2018-04-20 11:31:55','2018-04-20 11:31:55'),
	(6,'a-noite-perfeita-no-sitio-perfeito','Pack Reveillon','Pack Reveillon','<p>- Aperitivo à chegada no nosso Bar &amp; Bistrô<br />- Jantar Buffet, composto por:<br /> - Entradas várias<br /> - 2 Sopas<br /> - 2 Pratos de Peixe <br /> - 2 Pratos de Carne<br /> - Mesa de Sobremesas, bolos e frutas<br /> - Bebidas à descrição durante o jantar (Aguas, Sumos, Cerveja, Vinho tinto, Vinho branco)<br /> - Café e digestivo (whisky Novo e Vinho do Porto)<br />- Ceia (Caldo Verde, Tabua de Queijos, Camarões)<br />- Música ao vivo durante e após o jantar <br />- Fogo de artificio na praia</p>','/files/mastheads/header_passagem_ano_2.jpg',1,'<p>A noite perfeita no sítio perfeito.</p>',NULL,NULL,NULL,NULL,'pt',1,NULL,'2018-11-20 11:11:14','2021-01-05 15:29:15'),
	(7,'hotel-restaurante','Restaurante Mar & Natura','Restaurante Mar & Natura','<p>O nosso menu exclusivo e criteriosamente selecionado não o deixará indiferente. <br /> <br /> As melhores iguarias da nossa região compõe de forma harmoniosa os nossos pratos. Carnes grelhadas de fazer água na boca, peixe da costa e deliciosas opções vegetarianas.<br /> <br /> Apostamos na qualidade, das entradas às sobremesas, temos o compromisso diário de o surpreender.<br /> <br /> O nosso Restaurante Mar &amp; Natura prima ainda pela proximidade da praia. Saboreie uma boa refeição enquanto desfruta da paisagem, asseguramos que a vista estará em sintonia com o sabor. <br /> <br /> O Restaurante Mar e Natura encontra-se em funcionamento para almoços das 13h00 às 16h00 e para jantares das 19h00 às 22h00.</p>\r\n<p> </p>\r\n<p>Esperamos por si!</p>','/files/mastheads/header_passagem_ano_2.jpg',1,NULL,NULL,NULL,NULL,NULL,'pt',1,NULL,'2021-01-18 16:51:29','2021-01-18 16:55:23'),
	(8,'hotel-bar','Bar & Bistrô by Well Hotel & Spa','Bar & Bistrô by Well Hotel & Spa','<p>Com um ambiente elegante e acolhedor, no nosso Bar &amp; Bistrô vai sentir-se em casa. Ideal para momentos de descontração ou de trabalho longe do stress diário. Com snacks saborosos e práticos ficará ao seu critério degustá-los dentro do nosso espaço, ou a dar um passeio pelo no areal.<br /> <br /> As bebidas também são premium no Well Hotel &amp; Spa, e por isso não deixe de experimentar os nossos cocktails, ou um bom copo de vinho enquanto se delicia com as nossas tão apreciadas tostas.<br /> <br /> O nosso Bar &amp; Bistrô encontra-se em funcionamento entre as 8h00 e a 1h00.<br /> <br /> Desfrute.</p>','/files/mastheads/header_comodidades_2.jpg',1,NULL,NULL,NULL,NULL,NULL,'pt',1,NULL,'2021-01-18 16:53:33','2021-01-18 16:53:33');

/*!40000 ALTER TABLE `pages` ENABLE KEYS */;
UNLOCK TABLES;


# Dump of table password_resets
# ------------------------------------------------------------

DROP TABLE IF EXISTS `password_resets`;

CREATE TABLE `password_resets` (
  `email` varchar(191) COLLATE utf8mb4_unicode_ci NOT NULL,
  `token` varchar(191) COLLATE utf8mb4_unicode_ci NOT NULL,
  `created_at` timestamp NULL DEFAULT NULL,
  KEY `password_resets_email_index` (`email`),
  KEY `password_resets_token_index` (`token`)
) ENGINE=InnoDB DEFAULT CHARSET=utf8mb4 COLLATE=utf8mb4_unicode_ci;

LOCK TABLES `password_resets` WRITE;
/*!40000 ALTER TABLE `password_resets` DISABLE KEYS */;

INSERT INTO `password_resets` (`email`, `token`, `created_at`)
VALUES
	('jorge.silva@slingshot.pt','$2y$10$.8/ZJHV2w6znn4OIhPs9Peh3RdaiZUYzcguU2ENKsnXTvP9uoZCSq','2020-12-22 12:07:38');

/*!40000 ALTER TABLE `password_resets` ENABLE KEYS */;
UNLOCK TABLES;


# Dump of table phrase_translations
# ------------------------------------------------------------

DROP TABLE IF EXISTS `phrase_translations`;

CREATE TABLE `phrase_translations` (
  `id` int(10) unsigned NOT NULL AUTO_INCREMENT,
  `phrase_id` int(10) unsigned NOT NULL,
  `locale` char(2) COLLATE utf8mb4_unicode_ci NOT NULL,
  `content` text COLLATE utf8mb4_unicode_ci NOT NULL,
  PRIMARY KEY (`id`),
  KEY `phrases_translations_phrase_id_foreign` (`phrase_id`),
  KEY `phrases_translations_locale_foreign` (`locale`),
  CONSTRAINT `phrases_translations_locale_foreign` FOREIGN KEY (`locale`) REFERENCES `languages` (`slug`) ON DELETE CASCADE,
  CONSTRAINT `phrases_translations_phrase_id_foreign` FOREIGN KEY (`phrase_id`) REFERENCES `phrases` (`id`) ON DELETE CASCADE
) ENGINE=InnoDB DEFAULT CHARSET=utf8mb4 COLLATE=utf8mb4_unicode_ci;

LOCK TABLES `phrase_translations` WRITE;
/*!40000 ALTER TABLE `phrase_translations` DISABLE KEYS */;

INSERT INTO `phrase_translations` (`id`, `phrase_id`, `locale`, `content`)
VALUES
	(2,1,'pt','Sobre Nós'),
	(4,2,'pt','incl. IVA, incl. imposto de turismo'),
	(6,3,'pt','Principais comodidades do hotel'),
	(8,4,'pt','Todas as Comodidades'),
	(10,5,'pt','Localização'),
	(12,6,'pt','Quartos & Suites'),
	(14,7,'pt','Eat & Drink'),
	(16,8,'pt','Piscina'),
	(18,9,'pt','Comodidades do Hotel'),
	(20,10,'pt','Guest Services'),
	(22,11,'pt','Pedido de informação'),
	(24,12,'pt','Insira as datas e o número de pessoas para o quarto/pack selecionado.\r\nEntraremos em contacto consigo assim que possível. Obrigado!'),
	(26,14,'pt','Até 4 pessoas – 98€ por viagem\r\nAté 5 pessoas– 138€ por viagem'),
	(28,13,'pt','Transfers ( Aeroporto – Well Hotel & Spa e vice versa)'),
	(30,15,'pt','Encontre-nos aqui'),
	(32,16,'pt','Contacte-nos'),
	(34,17,'pt','Reservar'),
	(36,18,'pt','Pacotes com esta experiência'),
	(38,19,'pt','Preço por noite'),
	(40,20,'pt','Agradecemos o seu interesse em efetuar uma reserva no Well Hotel & Spa. Connosco encontra sempre o MELHOR PREÇO GARANTIDO. Por favor, preencha e envie o formulário abaixo. Aguarde a nossa confirmação. É simples, rápido e mais económico. Boa estadia!'),
	(42,21,'pt','Preço com IVA em vigor / Tarifas não reembolsáveis'),
	(44,22,'pt','Preço com IVA em vigor / Tarifas não reembolsáveis'),
	(46,23,'pt','O seu pedido de reserva foi enviado com sucesso!'),
	(48,24,'pt','Após verificar a disponibildade do seu pedido de reserva entraremos em contacto consigo.\r\n<br>\r\nPara mais esclarecimentos não hesite em contactar para  <a href=\"tel:261984472\">+351 261 984 472</a> ou\r\n<a href=\"mailto: reservas@wellhotelportugal.com\">reservas@wellhotelportugal.com</a>. \r\n<br>\r\nMuito obrigado pela sua escolha!'),
	(49,1,'en','About Us'),
	(50,2,'en','incl. VAT., incl. tourist tax'),
	(51,3,'en','Hotel main services'),
	(52,4,'en','All Facilities and Services'),
	(53,5,'en','Location'),
	(54,6,'en','Rooms & Suites'),
	(55,7,'en','Eat & Drink'),
	(56,8,'en','Pool'),
	(57,9,'en','Hotel amenities'),
	(58,10,'en','Guest Services'),
	(59,11,'en','Information request'),
	(60,12,'en','Insert the dates and the number of people for selected room /package.\r\nWe will contact you as soon as possible. Thank you!'),
	(61,14,'en','Up to 4 people - 98€ per trip\r\nUp to 5 people - 138€ per trip'),
	(62,13,'en','Airport shuttle'),
	(63,15,'en','Find us here'),
	(64,16,'en','Contact Us'),
	(65,17,'en','To book'),
	(66,18,'en','Packages with this experience'),
	(67,19,'en','Price per night'),
	(68,20,'en','Thank you for your preference in making a direct reservation at Well Hotel & Spa. You will always find the Best Price with us. Please, fill in the form above and send it to us. Wait for our confirmation. It is simple, fast and more economic. Have a nice stay!'),
	(69,21,'en','Including taxes and fees / Non-Refundable rate'),
	(70,22,'en','Including taxes and fees / Non-Refundable rate'),
	(71,23,'en','You reservation request was sucessfully sent!'),
	(72,24,'en','After verifiying your request availabilty we will contact you. \r\n<br>\r\nFor further questions please contact us on the  <a href=\"tel:+351261484472\">+351  261 984 472</a> or at \r\n<a href=\"mailto:reservas@wellhotelportugal.com\">reservas@wellhotelportugal.com</a>. \r\n<br>\r\nThank you very much for your preference!'),
	(73,25,'en','... and here'),
	(74,25,'pt','... e aqui'),
	(75,26,'en','Space Rental'),
	(76,26,'pt','Aluguer de espaço'),
	(77,27,'en','Insira a data, horário e o número de pessoas participantes do evento selecionado. Entraremos em contacto consigo assim que possível. Obrigado!'),
	(78,27,'pt','Insira a data, horário e o número de pessoas participantes do evento selecionado. Entraremos em contacto consigo assim que possível. Obrigado!'),
	(81,29,'en','After verifiying your proposal request we will contact you. \r\n<br>\r\nFor further questions please contact us on the  <a href=\"tel:+351261484472\">+351  261 984 472</a> or at \r\n<a href=\"mailto:reservas@wellhotelportugal.com\">reservas@wellhotelportugal.com</a>. \r\n<br>\r\nThank you very much for your preference!'),
	(82,29,'pt','Após verificar o seu pedido de proposta entraremos em contacto consigo.\r\n<br>\r\nPara mais esclarecimentos não hesite em contactar para  <a href=\"tel:261984472\">+351 261 984 472</a> ou\r\n<a href=\"mailto: reservas@wellhotelportugal.com\">reservas@wellhotelportugal.com</a>. \r\n<br>\r\nMuito obrigado pela sua escolha!'),
	(83,28,'en','You proposal request was sucessfully sent!'),
	(84,28,'pt','O seu pedido de proposta foi enviado com sucesso!'),
	(85,34,'en','After verifiying your voucher information request we will contact you. \r\n<br>\r\nFor further questions please contact us on the  <a href=\"tel:+351261484472\">+351  261 984 472</a> or at \r\n<a href=\"mailto:reservas@wellhotelportugal.com\">reservas@wellhotelportugal.com</a>. \r\n<br>\r\nThank you very much for your preference!'),
	(86,34,'pt','Após verificar o seu pedido de informação de voucher entraremos em contacto consigo.\r\n<br>\r\nPara mais esclarecimentos não hesite em contactar para  <a href=\"tel:261984472\">+351 261 984 472</a> ou\r\n<a href=\"mailto: reservas@wellhotelportugal.com\">reservas@wellhotelportugal.com</a>. \r\n<br>\r\nMuito obrigado pela sua escolha!'),
	(87,32,'en','You voucher information request was sucessfully sent!'),
	(88,32,'pt','O seu pedido de informação de voucher foi enviado com sucesso!'),
	(89,31,'en','Insert the dates and the number of people for selected voucher.\r\nWe will contact you as soon as possible. Thank you!'),
	(90,31,'pt','Insira as datas e o número de pessoas a usufruir o voucher selecionado.\r\nEntraremos em contacto consigo assim que possível. Obrigado!'),
	(91,35,'en','A nossa política ecológica baseia-se num melhoramento gradual através da utilização racional dos principais recursos naturais como a água e a energia, numa gestão consciente dos resíduos produzidos e em criar parcerias que nos ajudem na implementação dos nossos objetivos.'),
	(92,35,'pt','A nossa política ecológica baseia-se num melhoramento gradual através da utilização racional dos principais recursos naturais como a água e a energia, numa gestão consciente dos resíduos produzidos e em criar parcerias que nos ajudem na implementação dos nossos objetivos.'),
	(93,36,'en','Sustainability'),
	(94,36,'pt','Sustentabilidade'),
	(95,37,'en','ECO – Well Hotel & Spa <br><span>Uma experiência com</span>                                              <span class=\"font-libre-baskerville italic ls200 fw-400 text-background-underline\">responsabilidade ambiental</span>'),
	(96,37,'pt','ECO – Well Hotel & Spa <br><span>Uma experiência com</span>                                              <span class=\"font-libre-baskerville italic ls200 fw-400 text-background-underline\">responsabilidade ambiental</span>');

/*!40000 ALTER TABLE `phrase_translations` ENABLE KEYS */;
UNLOCK TABLES;


# Dump of table phrases
# ------------------------------------------------------------

DROP TABLE IF EXISTS `phrases`;

CREATE TABLE `phrases` (
  `id` int(10) unsigned NOT NULL AUTO_INCREMENT,
  `name` varchar(191) COLLATE utf8mb4_unicode_ci NOT NULL DEFAULT '',
  `slug` varchar(191) COLLATE utf8mb4_unicode_ci NOT NULL,
  `allow_html` tinyint(1) NOT NULL,
  PRIMARY KEY (`id`),
  UNIQUE KEY `phrases_slug_unique` (`slug`)
) ENGINE=InnoDB DEFAULT CHARSET=utf8mb4 COLLATE=utf8mb4_unicode_ci;

LOCK TABLES `phrases` WRITE;
/*!40000 ALTER TABLE `phrases` DISABLE KEYS */;

INSERT INTO `phrases` (`id`, `name`, `slug`, `allow_html`)
VALUES
	(1,'Sobre Nós','about-us',0),
	(2,'incl. IVA, incl. imposto de turismo','incl-vat-incl-tourist-tax',0),
	(3,'Principais comodidades do hotel','main-hotel-amenities',0),
	(4,'Todas as Comodidades','all-amenities',0),
	(5,'Localização','location',0),
	(6,'Quartos & Suites','rooms-and-suites',0),
	(7,'Eat & Drink','eat-and-drink',0),
	(8,'Piscina','pool',0),
	(9,'Comodidades do Hotel','hotel-amenities',0),
	(10,'Guest Services','guest-services',0),
	(11,'Pedido de informação','get-in-touch-with-us',0),
	(12,'Texto Reserva (Footer)','booking-text',0),
	(13,'Transfers (Lisboa)','transfers-lisbon',0),
	(14,'Transfers (lisbon) - Descrição','transfers-lisbon-description',0),
	(15,'Encontre-nos aqui','you-will-find-us-here',0),
	(16,'Contacte-nos','contact-us',0),
	(17,'Reservar','booking-online',0),
	(18,'Pacotes com esta experiência','packages-with-this-experience',0),
	(19,'Preço por noite','price-per-night',0),
	(20,'Texto Reserva (Header)','booking-text-header',0),
	(21,'Observações preço quartos','room-price-notes',0),
	(22,'Observações preço packs','pack-price-notes',0),
	(23,'Mensagem Reserva Sucesso (Título)','availability-request-successful-title',0),
	(24,'Mensagem Reserva Sucesso (Conteúdo)','availability-request-successful-content',1),
	(25,'... e aqui','contact-us-here',0),
	(26,'Aluguer de espaço','space-rental',0),
	(27,'Pedido proposta','proposal-text',0),
	(28,'Mensagem Pedido proposta (Título)','proposal-request-successful-title',0),
	(29,'Mensagem Pedido proposta (Conteúdo)','proposal-request-successful-content',1),
	(31,'Pedido de Informação de Voucher (Texto Rodapé)','voucher-text',0),
	(32,'Mensagem Pedido Informação de Voucher (Título)','voucher-request-successful-title',0),
	(34,'Mensagem Pedido Informação de Voucher (Conteúdo)','voucher-request-successful-content',0),
	(35,'Sustentabilidade (Texto Homepage)','sustainability-homepage',0),
	(36,'Sustentabilidade (Título Homepage)','sustainability-title',0),
	(37,'Sustentabilidade (Texto Head Homepage)','sustainability-header-text',0);

/*!40000 ALTER TABLE `phrases` ENABLE KEYS */;
UNLOCK TABLES;


# Dump of table promotion_translations
# ------------------------------------------------------------

DROP TABLE IF EXISTS `promotion_translations`;

CREATE TABLE `promotion_translations` (
  `id` int(10) unsigned NOT NULL AUTO_INCREMENT,
  `promotion_id` int(10) unsigned NOT NULL,
  `title` text COLLATE utf8mb4_unicode_ci NOT NULL,
  `label` text COLLATE utf8mb4_unicode_ci DEFAULT NULL,
  `locale` varchar(191) COLLATE utf8mb4_unicode_ci NOT NULL,
  PRIMARY KEY (`id`),
  UNIQUE KEY `promotion_translations_promotion_id_locale_unique` (`promotion_id`,`locale`),
  KEY `promotion_translations_locale_index` (`locale`),
  CONSTRAINT `promotion_translations_promotion_id_foreign` FOREIGN KEY (`promotion_id`) REFERENCES `promotions` (`id`) ON DELETE CASCADE
) ENGINE=InnoDB DEFAULT CHARSET=utf8mb4 COLLATE=utf8mb4_unicode_ci;

LOCK TABLES `promotion_translations` WRITE;
/*!40000 ALTER TABLE `promotion_translations` DISABLE KEYS */;

INSERT INTO `promotion_translations` (`id`, `promotion_id`, `title`, `label`, `locale`)
VALUES
	(4,2,'Desconto em estadias que comecem aos Domingos!','Happy Sunday','pt'),
	(6,3,'Melhor Preço Garantido','Em reservas feitas neste site','pt'),
	(7,2,'Desconto em estadias que comecem aos Domingos!','Happy Sunday','en'),
	(8,3,'Best Price Guaranted!','Book at this site','en');

/*!40000 ALTER TABLE `promotion_translations` ENABLE KEYS */;
UNLOCK TABLES;


# Dump of table promotions
# ------------------------------------------------------------

DROP TABLE IF EXISTS `promotions`;

CREATE TABLE `promotions` (
  `id` int(10) unsigned NOT NULL AUTO_INCREMENT,
  `code` varchar(191) COLLATE utf8mb4_unicode_ci DEFAULT NULL,
  `start_date` date NOT NULL,
  `end_date` date NOT NULL,
  `image` varchar(191) COLLATE utf8mb4_unicode_ci NOT NULL,
  `link` varchar(191) COLLATE utf8mb4_unicode_ci DEFAULT NULL,
  `publish` tinyint(1) NOT NULL,
  `created_at` timestamp NULL DEFAULT NULL,
  `updated_at` timestamp NULL DEFAULT NULL,
  PRIMARY KEY (`id`)
) ENGINE=InnoDB DEFAULT CHARSET=utf8mb4 COLLATE=utf8mb4_unicode_ci;

LOCK TABLES `promotions` WRITE;
/*!40000 ALTER TABLE `promotions` DISABLE KEYS */;

INSERT INTO `promotions` (`id`, `code`, `start_date`, `end_date`, `image`, `link`, `publish`, `created_at`, `updated_at`)
VALUES
	(2,'JSZjRpuOlcQ8NWAR','2018-01-04','2019-01-01','/files/promotions/_mg_7114_tratada.jpg',NULL,0,'2018-01-05 12:59:41','2018-03-21 17:12:42'),
	(3,'yE6tpto5SJpDizMg','2018-03-01','2020-01-01','/files/promotions/_mg_7114_tratada.jpg',NULL,1,'2018-03-22 11:34:34','2018-03-22 11:34:55');

/*!40000 ALTER TABLE `promotions` ENABLE KEYS */;
UNLOCK TABLES;


# Dump of table proposal_requests
# ------------------------------------------------------------

DROP TABLE IF EXISTS `proposal_requests`;

CREATE TABLE `proposal_requests` (
  `id` int(10) unsigned NOT NULL AUTO_INCREMENT,
  `locale` char(2) COLLATE utf8mb4_unicode_ci NOT NULL,
  `name` varchar(191) COLLATE utf8mb4_unicode_ci NOT NULL,
  `email` varchar(191) COLLATE utf8mb4_unicode_ci DEFAULT NULL,
  `phone` varchar(191) COLLATE utf8mb4_unicode_ci DEFAULT NULL,
  `arrival` date DEFAULT NULL,
  `start_time` varchar(50) COLLATE utf8mb4_unicode_ci NOT NULL DEFAULT '',
  `end_time` varchar(50) COLLATE utf8mb4_unicode_ci NOT NULL DEFAULT '',
  `adults` tinyint(3) unsigned NOT NULL DEFAULT 0,
  `children` tinyint(3) unsigned NOT NULL DEFAULT 0,
  `event_type` varchar(191) COLLATE utf8mb4_unicode_ci NOT NULL DEFAULT '',
  `description` text COLLATE utf8mb4_unicode_ci DEFAULT NULL,
  `created_at` timestamp NULL DEFAULT NULL,
  `updated_at` timestamp NULL DEFAULT NULL,
  `deleted_at` timestamp NULL DEFAULT NULL,
  PRIMARY KEY (`id`),
  KEY `availability_requests_locale_foreign` (`locale`),
  CONSTRAINT `proposal_requests_ibfk_1` FOREIGN KEY (`locale`) REFERENCES `languages` (`slug`) ON DELETE CASCADE
) ENGINE=InnoDB DEFAULT CHARSET=utf8mb4 COLLATE=utf8mb4_unicode_ci;

LOCK TABLES `proposal_requests` WRITE;
/*!40000 ALTER TABLE `proposal_requests` DISABLE KEYS */;

INSERT INTO `proposal_requests` (`id`, `locale`, `name`, `email`, `phone`, `arrival`, `start_time`, `end_time`, `adults`, `children`, `event_type`, `description`, `created_at`, `updated_at`, `deleted_at`)
VALUES
	(9,'pt','fdhdfhdfd','jorge.silva@slingshot.pt','05453415512',NULL,'10:i','11:i',2,0,'Baptizados','test 1','2021-01-21 10:44:58','2021-01-21 10:44:58',NULL),
	(10,'pt','Jorge Silva ttt','jorge.silva@slingshot.pt','05453415512','2021-01-21','10:i','11:20',2,0,'Reunião corporativa/empresarial','yes?','2021-01-21 10:51:11','2021-01-21 10:51:11',NULL),
	(11,'pt','jorge nash','jnashvs@gmail.com','567890989','2021-01-21','11:10 AM','12:i',2,0,'Baby Showers','descrição texto','2021-01-21 11:14:41','2021-01-21 11:14:41',NULL),
	(12,'pt','Jorge Silva','jorge.silva@slingshot.pt','05453415512','2021-01-21','10:15','12:i',2,0,'Palestra','working','2021-01-21 11:28:01','2021-01-21 11:28:01',NULL),
	(13,'pt','jorge nash','jnashvs@gmail.com','965613928','2021-01-21','21:11','23:00',2,0,'Despedidas de solteira(o)','testing both final','2021-01-21 12:10:16','2021-01-21 12:10:16',NULL),
	(14,'pt','jorge nash','jnashvs@gmail.com','965613928','2021-01-21','21:11','23:00',2,0,'Despedidas de solteira(o)','testing both final','2021-01-21 12:11:46','2021-01-21 12:11:46',NULL),
	(15,'pt','Jorge Silva','jorge.silva@slingshot.pt','965613928','2021-01-21','13:00','14:00',2,0,'Tertúlia','yes testing','2021-01-21 12:35:57','2021-01-21 12:35:57',NULL),
	(16,'pt','Jorge Silva','jorge.silva@slingshot.pt','05453415512','2021-01-21','13:00','13:i',2,0,'Debate','hthththt','2021-01-21 12:41:20','2021-01-21 12:41:20',NULL);

/*!40000 ALTER TABLE `proposal_requests` ENABLE KEYS */;
UNLOCK TABLES;


# Dump of table room_amenities
# ------------------------------------------------------------

DROP TABLE IF EXISTS `room_amenities`;

CREATE TABLE `room_amenities` (
  `id` int(10) unsigned NOT NULL AUTO_INCREMENT,
  `room_id` int(10) unsigned NOT NULL,
  `amenity_id` int(10) unsigned NOT NULL,
  PRIMARY KEY (`id`),
  UNIQUE KEY `room_amenities_room_id_amenity_id_unique` (`room_id`,`amenity_id`),
  KEY `room_amenities_amenity_id_foreign` (`amenity_id`),
  CONSTRAINT `room_amenities_amenity_id_foreign` FOREIGN KEY (`amenity_id`) REFERENCES `amenities` (`id`) ON DELETE CASCADE,
  CONSTRAINT `room_amenities_room_id_foreign` FOREIGN KEY (`room_id`) REFERENCES `rooms` (`id`) ON DELETE CASCADE
) ENGINE=InnoDB DEFAULT CHARSET=utf8mb4 COLLATE=utf8mb4_unicode_ci;

LOCK TABLES `room_amenities` WRITE;
/*!40000 ALTER TABLE `room_amenities` DISABLE KEYS */;

INSERT INTO `room_amenities` (`id`, `room_id`, `amenity_id`)
VALUES
	(20,6,5),
	(19,6,6),
	(21,6,7),
	(17,6,8),
	(18,6,10),
	(114,8,5),
	(115,8,6),
	(116,8,7),
	(117,8,8),
	(118,8,10),
	(22,9,5),
	(23,9,6),
	(24,9,7),
	(25,9,8),
	(26,9,10),
	(119,10,5),
	(120,10,6),
	(121,10,7),
	(122,10,8),
	(123,10,10),
	(124,11,5),
	(125,11,6),
	(126,11,7),
	(127,11,8),
	(128,11,10),
	(129,12,5),
	(130,12,6),
	(131,12,7),
	(132,12,8),
	(133,12,10),
	(134,13,5),
	(135,13,6),
	(136,13,7),
	(137,13,8),
	(138,13,10),
	(139,14,5),
	(140,14,6),
	(141,14,7),
	(142,14,8),
	(143,14,10),
	(144,15,5),
	(145,15,6),
	(146,15,7),
	(147,15,8),
	(148,15,10),
	(104,16,5),
	(105,16,6),
	(106,16,7),
	(107,16,8),
	(108,16,10),
	(109,17,5),
	(110,17,6),
	(111,17,7),
	(112,17,8),
	(113,17,10),
	(94,18,5),
	(95,18,6),
	(96,18,7),
	(97,18,8),
	(98,18,10),
	(89,19,5),
	(90,19,6),
	(91,19,7),
	(92,19,8),
	(93,19,10);

/*!40000 ALTER TABLE `room_amenities` ENABLE KEYS */;
UNLOCK TABLES;


# Dump of table room_price_intervals
# ------------------------------------------------------------

DROP TABLE IF EXISTS `room_price_intervals`;

CREATE TABLE `room_price_intervals` (
  `id` int(10) unsigned NOT NULL AUTO_INCREMENT,
  `name` varchar(191) COLLATE utf8mb4_unicode_ci DEFAULT NULL,
  `room_id` int(11) NOT NULL,
  `created_at` timestamp NULL DEFAULT NULL,
  `updated_at` timestamp NULL DEFAULT NULL,
  PRIMARY KEY (`id`),
  KEY `room_price_intervals_room_id_index` (`room_id`)
) ENGINE=MyISAM DEFAULT CHARSET=utf8mb4 COLLATE=utf8mb4_unicode_ci;

LOCK TABLES `room_price_intervals` WRITE;
/*!40000 ALTER TABLE `room_price_intervals` DISABLE KEYS */;

INSERT INTO `room_price_intervals` (`id`, `name`, `room_id`, `created_at`, `updated_at`)
VALUES
	(1,'Época Alta',3,'2018-02-27 17:36:01','2018-02-27 17:36:01'),
	(2,'Reveillon',3,'2018-02-27 17:36:34','2018-02-27 17:36:34'),
	(3,'Época Alta',5,'2018-02-27 17:41:44','2018-02-27 17:41:44'),
	(4,'Reveillon',5,'2018-02-27 17:42:32','2018-02-27 17:42:32'),
	(5,'Época Alta',4,'2018-02-27 17:44:07','2018-02-27 17:44:07'),
	(6,'Reveillon',4,'2018-02-27 17:45:00','2018-02-27 17:45:00'),
	(7,'Época Alta',1,'2018-02-27 17:56:15','2018-02-27 17:56:15'),
	(8,'Reveillon',1,'2018-02-27 17:56:47','2018-02-27 17:56:47'),
	(9,'Época Alta',2,'2018-02-27 17:58:26','2018-02-27 17:58:26'),
	(10,'Reveillon',2,'2018-02-27 17:58:49','2018-02-27 17:58:49'),
	(11,'Época Alta',7,'2018-02-27 18:01:15','2018-02-27 18:01:15'),
	(12,'Reveillon',7,'2018-02-27 18:01:41','2018-02-27 18:01:41'),
	(157,'ÉPOCA BAIXA',11,'2021-01-27 10:39:02','2021-01-27 10:39:02'),
	(156,'REVEILLON',12,'2021-01-27 10:37:44','2021-01-27 10:37:44'),
	(15,'Época Alta',7,'2018-10-08 09:41:59','2018-10-08 09:41:59'),
	(16,'Reveillon',7,'2018-10-08 09:42:52','2018-10-08 09:42:52'),
	(147,'ÉPOCA ALTA',15,'2021-01-27 10:27:21','2021-01-27 10:27:21'),
	(141,'ÉPOCA BAIXA',18,'2021-01-27 10:09:45','2021-01-27 10:09:45'),
	(19,'Época Alta',5,'2018-10-08 09:47:49','2018-10-08 09:47:49'),
	(20,'Reveillon',5,'2018-10-08 09:48:13','2018-10-08 09:48:13'),
	(21,'Época Alta',4,'2018-10-08 09:49:27','2018-10-08 09:49:27'),
	(22,'Reveillon',4,'2018-10-08 09:49:59','2018-10-08 09:49:59'),
	(23,'Época Alta',3,'2018-10-08 09:50:52','2018-10-08 09:50:52'),
	(24,'Reveillon',3,'2018-10-08 09:51:10','2018-10-08 09:51:10'),
	(25,'Época Alta',2,'2018-10-08 09:51:56','2018-10-08 09:51:56'),
	(26,'Reveillon',2,'2018-10-08 09:52:10','2018-10-08 09:52:10'),
	(27,'Época Alta',1,'2018-10-08 09:53:03','2018-10-08 09:53:03'),
	(28,'Reveillon',1,'2018-10-08 09:53:17','2018-10-08 09:53:17'),
	(38,'Fev-19 - 15/16',7,'2019-01-30 14:08:55','2019-01-31 10:26:08'),
	(39,'Mar-19 - 5/9',7,'2019-01-31 10:27:12','2019-01-31 10:27:12'),
	(40,'Mar-19 - 22/23',7,'2019-01-31 10:28:05','2019-01-31 10:28:05'),
	(41,'Abr-19 - 18/21',7,'2019-01-31 10:29:17','2019-01-31 10:29:17'),
	(42,'Abr-19 - 25/27',7,'2019-01-31 10:29:59','2019-01-31 10:29:59'),
	(43,'Mai-19 - 3/4',7,'2019-01-31 10:31:17','2019-01-31 10:31:17'),
	(44,'Jun-19 - 8/10',7,'2019-01-31 10:34:07','2019-01-31 10:34:07'),
	(45,'Jun-19 - 13/15',7,'2019-01-31 10:34:46','2019-01-31 10:34:46'),
	(56,'Ago-19 - 15/17',7,'2019-01-31 12:02:32','2019-01-31 12:02:32'),
	(55,'Jun-19 - 20/22',7,'2019-01-31 12:02:04','2019-01-31 12:02:04'),
	(48,'Out-19 - 4/5',7,'2019-01-31 10:45:12','2019-01-31 10:45:12'),
	(49,'Out-19 - 31',7,'2019-01-31 10:46:32','2019-01-31 10:46:32'),
	(50,'Nov-19 - 1/2',7,'2019-01-31 10:47:03','2019-01-31 10:47:03'),
	(51,'Jan-20 - 1',7,'2019-01-31 10:47:59','2019-01-31 10:47:59'),
	(155,'ÉPOCA ALTA',12,'2021-01-27 10:37:15','2021-01-27 10:37:15'),
	(154,'ÉPOCA BAIXA',12,'2021-01-27 10:36:16','2021-01-27 10:36:16'),
	(153,'ÉPOCA BAIXA',12,'2021-01-27 10:35:33','2021-01-27 10:35:33'),
	(152,'REVEILLON',13,'2021-01-27 10:33:11','2021-01-27 10:33:11'),
	(151,'ÉPOCA ALTA',13,'2021-01-27 10:32:46','2021-01-27 10:32:46'),
	(150,'ÉPOCA BAIXA',13,'2021-01-27 10:32:04','2021-01-27 10:32:04'),
	(149,'ÉPOCA BAIXA',13,'2021-01-27 10:31:03','2021-01-27 10:31:03'),
	(148,'REVEILLON',15,'2021-01-27 10:28:11','2021-01-27 10:28:11'),
	(146,'ÉPOCA BAIXA',15,'2021-01-27 10:25:00','2021-01-27 10:25:00'),
	(145,'ÉPOCA BAIXA',15,'2021-01-27 10:22:49','2021-01-27 10:22:49'),
	(144,'REVEILLON',18,'2021-01-27 10:19:41','2021-01-27 10:19:41'),
	(143,'ÉPOCA ALTA',18,'2021-01-27 10:18:16','2021-01-27 10:18:16'),
	(142,'ÉPOCA BAIXA',18,'2021-01-27 10:11:28','2021-01-27 10:11:28'),
	(71,'Fev-19 - 15/16',5,'2019-01-31 12:22:52','2019-01-31 12:22:52'),
	(72,'Mar-19 - 5/9',5,'2019-01-31 12:23:47','2019-01-31 12:23:47'),
	(73,'Mar-19 - 22/23',5,'2019-01-31 12:24:13','2019-01-31 12:24:13'),
	(74,'Abr-19 - 18/21',5,'2019-01-31 12:24:41','2019-01-31 12:24:41'),
	(75,'Abr-19 - 25/27',5,'2019-01-31 12:25:06','2019-01-31 12:25:06'),
	(76,'Mai-19 - 3/4',5,'2019-01-31 12:25:31','2019-01-31 12:25:31'),
	(77,'Jun-19 - 8/10',5,'2019-01-31 12:26:09','2019-01-31 12:26:09'),
	(78,'Jun-19 - 13/15',5,'2019-01-31 12:26:32','2019-01-31 12:26:32'),
	(79,'Jun-19 - 20/22',5,'2019-01-31 12:26:59','2019-01-31 12:26:59'),
	(80,'Ago-19 - 15/17',5,'2019-01-31 12:27:42','2019-01-31 12:27:42'),
	(81,'Out-19 - 4/5',5,'2019-01-31 12:29:37','2019-01-31 12:29:37'),
	(82,'Out-19 - 31',5,'2019-01-31 12:29:59','2019-01-31 12:29:59'),
	(83,'Nov-19 - 1/2',5,'2019-01-31 12:30:19','2019-01-31 12:30:19'),
	(84,'Jan-20 - 1',5,'2019-01-31 12:30:42','2019-01-31 12:30:42'),
	(85,'Fev-19 - 15/16',4,'2019-01-31 12:35:05','2019-01-31 12:35:05'),
	(86,'Mar-19 - 5/9',4,'2019-01-31 12:35:31','2019-01-31 12:35:31'),
	(87,'Mar-19 - 22/23',4,'2019-01-31 12:36:00','2019-01-31 12:36:00'),
	(88,'Abr-19 - 18/21',4,'2019-01-31 12:36:27','2019-01-31 12:36:27'),
	(89,'Abr-19 - 25/27',4,'2019-01-31 12:36:49','2019-01-31 12:36:49'),
	(90,'Mai-19 - 3/4',4,'2019-01-31 12:37:20','2019-01-31 12:37:20'),
	(91,'Jun-19 - 8/10',4,'2019-01-31 12:37:40','2019-01-31 12:37:40'),
	(92,'Jun-19 - 13/15',4,'2019-01-31 12:38:00','2019-01-31 12:38:00'),
	(93,'Jun-19 - 20/22',4,'2019-01-31 12:38:25','2019-01-31 12:38:25'),
	(94,'Ago-19 - 15/17',4,'2019-01-31 12:38:57','2019-01-31 12:38:57'),
	(95,'Out-19 - 4/5',4,'2019-01-31 12:39:19','2019-01-31 12:39:19'),
	(96,'Out-19 - 31',4,'2019-01-31 12:39:41','2019-01-31 12:39:41'),
	(97,'Nov-19 - 1/2',4,'2019-01-31 12:40:00','2019-01-31 12:40:00'),
	(98,'Jan-20 - 1',4,'2019-01-31 12:40:17','2019-01-31 12:40:17'),
	(99,'Fev-19 - 15/16',3,'2019-01-31 12:40:59','2019-01-31 12:40:59'),
	(100,'Mar-19 - 5/9',3,'2019-01-31 12:41:22','2019-01-31 12:41:22'),
	(101,'Mar-19 - 22/23',3,'2019-01-31 12:41:47','2019-01-31 12:41:47'),
	(102,'Abr-19 - 18/21',3,'2019-01-31 12:42:05','2019-01-31 12:42:05'),
	(103,'Abr-19 - 25/27',3,'2019-01-31 12:42:27','2019-01-31 12:42:27'),
	(104,'Mai-19 - 3/4',3,'2019-01-31 12:42:43','2019-01-31 12:42:43'),
	(105,'Jun-19 - 8/10',3,'2019-01-31 12:42:59','2019-01-31 12:42:59'),
	(106,'Jun-19 - 13/15',3,'2019-01-31 12:43:18','2019-01-31 12:43:18'),
	(107,'Jun-19 - 20/22',3,'2019-01-31 12:43:45','2019-01-31 12:43:45'),
	(108,'Ago-19 - 15/17',3,'2019-01-31 12:44:10','2019-01-31 12:44:10'),
	(109,'Out-19 - 4/5',3,'2019-01-31 12:44:34','2019-01-31 12:44:34'),
	(110,'Out-19 - 31',3,'2019-01-31 12:44:50','2019-01-31 12:44:50'),
	(111,'Nov-19 - 1/2',3,'2019-01-31 12:45:08','2019-01-31 12:45:08'),
	(112,'Jan-20 - 1',3,'2019-01-31 12:45:24','2019-01-31 12:45:24'),
	(113,'Fev-19 - 15/16',2,'2019-01-31 12:46:08','2019-01-31 12:46:08'),
	(114,'Mar-19 - 5/9',2,'2019-01-31 12:46:29','2019-01-31 12:46:29'),
	(115,'Mar-19 - 22/23',2,'2019-01-31 12:46:58','2019-01-31 12:46:58'),
	(116,'Abr-19 - 18/21',2,'2019-01-31 12:47:19','2019-01-31 12:47:19'),
	(117,'Abr-19 - 25/27',2,'2019-01-31 12:47:37','2019-01-31 12:47:37'),
	(118,'Mai-19 - 3/4',2,'2019-01-31 12:47:55','2019-01-31 12:47:55'),
	(119,'Jun-19 - 8/10',2,'2019-01-31 12:48:09','2019-01-31 12:48:09'),
	(120,'Jun-19 - 13/15',2,'2019-01-31 12:48:28','2019-01-31 12:48:28'),
	(121,'Jun-19 - 20/22',2,'2019-01-31 12:48:50','2019-01-31 12:48:50'),
	(122,'Ago-19 - 15/17',2,'2019-01-31 12:49:17','2019-01-31 12:49:17'),
	(123,'Out-19 - 4/5',2,'2019-01-31 12:49:41','2019-01-31 12:49:41'),
	(124,'Out-19 - 31',2,'2019-01-31 12:49:59','2019-01-31 12:49:59'),
	(125,'Nov-19 - 1/2',2,'2019-01-31 12:50:17','2019-01-31 12:50:17'),
	(126,'Jan-20 - 1',2,'2019-01-31 12:50:34','2019-01-31 12:50:34'),
	(127,'Fev-19 - 15/16',1,'2019-01-31 12:51:23','2019-01-31 12:51:23'),
	(128,'Mar-19 - 5/9',1,'2019-01-31 12:51:44','2019-01-31 12:51:44'),
	(129,'Mar-19 - 22/23',1,'2019-01-31 12:52:03','2019-01-31 12:52:03'),
	(130,'Abr-19 - 18/21',1,'2019-01-31 12:52:24','2019-01-31 12:52:24'),
	(131,'Abr-19 - 25/27',1,'2019-01-31 12:52:40','2019-01-31 12:52:40'),
	(132,'Mai-19 - 3/4',1,'2019-01-31 12:52:57','2019-01-31 12:52:57'),
	(133,'Jun-19 - 8/10',1,'2019-01-31 12:53:15','2019-01-31 12:53:15'),
	(134,'Jun-19 - 13/15',1,'2019-01-31 12:53:38','2019-01-31 12:53:38'),
	(135,'Jun-19 - 20/22',1,'2019-01-31 12:54:00','2019-01-31 12:54:00'),
	(136,'Ago-19 - 15/17',1,'2019-01-31 12:54:18','2019-01-31 12:54:18'),
	(137,'Out-19 - 4/5',1,'2019-01-31 12:54:41','2019-01-31 12:54:41'),
	(138,'Out-19 - 31',1,'2019-01-31 12:54:58','2019-01-31 12:54:58'),
	(139,'Nov-19 - 1/2',1,'2019-01-31 12:55:17','2019-01-31 12:55:17'),
	(140,'Jan-20 - 1',1,'2019-01-31 12:55:39','2019-01-31 12:55:39'),
	(158,'ÉPOCA BAIXA',11,'2021-01-27 10:40:00','2021-01-27 10:40:00'),
	(159,'ÉPOCA ALTA',11,'2021-01-27 10:41:46','2021-01-27 10:41:46'),
	(160,'REVEILLON',11,'2021-01-27 10:42:10','2021-01-27 10:42:10'),
	(161,'ÉPOCA BAIXA',10,'2021-01-27 10:47:59','2021-01-27 10:47:59'),
	(162,'ÉPOCA BAIXA',10,'2021-01-27 10:48:28','2021-01-27 10:48:28'),
	(163,'ÉPOCA ALTA',10,'2021-01-27 10:49:35','2021-01-27 10:49:35'),
	(164,'REVEILLON',10,'2021-01-27 10:49:57','2021-01-27 10:49:57'),
	(165,'ÉPOCA ALTA',9,'2021-01-27 12:12:43','2021-01-27 12:12:43'),
	(166,'ÉPOCA BAIXA',9,'2021-01-27 12:14:03','2021-01-27 12:14:03'),
	(167,'ÉPOCA BAIXA',9,'2021-01-27 12:15:46','2021-01-27 12:15:46'),
	(168,'REVEILLON',9,'2021-01-27 12:17:04','2021-01-27 12:17:04'),
	(169,'ÉPOCA BAIXA',8,'2021-01-27 12:26:45','2021-01-27 12:26:45'),
	(170,'ÉPOCA BAIXA',8,'2021-01-27 12:27:32','2021-01-27 12:27:32'),
	(171,'ÉPOCA ALTA',8,'2021-01-27 12:28:25','2021-01-27 12:28:25'),
	(172,'REVEILLON',8,'2021-01-27 12:28:57','2021-01-27 12:28:57'),
	(173,'ÉPOCA BAIXA',6,'2021-01-27 12:30:24','2021-01-27 12:30:24'),
	(174,'ÉPOCA BAIXA',6,'2021-01-27 12:31:07','2021-01-27 12:31:07'),
	(175,'ÉPOCA ALTA',6,'2021-01-27 12:32:10','2021-01-27 12:32:10'),
	(176,'REVEILLON',6,'2021-01-27 12:32:43','2021-01-27 12:32:43'),
	(177,'ÉPOCA BAIXA',19,'2021-01-27 12:39:18','2021-01-27 12:39:18'),
	(178,'ÉPOCA BAIXA',19,'2021-01-27 12:41:42','2021-01-27 12:41:42'),
	(179,'ÉPOCA ALTA',19,'2021-01-27 12:43:17','2021-01-27 12:43:17'),
	(180,'REVEILLON',19,'2021-01-27 12:43:52','2021-01-27 12:43:52'),
	(181,'ÉPOCA BAIXA',17,'2021-01-27 12:46:30','2021-01-27 12:46:30'),
	(182,'ÉPOCA BAIXA',17,'2021-01-27 12:47:38','2021-01-27 12:47:38'),
	(183,'ÉPOCA ALTA',17,'2021-01-27 12:48:47','2021-01-27 12:48:47'),
	(184,'REVEILLON',17,'2021-01-27 12:52:27','2021-01-27 12:52:27'),
	(185,'ÉPOCA BAIXA',16,'2021-01-27 12:54:00','2021-01-27 12:54:00'),
	(186,'ÉPOCA BAIXA',16,'2021-01-27 12:54:48','2021-01-27 12:54:48'),
	(187,'ÉPOCA ALTA',16,'2021-01-27 12:56:00','2021-01-27 12:56:00'),
	(188,'REVEILLON',16,'2021-01-27 12:59:12','2021-01-27 12:59:12');

/*!40000 ALTER TABLE `room_price_intervals` ENABLE KEYS */;
UNLOCK TABLES;


# Dump of table room_prices
# ------------------------------------------------------------

DROP TABLE IF EXISTS `room_prices`;

CREATE TABLE `room_prices` (
  `date` date NOT NULL,
  `room_price_interval_id` int(11) NOT NULL,
  `price` int(11) NOT NULL,
  `priority` int(11) DEFAULT 0,
  PRIMARY KEY (`date`,`room_price_interval_id`)
) ENGINE=MyISAM DEFAULT CHARSET=utf8mb4 COLLATE=utf8mb4_unicode_ci;

LOCK TABLES `room_prices` WRITE;
/*!40000 ALTER TABLE `room_prices` DISABLE KEYS */;

INSERT INTO `room_prices` (`date`, `room_price_interval_id`, `price`, `priority`)
VALUES
	('2018-09-10',1,79,0),
	('2018-09-09',1,79,0),
	('2018-09-08',1,79,0),
	('2018-09-07',1,79,0),
	('2018-09-06',1,79,0),
	('2018-09-05',1,79,0),
	('2018-09-04',1,79,0),
	('2018-09-03',1,79,0),
	('2018-09-02',1,79,0),
	('2018-09-01',1,79,0),
	('2018-08-31',1,79,0),
	('2018-08-30',1,79,0),
	('2018-08-29',1,79,0),
	('2018-08-28',1,79,0),
	('2018-08-27',1,79,0),
	('2018-08-26',1,79,0),
	('2018-08-25',1,79,0),
	('2018-08-24',1,79,0),
	('2018-08-23',1,79,0),
	('2018-08-22',1,79,0),
	('2018-08-21',1,79,0),
	('2018-08-20',1,79,0),
	('2018-08-19',1,79,0),
	('2018-08-18',1,79,0),
	('2018-08-17',1,79,0),
	('2018-08-16',1,79,0),
	('2018-08-15',1,79,0),
	('2018-08-14',1,79,0),
	('2018-08-13',1,79,0),
	('2018-08-12',1,79,0),
	('2018-08-11',1,79,0),
	('2018-08-10',1,79,0),
	('2018-08-09',1,79,0),
	('2018-08-08',1,79,0),
	('2018-08-07',1,79,0),
	('2018-08-06',1,79,0),
	('2018-08-05',1,79,0),
	('2018-08-04',1,79,0),
	('2018-08-03',1,79,0),
	('2018-08-02',1,79,0),
	('2018-08-01',1,79,0),
	('2018-07-31',1,79,0),
	('2018-07-30',1,79,0),
	('2018-07-29',1,79,0),
	('2018-07-28',1,79,0),
	('2018-07-27',1,79,0),
	('2018-07-26',1,79,0),
	('2018-07-25',1,79,0),
	('2018-07-24',1,79,0),
	('2018-07-23',1,79,0),
	('2018-07-22',1,79,0),
	('2018-07-21',1,79,0),
	('2018-07-20',1,79,0),
	('2018-07-19',1,79,0),
	('2018-07-18',1,79,0),
	('2018-07-17',1,79,0),
	('2018-07-16',1,79,0),
	('2018-07-15',1,79,0),
	('2018-07-14',1,79,0),
	('2018-07-13',1,79,0),
	('2018-07-12',1,79,0),
	('2018-07-11',1,79,0),
	('2018-07-10',1,79,0),
	('2018-07-09',1,79,0),
	('2018-07-08',1,79,0),
	('2018-07-07',1,79,0),
	('2018-07-06',1,79,0),
	('2018-07-05',1,79,0),
	('2018-07-04',1,79,0),
	('2018-07-03',1,79,0),
	('2018-07-02',1,79,0),
	('2018-07-01',1,79,0),
	('2018-06-30',1,79,0),
	('2018-06-29',1,79,0),
	('2018-06-28',1,79,0),
	('2018-06-27',1,79,0),
	('2018-06-26',1,79,0),
	('2018-06-25',1,79,0),
	('2018-06-24',1,79,0),
	('2018-06-23',1,79,0),
	('2018-06-22',1,79,0),
	('2018-06-21',1,79,0),
	('2018-06-20',1,79,0),
	('2018-06-19',1,79,0),
	('2018-06-18',1,79,0),
	('2018-06-17',1,79,0),
	('2018-06-16',1,79,0),
	('2018-06-15',1,79,0),
	('2018-12-31',2,174,0),
	('2018-09-10',3,89,0),
	('2018-09-09',3,89,0),
	('2018-09-08',3,89,0),
	('2018-09-07',3,89,0),
	('2018-09-06',3,89,0),
	('2018-09-05',3,89,0),
	('2018-09-04',3,89,0),
	('2018-09-03',3,89,0),
	('2018-09-02',3,89,0),
	('2018-09-01',3,89,0),
	('2018-08-31',3,89,0),
	('2018-08-30',3,89,0),
	('2018-08-29',3,89,0),
	('2018-08-28',3,89,0),
	('2018-08-27',3,89,0),
	('2018-08-26',3,89,0),
	('2018-08-25',3,89,0),
	('2018-08-24',3,89,0),
	('2018-08-23',3,89,0),
	('2018-08-22',3,89,0),
	('2018-08-21',3,89,0),
	('2018-08-20',3,89,0),
	('2018-08-19',3,89,0),
	('2018-08-18',3,89,0),
	('2018-08-17',3,89,0),
	('2018-08-16',3,89,0),
	('2018-08-15',3,89,0),
	('2018-08-14',3,89,0),
	('2018-08-13',3,89,0),
	('2018-08-12',3,89,0),
	('2018-08-11',3,89,0),
	('2018-08-10',3,89,0),
	('2018-08-09',3,89,0),
	('2018-08-08',3,89,0),
	('2018-08-07',3,89,0),
	('2018-08-06',3,89,0),
	('2018-08-05',3,89,0),
	('2018-08-04',3,89,0),
	('2018-08-03',3,89,0),
	('2018-08-02',3,89,0),
	('2018-08-01',3,89,0),
	('2018-07-31',3,89,0),
	('2018-07-30',3,89,0),
	('2018-07-29',3,89,0),
	('2018-07-28',3,89,0),
	('2018-07-27',3,89,0),
	('2018-07-26',3,89,0),
	('2018-07-25',3,89,0),
	('2018-07-24',3,89,0),
	('2018-07-23',3,89,0),
	('2018-07-22',3,89,0),
	('2018-07-21',3,89,0),
	('2018-07-20',3,89,0),
	('2018-07-19',3,89,0),
	('2018-07-18',3,89,0),
	('2018-07-17',3,89,0),
	('2018-07-16',3,89,0),
	('2018-07-15',3,89,0),
	('2018-07-14',3,89,0),
	('2018-07-13',3,89,0),
	('2018-07-12',3,89,0),
	('2018-07-11',3,89,0),
	('2018-07-10',3,89,0),
	('2018-07-09',3,89,0),
	('2018-07-08',3,89,0),
	('2018-07-07',3,89,0),
	('2018-07-06',3,89,0),
	('2018-07-05',3,89,0),
	('2018-07-04',3,89,0),
	('2018-07-03',3,89,0),
	('2018-07-02',3,89,0),
	('2018-07-01',3,89,0),
	('2018-06-30',3,89,0),
	('2018-06-29',3,89,0),
	('2018-06-28',3,89,0),
	('2018-06-27',3,89,0),
	('2018-06-26',3,89,0),
	('2018-06-25',3,89,0),
	('2018-06-24',3,89,0),
	('2018-06-23',3,89,0),
	('2018-06-22',3,89,0),
	('2018-06-21',3,89,0),
	('2018-06-20',3,89,0),
	('2018-06-19',3,89,0),
	('2018-06-18',3,89,0),
	('2018-06-17',3,89,0),
	('2018-06-16',3,89,0),
	('2018-06-15',3,89,0),
	('2018-12-31',4,279,0),
	('2018-09-10',5,94,0),
	('2018-09-09',5,94,0),
	('2018-09-08',5,94,0),
	('2018-09-07',5,94,0),
	('2018-09-06',5,94,0),
	('2018-09-05',5,94,0),
	('2018-09-04',5,94,0),
	('2018-09-03',5,94,0),
	('2018-09-02',5,94,0),
	('2018-09-01',5,94,0),
	('2018-08-31',5,94,0),
	('2018-08-30',5,94,0),
	('2018-08-29',5,94,0),
	('2018-08-28',5,94,0),
	('2018-08-27',5,94,0),
	('2018-08-26',5,94,0),
	('2018-08-25',5,94,0),
	('2018-08-24',5,94,0),
	('2018-08-23',5,94,0),
	('2018-08-22',5,94,0),
	('2018-08-21',5,94,0),
	('2018-08-20',5,94,0),
	('2018-08-19',5,94,0),
	('2018-08-18',5,94,0),
	('2018-08-17',5,94,0),
	('2018-08-16',5,94,0),
	('2018-08-15',5,94,0),
	('2018-08-14',5,94,0),
	('2018-08-13',5,94,0),
	('2018-08-12',5,94,0),
	('2018-08-11',5,94,0),
	('2018-08-10',5,94,0),
	('2018-08-09',5,94,0),
	('2018-08-08',5,94,0),
	('2018-08-07',5,94,0),
	('2018-08-06',5,94,0),
	('2018-08-05',5,94,0),
	('2018-08-04',5,94,0),
	('2018-08-03',5,94,0),
	('2018-08-02',5,94,0),
	('2018-08-01',5,94,0),
	('2018-07-31',5,94,0),
	('2018-07-30',5,94,0),
	('2018-07-29',5,94,0),
	('2018-07-28',5,94,0),
	('2018-07-27',5,94,0),
	('2018-07-26',5,94,0),
	('2018-07-25',5,94,0),
	('2018-07-24',5,94,0),
	('2018-07-23',5,94,0),
	('2018-07-22',5,94,0),
	('2018-07-21',5,94,0),
	('2018-07-20',5,94,0),
	('2018-07-19',5,94,0),
	('2018-07-18',5,94,0),
	('2018-07-17',5,94,0),
	('2018-07-16',5,94,0),
	('2018-07-15',5,94,0),
	('2018-07-14',5,94,0),
	('2018-07-13',5,94,0),
	('2018-07-12',5,94,0),
	('2018-07-11',5,94,0),
	('2018-07-10',5,94,0),
	('2018-07-09',5,94,0),
	('2018-07-08',5,94,0),
	('2018-07-07',5,94,0),
	('2018-07-06',5,94,0),
	('2018-07-05',5,94,0),
	('2018-07-04',5,94,0),
	('2018-07-03',5,94,0),
	('2018-07-02',5,94,0),
	('2018-07-01',5,94,0),
	('2018-06-30',5,94,0),
	('2018-06-29',5,94,0),
	('2018-06-28',5,94,0),
	('2018-06-27',5,94,0),
	('2018-06-26',5,94,0),
	('2018-06-25',5,94,0),
	('2018-06-24',5,94,0),
	('2018-06-23',5,94,0),
	('2018-06-22',5,94,0),
	('2018-06-21',5,94,0),
	('2018-06-20',5,94,0),
	('2018-06-19',5,94,0),
	('2018-06-18',5,94,0),
	('2018-06-17',5,94,0),
	('2018-06-16',5,94,0),
	('2018-06-15',5,94,0),
	('2018-12-31',6,284,0),
	('2018-09-10',7,114,0),
	('2018-09-09',7,114,0),
	('2018-09-08',7,114,0),
	('2018-09-07',7,114,0),
	('2018-09-06',7,114,0),
	('2018-09-05',7,114,0),
	('2018-09-04',7,114,0),
	('2018-09-03',7,114,0),
	('2018-09-02',7,114,0),
	('2018-09-01',7,114,0),
	('2018-08-31',7,114,0),
	('2018-08-30',7,114,0),
	('2018-08-29',7,114,0),
	('2018-08-28',7,114,0),
	('2018-08-27',7,114,0),
	('2018-08-26',7,114,0),
	('2018-08-25',7,114,0),
	('2018-08-24',7,114,0),
	('2018-08-23',7,114,0),
	('2018-08-22',7,114,0),
	('2018-08-21',7,114,0),
	('2018-08-20',7,114,0),
	('2018-08-19',7,114,0),
	('2018-08-18',7,114,0),
	('2018-08-17',7,114,0),
	('2018-08-16',7,114,0),
	('2018-08-15',7,114,0),
	('2018-08-14',7,114,0),
	('2018-08-13',7,114,0),
	('2018-08-12',7,114,0),
	('2018-08-11',7,114,0),
	('2018-08-10',7,114,0),
	('2018-08-09',7,114,0),
	('2018-08-08',7,114,0),
	('2018-08-07',7,114,0),
	('2018-08-06',7,114,0),
	('2018-08-05',7,114,0),
	('2018-08-04',7,114,0),
	('2018-08-03',7,114,0),
	('2018-08-02',7,114,0),
	('2018-08-01',7,114,0),
	('2018-07-31',7,114,0),
	('2018-07-30',7,114,0),
	('2018-07-29',7,114,0),
	('2018-07-28',7,114,0),
	('2018-07-27',7,114,0),
	('2018-07-26',7,114,0),
	('2018-07-25',7,114,0),
	('2018-07-24',7,114,0),
	('2018-07-23',7,114,0),
	('2018-07-22',7,114,0),
	('2018-07-21',7,114,0),
	('2018-07-20',7,114,0),
	('2018-07-19',7,114,0),
	('2018-07-18',7,114,0),
	('2018-07-17',7,114,0),
	('2018-07-16',7,114,0),
	('2018-07-15',7,114,0),
	('2018-07-14',7,114,0),
	('2018-07-13',7,114,0),
	('2018-07-12',7,114,0),
	('2018-07-11',7,114,0),
	('2018-07-10',7,114,0),
	('2018-07-09',7,114,0),
	('2018-07-08',7,114,0),
	('2018-07-07',7,114,0),
	('2018-07-06',7,114,0),
	('2018-07-05',7,114,0),
	('2018-07-04',7,114,0),
	('2018-07-03',7,114,0),
	('2018-07-02',7,114,0),
	('2018-07-01',7,114,0),
	('2018-06-30',7,114,0),
	('2018-06-29',7,114,0),
	('2018-06-28',7,114,0),
	('2018-06-27',7,114,0),
	('2018-06-26',7,114,0),
	('2018-06-25',7,114,0),
	('2018-06-24',7,114,0),
	('2018-06-23',7,114,0),
	('2018-06-22',7,114,0),
	('2018-06-21',7,114,0),
	('2018-06-20',7,114,0),
	('2018-06-19',7,114,0),
	('2018-06-18',7,114,0),
	('2018-06-17',7,114,0),
	('2018-06-16',7,114,0),
	('2018-06-15',7,114,0),
	('2018-12-31',8,304,0),
	('2018-09-10',9,134,0),
	('2018-09-09',9,134,0),
	('2018-09-08',9,134,0),
	('2018-09-07',9,134,0),
	('2018-09-06',9,134,0),
	('2018-09-05',9,134,0),
	('2018-09-04',9,134,0),
	('2018-09-03',9,134,0),
	('2018-09-02',9,134,0),
	('2018-09-01',9,134,0),
	('2018-08-31',9,134,0),
	('2018-08-30',9,134,0),
	('2018-08-29',9,134,0),
	('2018-08-28',9,134,0),
	('2018-08-27',9,134,0),
	('2018-08-26',9,134,0),
	('2018-08-25',9,134,0),
	('2018-08-24',9,134,0),
	('2018-08-23',9,134,0),
	('2018-08-22',9,134,0),
	('2018-08-21',9,134,0),
	('2018-08-20',9,134,0),
	('2018-08-19',9,134,0),
	('2018-08-18',9,134,0),
	('2018-08-17',9,134,0),
	('2018-08-16',9,134,0),
	('2018-08-15',9,134,0),
	('2018-08-14',9,134,0),
	('2018-08-13',9,134,0),
	('2018-08-12',9,134,0),
	('2018-08-11',9,134,0),
	('2018-08-10',9,134,0),
	('2018-08-09',9,134,0),
	('2018-08-08',9,134,0),
	('2018-08-07',9,134,0),
	('2018-08-06',9,134,0),
	('2018-08-05',9,134,0),
	('2018-08-04',9,134,0),
	('2018-08-03',9,134,0),
	('2018-08-02',9,134,0),
	('2018-08-01',9,134,0),
	('2018-07-31',9,134,0),
	('2018-07-30',9,134,0),
	('2018-07-29',9,134,0),
	('2018-07-28',9,134,0),
	('2018-07-27',9,134,0),
	('2018-07-26',9,134,0),
	('2018-07-25',9,134,0),
	('2018-07-24',9,134,0),
	('2018-07-23',9,134,0),
	('2018-07-22',9,134,0),
	('2018-07-21',9,134,0),
	('2018-07-20',9,134,0),
	('2018-07-19',9,134,0),
	('2018-07-18',9,134,0),
	('2018-07-17',9,134,0),
	('2018-07-16',9,134,0),
	('2018-07-15',9,134,0),
	('2018-07-14',9,134,0),
	('2018-07-13',9,134,0),
	('2018-07-12',9,134,0),
	('2018-07-11',9,134,0),
	('2018-07-10',9,134,0),
	('2018-07-09',9,134,0),
	('2018-07-08',9,134,0),
	('2018-07-07',9,134,0),
	('2018-07-06',9,134,0),
	('2018-07-05',9,134,0),
	('2018-07-04',9,134,0),
	('2018-07-03',9,134,0),
	('2018-07-02',9,134,0),
	('2018-07-01',9,134,0),
	('2018-06-30',9,134,0),
	('2018-06-29',9,134,0),
	('2018-06-28',9,134,0),
	('2018-06-27',9,134,0),
	('2018-06-26',9,134,0),
	('2018-06-25',9,134,0),
	('2018-06-24',9,134,0),
	('2018-06-23',9,134,0),
	('2018-06-22',9,134,0),
	('2018-06-21',9,134,0),
	('2018-06-20',9,134,0),
	('2018-06-19',9,134,0),
	('2018-06-18',9,134,0),
	('2018-06-17',9,134,0),
	('2018-06-16',9,134,0),
	('2018-06-15',9,134,0),
	('2018-12-31',10,324,0),
	('2018-06-15',11,154,0),
	('2018-06-16',11,154,0),
	('2018-06-17',11,154,0),
	('2018-06-18',11,154,0),
	('2018-06-19',11,154,0),
	('2018-06-20',11,154,0),
	('2018-06-21',11,154,0),
	('2018-06-22',11,154,0),
	('2018-06-23',11,154,0),
	('2018-06-24',11,154,0),
	('2018-06-25',11,154,0),
	('2018-06-26',11,154,0),
	('2018-06-27',11,154,0),
	('2018-06-28',11,154,0),
	('2018-06-29',11,154,0),
	('2018-06-30',11,154,0),
	('2018-07-01',11,154,0),
	('2018-07-02',11,154,0),
	('2018-07-03',11,154,0),
	('2018-07-04',11,154,0),
	('2018-07-05',11,154,0),
	('2018-07-06',11,154,0),
	('2018-07-07',11,154,0),
	('2018-07-08',11,154,0),
	('2018-07-09',11,154,0),
	('2018-07-10',11,154,0),
	('2018-07-11',11,154,0),
	('2018-07-12',11,154,0),
	('2018-07-13',11,154,0),
	('2018-07-14',11,154,0),
	('2018-07-15',11,154,0),
	('2018-07-16',11,154,0),
	('2018-07-17',11,154,0),
	('2018-07-18',11,154,0),
	('2018-07-19',11,154,0),
	('2018-07-20',11,154,0),
	('2018-07-21',11,154,0),
	('2018-07-22',11,154,0),
	('2018-07-23',11,154,0),
	('2018-07-24',11,154,0),
	('2018-07-25',11,154,0),
	('2018-07-26',11,154,0),
	('2018-07-27',11,154,0),
	('2018-07-28',11,154,0),
	('2018-07-29',11,154,0),
	('2018-07-30',11,154,0),
	('2018-07-31',11,154,0),
	('2018-08-01',11,154,0),
	('2018-08-02',11,154,0),
	('2018-08-03',11,154,0),
	('2018-08-04',11,154,0),
	('2018-08-05',11,154,0),
	('2018-08-06',11,154,0),
	('2018-08-07',11,154,0),
	('2018-08-08',11,154,0),
	('2018-08-09',11,154,0),
	('2018-08-10',11,154,0),
	('2018-08-11',11,154,0),
	('2018-08-12',11,154,0),
	('2018-08-13',11,154,0),
	('2018-08-14',11,154,0),
	('2018-08-15',11,154,0),
	('2018-08-16',11,154,0),
	('2018-08-17',11,154,0),
	('2018-08-18',11,154,0),
	('2018-08-19',11,154,0),
	('2018-08-20',11,154,0),
	('2018-08-21',11,154,0),
	('2018-08-22',11,154,0),
	('2018-08-23',11,154,0),
	('2018-08-24',11,154,0),
	('2018-08-25',11,154,0),
	('2018-08-26',11,154,0),
	('2018-08-27',11,154,0),
	('2018-08-28',11,154,0),
	('2018-08-29',11,154,0),
	('2018-08-30',11,154,0),
	('2018-08-31',11,154,0),
	('2018-09-01',11,154,0),
	('2018-09-02',11,154,0),
	('2018-09-03',11,154,0),
	('2018-09-04',11,154,0),
	('2018-09-05',11,154,0),
	('2018-09-06',11,154,0),
	('2018-09-07',11,154,0),
	('2018-09-08',11,154,0),
	('2018-09-09',11,154,0),
	('2018-09-10',11,154,0),
	('2018-12-31',12,344,0),
	('2021-11-02',142,69,NULL),
	('2021-11-01',142,69,NULL),
	('2021-10-31',142,69,NULL),
	('2021-10-30',142,69,NULL),
	('2021-10-29',142,69,NULL),
	('2021-10-28',142,69,NULL),
	('2021-10-27',142,69,NULL),
	('2021-10-26',142,69,NULL),
	('2021-10-25',142,69,NULL),
	('2021-10-24',142,69,NULL),
	('2021-10-23',142,69,NULL),
	('2021-10-22',142,69,NULL),
	('2021-10-21',142,69,NULL),
	('2021-10-20',142,69,NULL),
	('2021-10-19',142,69,NULL),
	('2021-10-18',142,69,NULL),
	('2021-10-17',142,69,NULL),
	('2021-10-16',142,69,NULL),
	('2021-10-15',142,69,NULL),
	('2021-10-14',142,69,NULL),
	('2021-10-13',142,69,NULL),
	('2021-10-12',142,69,NULL),
	('2021-10-11',142,69,NULL),
	('2021-10-10',142,69,NULL),
	('2021-10-09',142,69,NULL),
	('2021-10-08',142,69,NULL),
	('2021-10-07',142,69,NULL),
	('2021-10-06',142,69,NULL),
	('2021-10-05',142,69,NULL),
	('2021-10-04',142,69,NULL),
	('2021-10-03',142,69,NULL),
	('2021-10-02',142,69,NULL),
	('2021-10-01',142,69,NULL),
	('2021-06-30',141,69,NULL),
	('2021-06-29',141,69,NULL),
	('2021-06-28',141,69,NULL),
	('2021-06-27',141,69,NULL),
	('2021-06-26',141,69,NULL),
	('2021-06-25',141,69,NULL),
	('2021-06-24',141,69,NULL),
	('2021-06-23',141,69,NULL),
	('2021-06-22',141,69,NULL),
	('2021-06-21',141,69,NULL),
	('2021-06-20',141,69,NULL),
	('2021-06-19',141,69,NULL),
	('2021-06-18',141,69,NULL),
	('2021-06-17',141,69,NULL),
	('2021-06-16',141,69,NULL),
	('2021-06-15',141,69,NULL),
	('2021-06-14',141,69,NULL),
	('2021-06-13',141,69,NULL),
	('2021-06-12',141,69,NULL),
	('2021-06-11',141,69,NULL),
	('2021-06-10',141,69,NULL),
	('2021-06-09',141,69,NULL),
	('2021-06-08',141,69,NULL),
	('2021-06-07',141,69,NULL),
	('2021-06-06',141,69,NULL),
	('2021-06-05',141,69,NULL),
	('2021-06-04',141,69,NULL),
	('2021-06-03',141,69,NULL),
	('2021-06-02',141,69,NULL),
	('2021-06-01',141,69,NULL),
	('2021-05-31',141,69,NULL),
	('2021-05-30',141,69,NULL),
	('2021-05-29',141,69,NULL),
	('2021-05-28',141,69,NULL),
	('2021-05-27',141,69,NULL),
	('2021-05-26',141,69,NULL),
	('2021-05-25',141,69,NULL),
	('2021-05-24',141,69,NULL),
	('2021-05-23',141,69,NULL),
	('2021-05-22',141,69,NULL),
	('2021-05-21',141,69,NULL),
	('2021-05-20',141,69,NULL),
	('2021-05-19',141,69,NULL),
	('2021-05-18',141,69,NULL),
	('2021-05-17',141,69,NULL),
	('2021-05-16',141,69,NULL),
	('2021-05-15',141,69,NULL),
	('2021-05-14',141,69,NULL),
	('2021-05-13',141,69,NULL),
	('2021-05-12',141,69,NULL),
	('2021-05-11',141,69,NULL),
	('2021-05-10',141,69,NULL),
	('2021-05-09',141,69,NULL),
	('2021-05-08',141,69,NULL),
	('2021-05-07',141,69,NULL),
	('2021-05-06',141,69,NULL),
	('2019-06-15',15,154,0),
	('2019-06-16',15,154,0),
	('2019-06-17',15,154,0),
	('2019-06-18',15,154,0),
	('2019-06-19',15,154,0),
	('2019-06-20',15,154,0),
	('2019-06-21',15,154,0),
	('2019-06-22',15,154,0),
	('2019-06-23',15,154,0),
	('2019-06-24',15,154,0),
	('2019-06-25',15,154,0),
	('2019-06-26',15,154,0),
	('2019-06-27',15,154,0),
	('2019-06-28',15,154,0),
	('2019-06-29',15,154,0),
	('2019-06-30',15,154,0),
	('2019-07-01',15,154,0),
	('2019-07-02',15,154,0),
	('2019-07-03',15,154,0),
	('2019-07-04',15,154,0),
	('2019-07-05',15,154,0),
	('2019-07-06',15,154,0),
	('2019-07-07',15,154,0),
	('2019-07-08',15,154,0),
	('2019-07-09',15,154,0),
	('2019-07-10',15,154,0),
	('2019-07-11',15,154,0),
	('2019-07-12',15,154,0),
	('2019-07-13',15,154,0),
	('2019-07-14',15,154,0),
	('2019-07-15',15,154,0),
	('2019-07-16',15,154,0),
	('2019-07-17',15,154,0),
	('2019-07-18',15,154,0),
	('2019-07-19',15,154,0),
	('2019-07-20',15,154,0),
	('2019-07-21',15,154,0),
	('2019-07-22',15,154,0),
	('2019-07-23',15,154,0),
	('2019-07-24',15,154,0),
	('2019-07-25',15,154,0),
	('2019-07-26',15,154,0),
	('2019-07-27',15,154,0),
	('2019-07-28',15,154,0),
	('2019-07-29',15,154,0),
	('2019-07-30',15,154,0),
	('2019-07-31',15,154,0),
	('2019-08-01',15,154,0),
	('2019-08-02',15,154,0),
	('2019-08-03',15,154,0),
	('2019-08-04',15,154,0),
	('2019-08-05',15,154,0),
	('2019-08-06',15,154,0),
	('2019-08-07',15,154,0),
	('2019-08-08',15,154,0),
	('2019-08-09',15,154,0),
	('2019-08-10',15,154,0),
	('2019-08-11',15,154,0),
	('2019-08-12',15,154,0),
	('2019-08-13',15,154,0),
	('2019-08-14',15,154,0),
	('2019-08-15',15,154,0),
	('2019-08-16',15,154,0),
	('2019-08-17',15,154,0),
	('2019-08-18',15,154,0),
	('2019-08-19',15,154,0),
	('2019-08-20',15,154,0),
	('2019-08-21',15,154,0),
	('2019-08-22',15,154,0),
	('2019-08-23',15,154,0),
	('2019-08-24',15,154,0),
	('2019-08-25',15,154,0),
	('2019-08-26',15,154,0),
	('2019-08-27',15,154,0),
	('2019-08-28',15,154,0),
	('2019-08-29',15,154,0),
	('2019-08-30',15,154,0),
	('2019-08-31',15,154,0),
	('2019-09-01',15,154,0),
	('2019-09-02',15,154,0),
	('2019-09-03',15,154,0),
	('2019-09-04',15,154,0),
	('2019-09-05',15,154,0),
	('2019-09-06',15,154,0),
	('2019-09-07',15,154,0),
	('2019-09-08',15,154,0),
	('2019-09-09',15,154,0),
	('2019-09-10',15,154,0),
	('2019-12-31',16,344,0),
	('2021-04-10',141,69,NULL),
	('2021-04-09',141,69,NULL),
	('2021-04-08',141,69,NULL),
	('2021-04-07',141,69,NULL),
	('2021-04-06',141,69,NULL),
	('2021-04-05',141,69,NULL),
	('2021-04-04',141,69,NULL),
	('2021-04-03',141,69,NULL),
	('2021-04-02',141,69,NULL),
	('2021-04-01',141,69,NULL),
	('2021-03-31',141,69,NULL),
	('2021-03-30',141,69,NULL),
	('2021-03-29',141,69,NULL),
	('2021-03-28',141,69,NULL),
	('2021-03-27',141,69,NULL),
	('2021-03-26',141,69,NULL),
	('2021-03-25',141,69,NULL),
	('2021-03-24',141,69,NULL),
	('2021-03-23',141,69,NULL),
	('2021-03-22',141,69,NULL),
	('2021-03-21',141,69,NULL),
	('2021-03-20',141,69,NULL),
	('2021-03-19',141,69,NULL),
	('2021-03-18',141,69,NULL),
	('2021-03-17',141,69,NULL),
	('2021-03-16',141,69,NULL),
	('2021-03-15',141,69,NULL),
	('2021-03-14',141,69,NULL),
	('2021-03-13',141,69,NULL),
	('2021-03-12',141,69,NULL),
	('2021-03-11',141,69,NULL),
	('2021-03-10',141,69,NULL),
	('2021-03-09',141,69,NULL),
	('2021-03-08',141,69,NULL),
	('2021-03-07',141,69,NULL),
	('2021-03-06',141,69,NULL),
	('2021-03-05',141,69,NULL),
	('2021-03-04',141,69,NULL),
	('2021-03-03',141,69,NULL),
	('2021-03-02',141,69,NULL),
	('2021-03-01',141,69,NULL),
	('2021-02-28',141,69,NULL),
	('2021-02-27',141,69,NULL),
	('2021-02-26',141,69,NULL),
	('2021-02-25',141,69,NULL),
	('2021-02-24',141,69,NULL),
	('2021-02-23',141,69,NULL),
	('2021-02-22',141,69,NULL),
	('2021-02-21',141,69,NULL),
	('2021-02-20',141,69,NULL),
	('2021-02-19',141,69,NULL),
	('2021-02-18',141,69,NULL),
	('2021-02-17',141,69,NULL),
	('2021-02-16',141,69,NULL),
	('2021-02-15',141,69,NULL),
	('2021-02-14',141,69,NULL),
	('2021-02-13',141,69,NULL),
	('2021-02-12',141,69,NULL),
	('2021-02-11',141,69,NULL),
	('2021-02-10',141,69,NULL),
	('2021-02-09',141,69,NULL),
	('2021-02-08',141,69,NULL),
	('2021-02-07',141,69,NULL),
	('2021-02-06',141,69,NULL),
	('2021-02-05',141,69,NULL),
	('2021-02-04',141,69,NULL),
	('2021-02-03',141,69,NULL),
	('2021-02-02',141,69,NULL),
	('2021-02-01',141,69,NULL),
	('2021-01-31',141,69,NULL),
	('2021-01-30',141,69,NULL),
	('2021-01-29',141,69,NULL),
	('2021-01-28',141,69,NULL),
	('2021-01-27',141,69,NULL),
	('2021-01-26',141,69,NULL),
	('2021-01-25',141,69,NULL),
	('2021-01-24',141,69,NULL),
	('2021-01-23',141,69,NULL),
	('2021-01-22',141,69,NULL),
	('2021-01-21',141,69,NULL),
	('2021-01-20',141,69,NULL),
	('2021-01-19',141,69,NULL),
	('2021-01-18',141,69,NULL),
	('2021-01-17',141,69,NULL),
	('2021-01-16',141,69,NULL),
	('2021-01-15',141,69,NULL),
	('2021-01-14',141,69,NULL),
	('2021-01-13',141,69,NULL),
	('2021-01-01',141,69,NULL),
	('2019-06-15',19,89,0),
	('2019-06-16',19,89,0),
	('2019-06-17',19,89,0),
	('2019-06-18',19,89,0),
	('2019-06-19',19,89,0),
	('2019-06-20',19,89,0),
	('2019-06-21',19,89,0),
	('2019-06-22',19,89,0),
	('2019-06-23',19,89,0),
	('2019-06-24',19,89,0),
	('2019-06-25',19,89,0),
	('2019-06-26',19,89,0),
	('2019-06-27',19,89,0),
	('2019-06-28',19,89,0),
	('2019-06-29',19,89,0),
	('2019-06-30',19,89,0),
	('2019-07-01',19,89,0),
	('2019-07-02',19,89,0),
	('2019-07-03',19,89,0),
	('2019-07-04',19,89,0),
	('2019-07-05',19,89,0),
	('2019-07-06',19,89,0),
	('2019-07-07',19,89,0),
	('2019-07-08',19,89,0),
	('2019-07-09',19,89,0),
	('2019-07-10',19,89,0),
	('2019-07-11',19,89,0),
	('2019-07-12',19,89,0),
	('2019-07-13',19,89,0),
	('2019-07-14',19,89,0),
	('2019-07-15',19,89,0),
	('2019-07-16',19,89,0),
	('2019-07-17',19,89,0),
	('2019-07-18',19,89,0),
	('2019-07-19',19,89,0),
	('2019-07-20',19,89,0),
	('2019-07-21',19,89,0),
	('2019-07-22',19,89,0),
	('2019-07-23',19,89,0),
	('2019-07-24',19,89,0),
	('2019-07-25',19,89,0),
	('2019-07-26',19,89,0),
	('2019-07-27',19,89,0),
	('2019-07-28',19,89,0),
	('2019-07-29',19,89,0),
	('2019-07-30',19,89,0),
	('2019-07-31',19,89,0),
	('2019-08-01',19,89,0),
	('2019-08-02',19,89,0),
	('2019-08-03',19,89,0),
	('2019-08-04',19,89,0),
	('2019-08-05',19,89,0),
	('2019-08-06',19,89,0),
	('2019-08-07',19,89,0),
	('2019-08-08',19,89,0),
	('2019-08-09',19,89,0),
	('2019-08-10',19,89,0),
	('2019-08-11',19,89,0),
	('2019-08-12',19,89,0),
	('2019-08-13',19,89,0),
	('2019-08-14',19,89,0),
	('2019-08-15',19,89,0),
	('2019-08-16',19,89,0),
	('2019-08-17',19,89,0),
	('2019-08-18',19,89,0),
	('2019-08-19',19,89,0),
	('2019-08-20',19,89,0),
	('2019-08-21',19,89,0),
	('2019-08-22',19,89,0),
	('2019-08-23',19,89,0),
	('2019-08-24',19,89,0),
	('2019-08-25',19,89,0),
	('2019-08-26',19,89,0),
	('2019-08-27',19,89,0),
	('2019-08-28',19,89,0),
	('2019-08-29',19,89,0),
	('2019-08-30',19,89,0),
	('2019-08-31',19,89,0),
	('2019-09-01',19,89,0),
	('2019-09-02',19,89,0),
	('2019-09-03',19,89,0),
	('2019-09-04',19,89,0),
	('2019-09-05',19,89,0),
	('2019-09-06',19,89,0),
	('2019-09-07',19,89,0),
	('2019-09-08',19,89,0),
	('2019-09-09',19,89,0),
	('2019-09-10',19,89,0),
	('2019-12-31',20,279,0),
	('2019-06-15',21,94,0),
	('2019-06-16',21,94,0),
	('2019-06-17',21,94,0),
	('2019-06-18',21,94,0),
	('2019-06-19',21,94,0),
	('2019-06-20',21,94,0),
	('2019-06-21',21,94,0),
	('2019-06-22',21,94,0),
	('2019-06-23',21,94,0),
	('2019-06-24',21,94,0),
	('2019-06-25',21,94,0),
	('2019-06-26',21,94,0),
	('2019-06-27',21,94,0),
	('2019-06-28',21,94,0),
	('2019-06-29',21,94,0),
	('2019-06-30',21,94,0),
	('2019-07-01',21,94,0),
	('2019-07-02',21,94,0),
	('2019-07-03',21,94,0),
	('2019-07-04',21,94,0),
	('2019-07-05',21,94,0),
	('2019-07-06',21,94,0),
	('2019-07-07',21,94,0),
	('2019-07-08',21,94,0),
	('2019-07-09',21,94,0),
	('2019-07-10',21,94,0),
	('2019-07-11',21,94,0),
	('2019-07-12',21,94,0),
	('2019-07-13',21,94,0),
	('2019-07-14',21,94,0),
	('2019-07-15',21,94,0),
	('2019-07-16',21,94,0),
	('2019-07-17',21,94,0),
	('2019-07-18',21,94,0),
	('2019-07-19',21,94,0),
	('2019-07-20',21,94,0),
	('2019-07-21',21,94,0),
	('2019-07-22',21,94,0),
	('2019-07-23',21,94,0),
	('2019-07-24',21,94,0),
	('2019-07-25',21,94,0),
	('2019-07-26',21,94,0),
	('2019-07-27',21,94,0),
	('2019-07-28',21,94,0),
	('2019-07-29',21,94,0),
	('2019-07-30',21,94,0),
	('2019-07-31',21,94,0),
	('2019-08-01',21,94,0),
	('2019-08-02',21,94,0),
	('2019-08-03',21,94,0),
	('2019-08-04',21,94,0),
	('2019-08-05',21,94,0),
	('2019-08-06',21,94,0),
	('2019-08-07',21,94,0),
	('2019-08-08',21,94,0),
	('2019-08-09',21,94,0),
	('2019-08-10',21,94,0),
	('2019-08-11',21,94,0),
	('2019-08-12',21,94,0),
	('2019-08-13',21,94,0),
	('2019-08-14',21,94,0),
	('2019-08-15',21,94,0),
	('2019-08-16',21,94,0),
	('2019-08-17',21,94,0),
	('2019-08-18',21,94,0),
	('2019-08-19',21,94,0),
	('2019-08-20',21,94,0),
	('2019-08-21',21,94,0),
	('2019-08-22',21,94,0),
	('2019-08-23',21,94,0),
	('2019-08-24',21,94,0),
	('2019-08-25',21,94,0),
	('2019-08-26',21,94,0),
	('2019-08-27',21,94,0),
	('2019-08-28',21,94,0),
	('2019-08-29',21,94,0),
	('2019-08-30',21,94,0),
	('2019-08-31',21,94,0),
	('2019-09-01',21,94,0),
	('2019-09-02',21,94,0),
	('2019-09-03',21,94,0),
	('2019-09-04',21,94,0),
	('2019-09-05',21,94,0),
	('2019-09-06',21,94,0),
	('2019-09-07',21,94,0),
	('2019-09-08',21,94,0),
	('2019-09-09',21,94,0),
	('2019-09-10',21,94,0),
	('2019-12-31',22,284,0),
	('2019-06-15',23,79,0),
	('2019-06-16',23,79,0),
	('2019-06-17',23,79,0),
	('2019-06-18',23,79,0),
	('2019-06-19',23,79,0),
	('2019-06-20',23,79,0),
	('2019-06-21',23,79,0),
	('2019-06-22',23,79,0),
	('2019-06-23',23,79,0),
	('2019-06-24',23,79,0),
	('2019-06-25',23,79,0),
	('2019-06-26',23,79,0),
	('2019-06-27',23,79,0),
	('2019-06-28',23,79,0),
	('2019-06-29',23,79,0),
	('2019-06-30',23,79,0),
	('2019-07-01',23,79,0),
	('2019-07-02',23,79,0),
	('2019-07-03',23,79,0),
	('2019-07-04',23,79,0),
	('2019-07-05',23,79,0),
	('2019-07-06',23,79,0),
	('2019-07-07',23,79,0),
	('2019-07-08',23,79,0),
	('2019-07-09',23,79,0),
	('2019-07-10',23,79,0),
	('2019-07-11',23,79,0),
	('2019-07-12',23,79,0),
	('2019-07-13',23,79,0),
	('2019-07-14',23,79,0),
	('2019-07-15',23,79,0),
	('2019-07-16',23,79,0),
	('2019-07-17',23,79,0),
	('2019-07-18',23,79,0),
	('2019-07-19',23,79,0),
	('2019-07-20',23,79,0),
	('2019-07-21',23,79,0),
	('2019-07-22',23,79,0),
	('2019-07-23',23,79,0),
	('2019-07-24',23,79,0),
	('2019-07-25',23,79,0),
	('2019-07-26',23,79,0),
	('2019-07-27',23,79,0),
	('2019-07-28',23,79,0),
	('2019-07-29',23,79,0),
	('2019-07-30',23,79,0),
	('2019-07-31',23,79,0),
	('2019-08-01',23,79,0),
	('2019-08-02',23,79,0),
	('2019-08-03',23,79,0),
	('2019-08-04',23,79,0),
	('2019-08-05',23,79,0),
	('2019-08-06',23,79,0),
	('2019-08-07',23,79,0),
	('2019-08-08',23,79,0),
	('2019-08-09',23,79,0),
	('2019-08-10',23,79,0),
	('2019-08-11',23,79,0),
	('2019-08-12',23,79,0),
	('2019-08-13',23,79,0),
	('2019-08-14',23,79,0),
	('2019-08-15',23,79,0),
	('2019-08-16',23,79,0),
	('2019-08-17',23,79,0),
	('2019-08-18',23,79,0),
	('2019-08-19',23,79,0),
	('2019-08-20',23,79,0),
	('2019-08-21',23,79,0),
	('2019-08-22',23,79,0),
	('2019-08-23',23,79,0),
	('2019-08-24',23,79,0),
	('2019-08-25',23,79,0),
	('2019-08-26',23,79,0),
	('2019-08-27',23,79,0),
	('2019-08-28',23,79,0),
	('2019-08-29',23,79,0),
	('2019-08-30',23,79,0),
	('2019-08-31',23,79,0),
	('2019-09-01',23,79,0),
	('2019-09-02',23,79,0),
	('2019-09-03',23,79,0),
	('2019-09-04',23,79,0),
	('2019-09-05',23,79,0),
	('2019-09-06',23,79,0),
	('2019-09-07',23,79,0),
	('2019-09-08',23,79,0),
	('2019-09-09',23,79,0),
	('2019-09-10',23,79,0),
	('2019-12-31',24,174,0),
	('2019-06-15',25,134,0),
	('2019-06-16',25,134,0),
	('2019-06-17',25,134,0),
	('2019-06-18',25,134,0),
	('2019-06-19',25,134,0),
	('2019-06-20',25,134,0),
	('2019-06-21',25,134,0),
	('2019-06-22',25,134,0),
	('2019-06-23',25,134,0),
	('2019-06-24',25,134,0),
	('2019-06-25',25,134,0),
	('2019-06-26',25,134,0),
	('2019-06-27',25,134,0),
	('2019-06-28',25,134,0),
	('2019-06-29',25,134,0),
	('2019-06-30',25,134,0),
	('2019-07-01',25,134,0),
	('2019-07-02',25,134,0),
	('2019-07-03',25,134,0),
	('2019-07-04',25,134,0),
	('2019-07-05',25,134,0),
	('2019-07-06',25,134,0),
	('2019-07-07',25,134,0),
	('2019-07-08',25,134,0),
	('2019-07-09',25,134,0),
	('2019-07-10',25,134,0),
	('2019-07-11',25,134,0),
	('2019-07-12',25,134,0),
	('2019-07-13',25,134,0),
	('2019-07-14',25,134,0),
	('2019-07-15',25,134,0),
	('2019-07-16',25,134,0),
	('2019-07-17',25,134,0),
	('2019-07-18',25,134,0),
	('2019-07-19',25,134,0),
	('2019-07-20',25,134,0),
	('2019-07-21',25,134,0),
	('2019-07-22',25,134,0),
	('2019-07-23',25,134,0),
	('2019-07-24',25,134,0),
	('2019-07-25',25,134,0),
	('2019-07-26',25,134,0),
	('2019-07-27',25,134,0),
	('2019-07-28',25,134,0),
	('2019-07-29',25,134,0),
	('2019-07-30',25,134,0),
	('2019-07-31',25,134,0),
	('2019-08-01',25,134,0),
	('2019-08-02',25,134,0),
	('2019-08-03',25,134,0),
	('2019-08-04',25,134,0),
	('2019-08-05',25,134,0),
	('2019-08-06',25,134,0),
	('2019-08-07',25,134,0),
	('2019-08-08',25,134,0),
	('2019-08-09',25,134,0),
	('2019-08-10',25,134,0),
	('2019-08-11',25,134,0),
	('2019-08-12',25,134,0),
	('2019-08-13',25,134,0),
	('2019-08-14',25,134,0),
	('2019-08-15',25,134,0),
	('2019-08-16',25,134,0),
	('2019-08-17',25,134,0),
	('2019-08-18',25,134,0),
	('2019-08-19',25,134,0),
	('2019-08-20',25,134,0),
	('2019-08-21',25,134,0),
	('2019-08-22',25,134,0),
	('2019-08-23',25,134,0),
	('2019-08-24',25,134,0),
	('2019-08-25',25,134,0),
	('2019-08-26',25,134,0),
	('2019-08-27',25,134,0),
	('2019-08-28',25,134,0),
	('2019-08-29',25,134,0),
	('2019-08-30',25,134,0),
	('2019-08-31',25,134,0),
	('2019-09-01',25,134,0),
	('2019-09-02',25,134,0),
	('2019-09-03',25,134,0),
	('2019-09-04',25,134,0),
	('2019-09-05',25,134,0),
	('2019-09-06',25,134,0),
	('2019-09-07',25,134,0),
	('2019-09-08',25,134,0),
	('2019-09-09',25,134,0),
	('2019-09-10',25,134,0),
	('2019-12-31',26,324,0),
	('2019-06-15',27,114,0),
	('2019-06-16',27,114,0),
	('2019-06-17',27,114,0),
	('2019-06-18',27,114,0),
	('2019-06-19',27,114,0),
	('2019-06-20',27,114,0),
	('2019-06-21',27,114,0),
	('2019-06-22',27,114,0),
	('2019-06-23',27,114,0),
	('2019-06-24',27,114,0),
	('2019-06-25',27,114,0),
	('2019-06-26',27,114,0),
	('2019-06-27',27,114,0),
	('2019-06-28',27,114,0),
	('2019-06-29',27,114,0),
	('2019-06-30',27,114,0),
	('2019-07-01',27,114,0),
	('2019-07-02',27,114,0),
	('2019-07-03',27,114,0),
	('2019-07-04',27,114,0),
	('2019-07-05',27,114,0),
	('2019-07-06',27,114,0),
	('2019-07-07',27,114,0),
	('2019-07-08',27,114,0),
	('2019-07-09',27,114,0),
	('2019-07-10',27,114,0),
	('2019-07-11',27,114,0),
	('2019-07-12',27,114,0),
	('2019-07-13',27,114,0),
	('2019-07-14',27,114,0),
	('2019-07-15',27,114,0),
	('2019-07-16',27,114,0),
	('2019-07-17',27,114,0),
	('2019-07-18',27,114,0),
	('2019-07-19',27,114,0),
	('2019-07-20',27,114,0),
	('2019-07-21',27,114,0),
	('2019-07-22',27,114,0),
	('2019-07-23',27,114,0),
	('2019-07-24',27,114,0),
	('2019-07-25',27,114,0),
	('2019-07-26',27,114,0),
	('2019-07-27',27,114,0),
	('2019-07-28',27,114,0),
	('2019-07-29',27,114,0),
	('2019-07-30',27,114,0),
	('2019-07-31',27,114,0),
	('2019-08-01',27,114,0),
	('2019-08-02',27,114,0),
	('2019-08-03',27,114,0),
	('2019-08-04',27,114,0),
	('2019-08-05',27,114,0),
	('2019-08-06',27,114,0),
	('2019-08-07',27,114,0),
	('2019-08-08',27,114,0),
	('2019-08-09',27,114,0),
	('2019-08-10',27,114,0),
	('2019-08-11',27,114,0),
	('2019-08-12',27,114,0),
	('2019-08-13',27,114,0),
	('2019-08-14',27,114,0),
	('2019-08-15',27,114,0),
	('2019-08-16',27,114,0),
	('2019-08-17',27,114,0),
	('2019-08-18',27,114,0),
	('2019-08-19',27,114,0),
	('2019-08-20',27,114,0),
	('2019-08-21',27,114,0),
	('2019-08-22',27,114,0),
	('2019-08-23',27,114,0),
	('2019-08-24',27,114,0),
	('2019-08-25',27,114,0),
	('2019-08-26',27,114,0),
	('2019-08-27',27,114,0),
	('2019-08-28',27,114,0),
	('2019-08-29',27,114,0),
	('2019-08-30',27,114,0),
	('2019-08-31',27,114,0),
	('2019-09-01',27,114,0),
	('2019-09-02',27,114,0),
	('2019-09-03',27,114,0),
	('2019-09-04',27,114,0),
	('2019-09-05',27,114,0),
	('2019-09-06',27,114,0),
	('2019-09-07',27,114,0),
	('2019-09-08',27,114,0),
	('2019-09-09',27,114,0),
	('2019-09-10',27,114,0),
	('2019-12-31',28,304,0),
	('2019-03-09',39,114,0),
	('2019-03-08',39,114,0),
	('2019-03-07',39,114,0),
	('2019-03-06',39,114,0),
	('2019-03-05',39,114,0),
	('2019-02-16',38,114,0),
	('2019-02-15',38,114,0),
	('2019-03-22',40,114,0),
	('2019-03-23',40,114,0),
	('2019-04-18',41,114,0),
	('2019-04-19',41,114,0),
	('2019-04-20',41,114,0),
	('2019-04-21',41,114,0),
	('2019-04-25',42,114,0),
	('2019-04-26',42,114,0),
	('2019-04-27',42,114,0),
	('2019-05-03',43,114,0),
	('2019-05-04',43,114,0),
	('2019-06-08',44,114,0),
	('2019-06-09',44,114,0),
	('2019-06-10',44,114,0),
	('2019-06-13',45,114,0),
	('2019-06-14',45,114,0),
	('2019-06-15',45,114,0),
	('2019-08-17',56,164,100),
	('2019-08-16',56,164,100),
	('2019-08-15',56,164,100),
	('2019-06-22',55,164,100),
	('2019-06-21',55,164,100),
	('2019-06-20',55,164,100),
	('2019-10-04',48,114,0),
	('2019-10-05',48,114,0),
	('2019-10-31',49,114,0),
	('2019-11-01',50,114,0),
	('2019-11-02',50,114,0),
	('2020-01-01',51,114,0),
	('2021-05-02',141,69,NULL),
	('2021-05-01',141,69,NULL),
	('2021-04-30',141,69,NULL),
	('2021-05-04',141,69,NULL),
	('2021-05-03',141,69,NULL),
	('2021-04-29',141,69,NULL),
	('2021-04-28',141,69,NULL),
	('2021-04-27',141,69,NULL),
	('2021-04-26',141,69,NULL),
	('2021-04-25',141,69,NULL),
	('2021-04-24',141,69,NULL),
	('2021-04-23',141,69,NULL),
	('2021-04-22',141,69,NULL),
	('2021-04-21',141,69,NULL),
	('2021-04-20',141,69,NULL),
	('2021-04-19',141,69,NULL),
	('2021-04-18',141,69,NULL),
	('2021-04-17',141,69,NULL),
	('2021-04-16',141,69,NULL),
	('2021-04-15',141,69,NULL),
	('2021-04-14',141,69,NULL),
	('2021-04-13',141,69,NULL),
	('2021-04-12',141,69,NULL),
	('2021-04-11',141,69,NULL),
	('2021-01-12',141,69,NULL),
	('2021-01-11',141,69,NULL),
	('2021-01-10',141,69,NULL),
	('2021-01-09',141,69,NULL),
	('2021-01-08',141,69,NULL),
	('2021-01-07',141,69,NULL),
	('2021-01-06',141,69,NULL),
	('2021-01-05',141,69,NULL),
	('2021-01-04',141,69,NULL),
	('2021-01-03',141,69,NULL),
	('2021-01-02',141,69,NULL),
	('2021-05-05',141,69,NULL),
	('2019-02-15',71,74,NULL),
	('2019-02-16',71,74,NULL),
	('2019-03-05',72,74,NULL),
	('2019-03-06',72,74,NULL),
	('2019-03-07',72,74,NULL),
	('2019-03-08',72,74,NULL),
	('2019-03-09',72,74,NULL),
	('2019-03-22',73,74,NULL),
	('2019-03-23',73,74,NULL),
	('2019-04-18',74,74,NULL),
	('2019-04-19',74,74,NULL),
	('2019-04-20',74,74,NULL),
	('2019-04-21',74,74,NULL),
	('2019-04-25',75,74,NULL),
	('2019-04-26',75,74,NULL),
	('2019-04-27',75,74,NULL),
	('2019-05-03',76,74,NULL),
	('2019-05-04',76,74,NULL),
	('2019-06-08',77,74,NULL),
	('2019-06-09',77,74,NULL),
	('2019-06-10',77,74,NULL),
	('2019-06-13',78,74,NULL),
	('2019-06-14',78,74,NULL),
	('2019-06-15',78,74,NULL),
	('2019-06-22',79,99,100),
	('2019-06-21',79,99,100),
	('2019-06-20',79,99,100),
	('2019-08-15',80,99,100),
	('2019-08-16',80,99,100),
	('2019-08-17',80,99,100),
	('2019-10-04',81,74,NULL),
	('2019-10-05',81,74,NULL),
	('2019-10-31',82,74,NULL),
	('2019-11-01',83,74,NULL),
	('2019-11-02',83,74,NULL),
	('2020-01-01',84,74,NULL),
	('2019-02-15',85,88,NULL),
	('2019-02-16',85,88,NULL),
	('2019-03-05',86,88,NULL),
	('2019-03-06',86,88,NULL),
	('2019-03-07',86,88,NULL),
	('2019-03-08',86,88,NULL),
	('2019-03-09',86,88,NULL),
	('2019-03-22',87,88,NULL),
	('2019-03-23',87,88,NULL),
	('2019-04-18',88,88,NULL),
	('2019-04-19',88,88,NULL),
	('2019-04-20',88,88,NULL),
	('2019-04-21',88,88,NULL),
	('2019-04-25',89,88,NULL),
	('2019-04-26',89,88,NULL),
	('2019-04-27',89,88,NULL),
	('2019-05-03',90,88,NULL),
	('2019-05-04',90,88,NULL),
	('2019-06-08',91,88,NULL),
	('2019-06-09',91,88,NULL),
	('2019-06-10',91,88,NULL),
	('2019-06-13',92,88,NULL),
	('2019-06-14',92,88,NULL),
	('2019-06-15',92,88,NULL),
	('2019-06-20',93,104,100),
	('2019-06-21',93,104,100),
	('2019-06-22',93,104,100),
	('2019-08-15',94,104,100),
	('2019-08-16',94,104,100),
	('2019-08-17',94,104,100),
	('2019-10-04',95,88,NULL),
	('2019-10-05',95,88,NULL),
	('2019-10-31',96,88,NULL),
	('2019-11-01',97,88,NULL),
	('2019-11-02',97,88,NULL),
	('2020-01-01',98,88,NULL),
	('2019-02-15',99,61,NULL),
	('2019-02-16',99,61,NULL),
	('2019-03-05',100,61,NULL),
	('2019-03-06',100,61,NULL),
	('2019-03-07',100,61,NULL),
	('2019-03-08',100,61,NULL),
	('2019-03-09',100,61,NULL),
	('2019-03-22',101,61,NULL),
	('2019-03-23',101,61,NULL),
	('2019-04-18',102,61,NULL),
	('2019-04-19',102,61,NULL),
	('2019-04-20',102,61,NULL),
	('2019-04-21',102,61,NULL),
	('2019-04-25',103,61,NULL),
	('2019-04-26',103,61,NULL),
	('2019-04-27',103,61,NULL),
	('2019-05-03',104,61,NULL),
	('2019-05-04',104,61,NULL),
	('2019-06-08',105,61,NULL),
	('2019-06-09',105,61,NULL),
	('2019-06-10',105,61,NULL),
	('2019-06-13',106,61,NULL),
	('2019-06-14',106,61,NULL),
	('2019-06-15',106,61,NULL),
	('2019-06-20',107,89,100),
	('2019-06-21',107,89,100),
	('2019-06-22',107,89,100),
	('2019-08-15',108,89,100),
	('2019-08-16',108,89,100),
	('2019-08-17',108,89,100),
	('2019-10-04',109,61,NULL),
	('2019-10-05',109,61,NULL),
	('2019-10-31',110,61,NULL),
	('2019-11-01',111,61,NULL),
	('2019-11-02',111,61,NULL),
	('2020-01-01',112,61,NULL),
	('2019-02-15',113,101,NULL),
	('2019-02-16',113,101,NULL),
	('2019-03-05',114,101,NULL),
	('2019-03-06',114,101,NULL),
	('2019-03-07',114,101,NULL),
	('2019-03-08',114,101,NULL),
	('2019-03-09',114,101,NULL),
	('2019-03-22',115,101,NULL),
	('2019-03-23',115,101,NULL),
	('2019-04-18',116,101,NULL),
	('2019-04-19',116,101,NULL),
	('2019-04-20',116,101,NULL),
	('2019-04-21',116,101,NULL),
	('2019-04-25',117,101,NULL),
	('2019-04-26',117,101,NULL),
	('2019-04-27',117,101,NULL),
	('2019-05-03',118,101,NULL),
	('2019-05-04',118,101,NULL),
	('2019-06-08',119,101,NULL),
	('2019-06-09',119,101,NULL),
	('2019-06-10',119,101,NULL),
	('2019-06-13',120,101,NULL),
	('2019-06-14',120,101,NULL),
	('2019-06-15',120,101,NULL),
	('2019-06-20',121,144,100),
	('2019-06-21',121,144,100),
	('2019-06-22',121,144,100),
	('2019-08-15',122,144,100),
	('2019-08-16',122,144,100),
	('2019-08-17',122,144,100),
	('2019-10-04',123,101,NULL),
	('2019-10-05',123,101,NULL),
	('2019-10-31',124,101,NULL),
	('2019-11-01',125,101,NULL),
	('2019-11-02',125,101,NULL),
	('2020-01-01',126,101,NULL),
	('2019-02-15',127,83,NULL),
	('2019-02-16',127,83,NULL),
	('2019-03-05',128,83,NULL),
	('2019-03-06',128,83,NULL),
	('2019-03-07',128,83,NULL),
	('2019-03-08',128,83,NULL),
	('2019-03-09',128,83,NULL),
	('2019-03-22',129,83,NULL),
	('2019-03-23',129,83,NULL),
	('2019-04-18',130,83,NULL),
	('2019-04-19',130,83,NULL),
	('2019-04-20',130,83,NULL),
	('2019-04-21',130,83,NULL),
	('2019-04-25',131,83,NULL),
	('2019-04-26',131,83,NULL),
	('2019-04-27',131,83,NULL),
	('2019-05-03',132,83,NULL),
	('2019-05-04',132,83,NULL),
	('2019-06-08',133,83,NULL),
	('2019-06-09',133,83,NULL),
	('2019-06-10',133,83,NULL),
	('2019-06-13',134,83,NULL),
	('2019-06-14',134,83,NULL),
	('2019-06-15',134,83,NULL),
	('2019-06-20',135,124,100),
	('2019-06-21',135,124,100),
	('2019-06-22',135,124,100),
	('2019-08-15',136,124,100),
	('2019-08-16',136,124,100),
	('2019-08-17',136,124,100),
	('2019-10-04',137,83,NULL),
	('2019-10-05',137,83,NULL),
	('2019-10-31',138,83,NULL),
	('2019-11-01',139,83,NULL),
	('2019-11-02',139,83,NULL),
	('2020-01-01',140,83,NULL),
	('2021-11-03',142,69,NULL),
	('2021-11-04',142,69,NULL),
	('2021-11-05',142,69,NULL),
	('2021-11-06',142,69,NULL),
	('2021-11-07',142,69,NULL),
	('2021-11-08',142,69,NULL),
	('2021-11-09',142,69,NULL),
	('2021-11-10',142,69,NULL),
	('2021-11-11',142,69,NULL),
	('2021-11-12',142,69,NULL),
	('2021-11-13',142,69,NULL),
	('2021-11-14',142,69,NULL),
	('2021-11-15',142,69,NULL),
	('2021-11-16',142,69,NULL),
	('2021-11-17',142,69,NULL),
	('2021-11-18',142,69,NULL),
	('2021-11-19',142,69,NULL),
	('2021-11-20',142,69,NULL),
	('2021-11-21',142,69,NULL),
	('2021-11-22',142,69,NULL),
	('2021-11-23',142,69,NULL),
	('2021-11-24',142,69,NULL),
	('2021-11-25',142,69,NULL),
	('2021-11-26',142,69,NULL),
	('2021-11-27',142,69,NULL),
	('2021-11-28',142,69,NULL),
	('2021-11-29',142,69,NULL),
	('2021-11-30',142,69,NULL),
	('2021-12-01',142,69,NULL),
	('2021-12-02',142,69,NULL),
	('2021-12-03',142,69,NULL),
	('2021-12-04',142,69,NULL),
	('2021-12-05',142,69,NULL),
	('2021-12-06',142,69,NULL),
	('2021-12-07',142,69,NULL),
	('2021-12-08',142,69,NULL),
	('2021-12-09',142,69,NULL),
	('2021-12-10',142,69,NULL),
	('2021-12-11',142,69,NULL),
	('2021-12-12',142,69,NULL),
	('2021-12-13',142,69,NULL),
	('2021-12-14',142,69,NULL),
	('2021-12-15',142,69,NULL),
	('2021-12-16',142,69,NULL),
	('2021-12-17',142,69,NULL),
	('2021-12-18',142,69,NULL),
	('2021-12-19',142,69,NULL),
	('2021-12-20',142,69,NULL),
	('2021-12-21',142,69,NULL),
	('2021-12-22',142,69,NULL),
	('2021-12-23',142,69,NULL),
	('2021-12-24',142,69,NULL),
	('2021-12-25',142,69,NULL),
	('2021-12-26',142,69,NULL),
	('2021-12-27',142,69,NULL),
	('2021-12-28',142,69,NULL),
	('2021-12-29',142,69,NULL),
	('2021-12-30',142,69,NULL),
	('2021-07-01',143,94,NULL),
	('2021-07-02',143,94,NULL),
	('2021-07-03',143,94,NULL),
	('2021-07-04',143,94,NULL),
	('2021-07-05',143,94,NULL),
	('2021-07-06',143,94,NULL),
	('2021-07-07',143,94,NULL),
	('2021-07-08',143,94,NULL),
	('2021-07-09',143,94,NULL),
	('2021-07-10',143,94,NULL),
	('2021-07-11',143,94,NULL),
	('2021-07-12',143,94,NULL),
	('2021-07-13',143,94,NULL),
	('2021-07-14',143,94,NULL),
	('2021-07-15',143,94,NULL),
	('2021-07-16',143,94,NULL),
	('2021-07-17',143,94,NULL),
	('2021-07-18',143,94,NULL),
	('2021-07-19',143,94,NULL),
	('2021-07-20',143,94,NULL),
	('2021-07-21',143,94,NULL),
	('2021-07-22',143,94,NULL),
	('2021-07-23',143,94,NULL),
	('2021-07-24',143,94,NULL),
	('2021-07-25',143,94,NULL),
	('2021-07-26',143,94,NULL),
	('2021-07-27',143,94,NULL),
	('2021-07-28',143,94,NULL),
	('2021-07-29',143,94,NULL),
	('2021-07-30',143,94,NULL),
	('2021-07-31',143,94,NULL),
	('2021-08-01',143,94,NULL),
	('2021-08-02',143,94,NULL),
	('2021-08-03',143,94,NULL),
	('2021-08-04',143,94,NULL),
	('2021-08-05',143,94,NULL),
	('2021-08-06',143,94,NULL),
	('2021-08-07',143,94,NULL),
	('2021-08-08',143,94,NULL),
	('2021-08-09',143,94,NULL),
	('2021-08-10',143,94,NULL),
	('2021-08-11',143,94,NULL),
	('2021-08-12',143,94,NULL),
	('2021-08-13',143,94,NULL),
	('2021-08-14',143,94,NULL),
	('2021-08-15',143,94,NULL),
	('2021-08-16',143,94,NULL),
	('2021-08-17',143,94,NULL),
	('2021-08-18',143,94,NULL),
	('2021-08-19',143,94,NULL),
	('2021-08-20',143,94,NULL),
	('2021-08-21',143,94,NULL),
	('2021-08-22',143,94,NULL),
	('2021-08-23',143,94,NULL),
	('2021-08-24',143,94,NULL),
	('2021-08-25',143,94,NULL),
	('2021-08-26',143,94,NULL),
	('2021-08-27',143,94,NULL),
	('2021-08-28',143,94,NULL),
	('2021-08-29',143,94,NULL),
	('2021-08-30',143,94,NULL),
	('2021-08-31',143,94,NULL),
	('2021-09-01',143,94,NULL),
	('2021-09-02',143,94,NULL),
	('2021-09-03',143,94,NULL),
	('2021-09-04',143,94,NULL),
	('2021-09-05',143,94,NULL),
	('2021-09-06',143,94,NULL),
	('2021-09-07',143,94,NULL),
	('2021-09-08',143,94,NULL),
	('2021-09-09',143,94,NULL),
	('2021-09-10',143,94,NULL),
	('2021-09-11',143,94,NULL),
	('2021-09-12',143,94,NULL),
	('2021-09-13',143,94,NULL),
	('2021-09-14',143,94,NULL),
	('2021-09-15',143,94,NULL),
	('2021-09-16',143,94,NULL),
	('2021-09-17',143,94,NULL),
	('2021-09-18',143,94,NULL),
	('2021-09-19',143,94,NULL),
	('2021-09-20',143,94,NULL),
	('2021-09-21',143,94,NULL),
	('2021-09-22',143,94,NULL),
	('2021-09-23',143,94,NULL),
	('2021-09-24',143,94,NULL),
	('2021-09-25',143,94,NULL),
	('2021-09-26',143,94,NULL),
	('2021-09-27',143,94,NULL),
	('2021-09-28',143,94,NULL),
	('2021-09-29',143,94,NULL),
	('2021-09-30',143,94,NULL),
	('2021-12-31',144,189,NULL),
	('2021-01-01',145,84,NULL),
	('2021-01-02',145,84,NULL),
	('2021-01-03',145,84,NULL),
	('2021-01-04',145,84,NULL),
	('2021-01-05',145,84,NULL),
	('2021-01-06',145,84,NULL),
	('2021-01-07',145,84,NULL),
	('2021-01-08',145,84,NULL),
	('2021-01-09',145,84,NULL),
	('2021-01-10',145,84,NULL),
	('2021-01-11',145,84,NULL),
	('2021-01-12',145,84,NULL),
	('2021-01-13',145,84,NULL),
	('2021-01-14',145,84,NULL),
	('2021-01-15',145,84,NULL),
	('2021-01-16',145,84,NULL),
	('2021-01-17',145,84,NULL),
	('2021-01-18',145,84,NULL),
	('2021-01-19',145,84,NULL),
	('2021-01-20',145,84,NULL),
	('2021-01-21',145,84,NULL),
	('2021-01-22',145,84,NULL),
	('2021-01-23',145,84,NULL),
	('2021-01-24',145,84,NULL),
	('2021-01-25',145,84,NULL),
	('2021-01-26',145,84,NULL),
	('2021-01-27',145,84,NULL),
	('2021-01-28',145,84,NULL),
	('2021-01-29',145,84,NULL),
	('2021-01-30',145,84,NULL),
	('2021-01-31',145,84,NULL),
	('2021-02-01',145,84,NULL),
	('2021-02-02',145,84,NULL),
	('2021-02-03',145,84,NULL),
	('2021-02-04',145,84,NULL),
	('2021-02-05',145,84,NULL),
	('2021-02-06',145,84,NULL),
	('2021-02-07',145,84,NULL),
	('2021-02-08',145,84,NULL),
	('2021-02-09',145,84,NULL),
	('2021-02-10',145,84,NULL),
	('2021-02-11',145,84,NULL),
	('2021-02-12',145,84,NULL),
	('2021-02-13',145,84,NULL),
	('2021-02-14',145,84,NULL),
	('2021-02-15',145,84,NULL),
	('2021-02-16',145,84,NULL),
	('2021-02-17',145,84,NULL),
	('2021-02-18',145,84,NULL),
	('2021-02-19',145,84,NULL),
	('2021-02-20',145,84,NULL),
	('2021-02-21',145,84,NULL),
	('2021-02-22',145,84,NULL),
	('2021-02-23',145,84,NULL),
	('2021-02-24',145,84,NULL),
	('2021-02-25',145,84,NULL),
	('2021-02-26',145,84,NULL),
	('2021-02-27',145,84,NULL),
	('2021-02-28',145,84,NULL),
	('2021-03-01',145,84,NULL),
	('2021-03-02',145,84,NULL),
	('2021-03-03',145,84,NULL),
	('2021-03-04',145,84,NULL),
	('2021-03-05',145,84,NULL),
	('2021-03-06',145,84,NULL),
	('2021-03-07',145,84,NULL),
	('2021-03-08',145,84,NULL),
	('2021-03-09',145,84,NULL),
	('2021-03-10',145,84,NULL),
	('2021-03-11',145,84,NULL),
	('2021-03-12',145,84,NULL),
	('2021-03-13',145,84,NULL),
	('2021-03-14',145,84,NULL),
	('2021-03-15',145,84,NULL),
	('2021-03-16',145,84,NULL),
	('2021-03-17',145,84,NULL),
	('2021-03-18',145,84,NULL),
	('2021-03-19',145,84,NULL),
	('2021-03-20',145,84,NULL),
	('2021-03-21',145,84,NULL),
	('2021-03-22',145,84,NULL),
	('2021-03-23',145,84,NULL),
	('2021-03-24',145,84,NULL),
	('2021-03-25',145,84,NULL),
	('2021-03-26',145,84,NULL),
	('2021-03-27',145,84,NULL),
	('2021-03-28',145,84,NULL),
	('2021-03-29',145,84,NULL),
	('2021-03-30',145,84,NULL),
	('2021-03-31',145,84,NULL),
	('2021-04-01',145,84,NULL),
	('2021-04-02',145,84,NULL),
	('2021-04-03',145,84,NULL),
	('2021-04-04',145,84,NULL),
	('2021-04-05',145,84,NULL),
	('2021-04-06',145,84,NULL),
	('2021-04-07',145,84,NULL),
	('2021-04-08',145,84,NULL),
	('2021-04-09',145,84,NULL),
	('2021-04-10',145,84,NULL),
	('2021-04-11',145,84,NULL),
	('2021-04-12',145,84,NULL),
	('2021-04-13',145,84,NULL),
	('2021-04-14',145,84,NULL),
	('2021-04-15',145,84,NULL),
	('2021-04-16',145,84,NULL),
	('2021-04-17',145,84,NULL),
	('2021-04-18',145,84,NULL),
	('2021-04-19',145,84,NULL),
	('2021-04-20',145,84,NULL),
	('2021-04-21',145,84,NULL),
	('2021-04-22',145,84,NULL),
	('2021-04-23',145,84,NULL),
	('2021-04-24',145,84,NULL),
	('2021-04-25',145,84,NULL),
	('2021-04-26',145,84,NULL),
	('2021-04-27',145,84,NULL),
	('2021-04-28',145,84,NULL),
	('2021-04-29',145,84,NULL),
	('2021-04-30',145,84,NULL),
	('2021-05-01',145,84,NULL),
	('2021-05-02',145,84,NULL),
	('2021-05-03',145,84,NULL),
	('2021-05-04',145,84,NULL),
	('2021-05-05',145,84,NULL),
	('2021-05-06',145,84,NULL),
	('2021-05-07',145,84,NULL),
	('2021-05-08',145,84,NULL),
	('2021-05-09',145,84,NULL),
	('2021-05-10',145,84,NULL),
	('2021-05-11',145,84,NULL),
	('2021-05-12',145,84,NULL),
	('2021-05-13',145,84,NULL),
	('2021-05-14',145,84,NULL),
	('2021-05-15',145,84,NULL),
	('2021-05-16',145,84,NULL),
	('2021-05-17',145,84,NULL),
	('2021-05-18',145,84,NULL),
	('2021-05-19',145,84,NULL),
	('2021-05-20',145,84,NULL),
	('2021-05-21',145,84,NULL),
	('2021-05-22',145,84,NULL),
	('2021-05-23',145,84,NULL),
	('2021-05-24',145,84,NULL),
	('2021-05-25',145,84,NULL),
	('2021-05-26',145,84,NULL),
	('2021-05-27',145,84,NULL),
	('2021-05-28',145,84,NULL),
	('2021-05-29',145,84,NULL),
	('2021-05-30',145,84,NULL),
	('2021-05-31',145,84,NULL),
	('2021-06-01',145,84,NULL),
	('2021-06-02',145,84,NULL),
	('2021-06-03',145,84,NULL),
	('2021-06-04',145,84,NULL),
	('2021-06-05',145,84,NULL),
	('2021-06-06',145,84,NULL),
	('2021-06-07',145,84,NULL),
	('2021-06-08',145,84,NULL),
	('2021-06-09',145,84,NULL),
	('2021-06-10',145,84,NULL),
	('2021-06-11',145,84,NULL),
	('2021-06-12',145,84,NULL),
	('2021-06-13',145,84,NULL),
	('2021-06-14',145,84,NULL),
	('2021-06-15',145,84,NULL),
	('2021-06-16',145,84,NULL),
	('2021-06-17',145,84,NULL),
	('2021-06-18',145,84,NULL),
	('2021-06-19',145,84,NULL),
	('2021-06-20',145,84,NULL),
	('2021-06-21',145,84,NULL),
	('2021-06-22',145,84,NULL),
	('2021-06-23',145,84,NULL),
	('2021-06-24',145,84,NULL),
	('2021-06-25',145,84,NULL),
	('2021-06-26',145,84,NULL),
	('2021-06-27',145,84,NULL),
	('2021-06-28',145,84,NULL),
	('2021-06-29',145,84,NULL),
	('2021-06-30',145,84,NULL),
	('2021-10-01',146,84,NULL),
	('2021-10-02',146,84,NULL),
	('2021-10-03',146,84,NULL),
	('2021-10-04',146,84,NULL),
	('2021-10-05',146,84,NULL),
	('2021-10-06',146,84,NULL),
	('2021-10-07',146,84,NULL),
	('2021-10-08',146,84,NULL),
	('2021-10-09',146,84,NULL),
	('2021-10-10',146,84,NULL),
	('2021-10-11',146,84,NULL),
	('2021-10-12',146,84,NULL),
	('2021-10-13',146,84,NULL),
	('2021-10-14',146,84,NULL),
	('2021-10-15',146,84,NULL),
	('2021-10-16',146,84,NULL),
	('2021-10-17',146,84,NULL),
	('2021-10-18',146,84,NULL),
	('2021-10-19',146,84,NULL),
	('2021-10-20',146,84,NULL),
	('2021-10-21',146,84,NULL),
	('2021-10-22',146,84,NULL),
	('2021-10-23',146,84,NULL),
	('2021-10-24',146,84,NULL),
	('2021-10-25',146,84,NULL),
	('2021-10-26',146,84,NULL),
	('2021-10-27',146,84,NULL),
	('2021-10-28',146,84,NULL),
	('2021-10-29',146,84,NULL),
	('2021-10-30',146,84,NULL),
	('2021-10-31',146,84,NULL),
	('2021-11-01',146,84,NULL),
	('2021-11-02',146,84,NULL),
	('2021-11-03',146,84,NULL),
	('2021-11-04',146,84,NULL),
	('2021-11-05',146,84,NULL),
	('2021-11-06',146,84,NULL),
	('2021-11-07',146,84,NULL),
	('2021-11-08',146,84,NULL),
	('2021-11-09',146,84,NULL),
	('2021-11-10',146,84,NULL),
	('2021-11-11',146,84,NULL),
	('2021-11-12',146,84,NULL),
	('2021-11-13',146,84,NULL),
	('2021-11-14',146,84,NULL),
	('2021-11-15',146,84,NULL),
	('2021-11-16',146,84,NULL),
	('2021-11-17',146,84,NULL),
	('2021-11-18',146,84,NULL),
	('2021-11-19',146,84,NULL),
	('2021-11-20',146,84,NULL),
	('2021-11-21',146,84,NULL),
	('2021-11-22',146,84,NULL),
	('2021-11-23',146,84,NULL),
	('2021-11-24',146,84,NULL),
	('2021-11-25',146,84,NULL),
	('2021-11-26',146,84,NULL),
	('2021-11-27',146,84,NULL),
	('2021-11-28',146,84,NULL),
	('2021-11-29',146,84,NULL),
	('2021-11-30',146,84,NULL),
	('2021-12-01',146,84,NULL),
	('2021-12-02',146,84,NULL),
	('2021-12-03',146,84,NULL),
	('2021-12-04',146,84,NULL),
	('2021-12-05',146,84,NULL),
	('2021-12-06',146,84,NULL),
	('2021-12-07',146,84,NULL),
	('2021-12-08',146,84,NULL),
	('2021-12-09',146,84,NULL),
	('2021-12-10',146,84,NULL),
	('2021-12-11',146,84,NULL),
	('2021-12-12',146,84,NULL),
	('2021-12-13',146,84,NULL),
	('2021-12-14',146,84,NULL),
	('2021-12-15',146,84,NULL),
	('2021-12-16',146,84,NULL),
	('2021-12-17',146,84,NULL),
	('2021-12-18',146,84,NULL),
	('2021-12-19',146,84,NULL),
	('2021-12-20',146,84,NULL),
	('2021-12-21',146,84,NULL),
	('2021-12-22',146,84,NULL),
	('2021-12-23',146,84,NULL),
	('2021-12-24',146,84,NULL),
	('2021-12-25',146,84,NULL),
	('2021-12-26',146,84,NULL),
	('2021-12-27',146,84,NULL),
	('2021-12-28',146,84,NULL),
	('2021-12-29',146,84,NULL),
	('2021-12-30',146,84,NULL),
	('2021-07-01',147,134,NULL),
	('2021-07-02',147,134,NULL),
	('2021-07-03',147,134,NULL),
	('2021-07-04',147,134,NULL),
	('2021-07-05',147,134,NULL),
	('2021-07-06',147,134,NULL),
	('2021-07-07',147,134,NULL),
	('2021-07-08',147,134,NULL),
	('2021-07-09',147,134,NULL),
	('2021-07-10',147,134,NULL),
	('2021-07-11',147,134,NULL),
	('2021-07-12',147,134,NULL),
	('2021-07-13',147,134,NULL),
	('2021-07-14',147,134,NULL),
	('2021-07-15',147,134,NULL),
	('2021-07-16',147,134,NULL),
	('2021-07-17',147,134,NULL),
	('2021-07-18',147,134,NULL),
	('2021-07-19',147,134,NULL),
	('2021-07-20',147,134,NULL),
	('2021-07-21',147,134,NULL),
	('2021-07-22',147,134,NULL),
	('2021-07-23',147,134,NULL),
	('2021-07-24',147,134,NULL),
	('2021-07-25',147,134,NULL),
	('2021-07-26',147,134,NULL),
	('2021-07-27',147,134,NULL),
	('2021-07-28',147,134,NULL),
	('2021-07-29',147,134,NULL),
	('2021-07-30',147,134,NULL),
	('2021-07-31',147,134,NULL),
	('2021-08-01',147,134,NULL),
	('2021-08-02',147,134,NULL),
	('2021-08-03',147,134,NULL),
	('2021-08-04',147,134,NULL),
	('2021-08-05',147,134,NULL),
	('2021-08-06',147,134,NULL),
	('2021-08-07',147,134,NULL),
	('2021-08-08',147,134,NULL),
	('2021-08-09',147,134,NULL),
	('2021-08-10',147,134,NULL),
	('2021-08-11',147,134,NULL),
	('2021-08-12',147,134,NULL),
	('2021-08-13',147,134,NULL),
	('2021-08-14',147,134,NULL),
	('2021-08-15',147,134,NULL),
	('2021-08-16',147,134,NULL),
	('2021-08-17',147,134,NULL),
	('2021-08-18',147,134,NULL),
	('2021-08-19',147,134,NULL),
	('2021-08-20',147,134,NULL),
	('2021-08-21',147,134,NULL),
	('2021-08-22',147,134,NULL),
	('2021-08-23',147,134,NULL),
	('2021-08-24',147,134,NULL),
	('2021-08-25',147,134,NULL),
	('2021-08-26',147,134,NULL),
	('2021-08-27',147,134,NULL),
	('2021-08-28',147,134,NULL),
	('2021-08-29',147,134,NULL),
	('2021-08-30',147,134,NULL),
	('2021-08-31',147,134,NULL),
	('2021-09-01',147,134,NULL),
	('2021-09-02',147,134,NULL),
	('2021-09-03',147,134,NULL),
	('2021-09-04',147,134,NULL),
	('2021-09-05',147,134,NULL),
	('2021-09-06',147,134,NULL),
	('2021-09-07',147,134,NULL),
	('2021-09-08',147,134,NULL),
	('2021-09-09',147,134,NULL),
	('2021-09-10',147,134,NULL),
	('2021-09-11',147,134,NULL),
	('2021-09-12',147,134,NULL),
	('2021-09-13',147,134,NULL),
	('2021-09-14',147,134,NULL),
	('2021-09-15',147,134,NULL),
	('2021-09-16',147,134,NULL),
	('2021-09-17',147,134,NULL),
	('2021-09-18',147,134,NULL),
	('2021-09-19',147,134,NULL),
	('2021-09-20',147,134,NULL),
	('2021-09-21',147,134,NULL),
	('2021-09-22',147,134,NULL),
	('2021-09-23',147,134,NULL),
	('2021-09-24',147,134,NULL),
	('2021-09-25',147,134,NULL),
	('2021-09-26',147,134,NULL),
	('2021-09-27',147,134,NULL),
	('2021-09-28',147,134,NULL),
	('2021-09-29',147,134,NULL),
	('2021-09-30',147,134,NULL),
	('2021-12-31',148,324,NULL),
	('2021-01-01',149,84,NULL),
	('2021-01-02',149,84,NULL),
	('2021-01-03',149,84,NULL),
	('2021-01-04',149,84,NULL),
	('2021-01-05',149,84,NULL),
	('2021-01-06',149,84,NULL),
	('2021-01-07',149,84,NULL),
	('2021-01-08',149,84,NULL),
	('2021-01-09',149,84,NULL),
	('2021-01-10',149,84,NULL),
	('2021-01-11',149,84,NULL),
	('2021-01-12',149,84,NULL),
	('2021-01-13',149,84,NULL),
	('2021-01-14',149,84,NULL),
	('2021-01-15',149,84,NULL),
	('2021-01-16',149,84,NULL),
	('2021-01-17',149,84,NULL),
	('2021-01-18',149,84,NULL),
	('2021-01-19',149,84,NULL),
	('2021-01-20',149,84,NULL),
	('2021-01-21',149,84,NULL),
	('2021-01-22',149,84,NULL),
	('2021-01-23',149,84,NULL),
	('2021-01-24',149,84,NULL),
	('2021-01-25',149,84,NULL),
	('2021-01-26',149,84,NULL),
	('2021-01-27',149,84,NULL),
	('2021-01-28',149,84,NULL),
	('2021-01-29',149,84,NULL),
	('2021-01-30',149,84,NULL),
	('2021-01-31',149,84,NULL),
	('2021-02-01',149,84,NULL),
	('2021-02-02',149,84,NULL),
	('2021-02-03',149,84,NULL),
	('2021-02-04',149,84,NULL),
	('2021-02-05',149,84,NULL),
	('2021-02-06',149,84,NULL),
	('2021-02-07',149,84,NULL),
	('2021-02-08',149,84,NULL),
	('2021-02-09',149,84,NULL),
	('2021-02-10',149,84,NULL),
	('2021-02-11',149,84,NULL),
	('2021-02-12',149,84,NULL),
	('2021-02-13',149,84,NULL),
	('2021-02-14',149,84,NULL),
	('2021-02-15',149,84,NULL),
	('2021-02-16',149,84,NULL),
	('2021-02-17',149,84,NULL),
	('2021-02-18',149,84,NULL),
	('2021-02-19',149,84,NULL),
	('2021-02-20',149,84,NULL),
	('2021-02-21',149,84,NULL),
	('2021-02-22',149,84,NULL),
	('2021-02-23',149,84,NULL),
	('2021-02-24',149,84,NULL),
	('2021-02-25',149,84,NULL),
	('2021-02-26',149,84,NULL),
	('2021-02-27',149,84,NULL),
	('2021-02-28',149,84,NULL),
	('2021-03-01',149,84,NULL),
	('2021-03-02',149,84,NULL),
	('2021-03-03',149,84,NULL),
	('2021-03-04',149,84,NULL),
	('2021-03-05',149,84,NULL),
	('2021-03-06',149,84,NULL),
	('2021-03-07',149,84,NULL),
	('2021-03-08',149,84,NULL),
	('2021-03-09',149,84,NULL),
	('2021-03-10',149,84,NULL),
	('2021-03-11',149,84,NULL),
	('2021-03-12',149,84,NULL),
	('2021-03-13',149,84,NULL),
	('2021-03-14',149,84,NULL),
	('2021-03-15',149,84,NULL),
	('2021-03-16',149,84,NULL),
	('2021-03-17',149,84,NULL),
	('2021-03-18',149,84,NULL),
	('2021-03-19',149,84,NULL),
	('2021-03-20',149,84,NULL),
	('2021-03-21',149,84,NULL),
	('2021-03-22',149,84,NULL),
	('2021-03-23',149,84,NULL),
	('2021-03-24',149,84,NULL),
	('2021-03-25',149,84,NULL),
	('2021-03-26',149,84,NULL),
	('2021-03-27',149,84,NULL),
	('2021-03-28',149,84,NULL),
	('2021-03-29',149,84,NULL),
	('2021-03-30',149,84,NULL),
	('2021-03-31',149,84,NULL),
	('2021-04-01',149,84,NULL),
	('2021-04-02',149,84,NULL),
	('2021-04-03',149,84,NULL),
	('2021-04-04',149,84,NULL),
	('2021-04-05',149,84,NULL),
	('2021-04-06',149,84,NULL),
	('2021-04-07',149,84,NULL),
	('2021-04-08',149,84,NULL),
	('2021-04-09',149,84,NULL),
	('2021-04-10',149,84,NULL),
	('2021-04-11',149,84,NULL),
	('2021-04-12',149,84,NULL),
	('2021-04-13',149,84,NULL),
	('2021-04-14',149,84,NULL),
	('2021-04-15',149,84,NULL),
	('2021-04-16',149,84,NULL),
	('2021-04-17',149,84,NULL),
	('2021-04-18',149,84,NULL),
	('2021-04-19',149,84,NULL),
	('2021-04-20',149,84,NULL),
	('2021-04-21',149,84,NULL),
	('2021-04-22',149,84,NULL),
	('2021-04-23',149,84,NULL),
	('2021-04-24',149,84,NULL),
	('2021-04-25',149,84,NULL),
	('2021-04-26',149,84,NULL),
	('2021-04-27',149,84,NULL),
	('2021-04-28',149,84,NULL),
	('2021-04-29',149,84,NULL),
	('2021-04-30',149,84,NULL),
	('2021-05-01',149,84,NULL),
	('2021-05-02',149,84,NULL),
	('2021-05-03',149,84,NULL),
	('2021-05-04',149,84,NULL),
	('2021-05-05',149,84,NULL),
	('2021-05-06',149,84,NULL),
	('2021-05-07',149,84,NULL),
	('2021-05-08',149,84,NULL),
	('2021-05-09',149,84,NULL),
	('2021-05-10',149,84,NULL),
	('2021-05-11',149,84,NULL),
	('2021-05-12',149,84,NULL),
	('2021-05-13',149,84,NULL),
	('2021-05-14',149,84,NULL),
	('2021-05-15',149,84,NULL),
	('2021-05-16',149,84,NULL),
	('2021-05-17',149,84,NULL),
	('2021-05-18',149,84,NULL),
	('2021-05-19',149,84,NULL),
	('2021-05-20',149,84,NULL),
	('2021-05-21',149,84,NULL),
	('2021-05-22',149,84,NULL),
	('2021-05-23',149,84,NULL),
	('2021-05-24',149,84,NULL),
	('2021-05-25',149,84,NULL),
	('2021-05-26',149,84,NULL),
	('2021-05-27',149,84,NULL),
	('2021-05-28',149,84,NULL),
	('2021-05-29',149,84,NULL),
	('2021-05-30',149,84,NULL),
	('2021-05-31',149,84,NULL),
	('2021-06-01',149,84,NULL),
	('2021-06-02',149,84,NULL),
	('2021-06-03',149,84,NULL),
	('2021-06-04',149,84,NULL),
	('2021-06-05',149,84,NULL),
	('2021-06-06',149,84,NULL),
	('2021-06-07',149,84,NULL),
	('2021-06-08',149,84,NULL),
	('2021-06-09',149,84,NULL),
	('2021-06-10',149,84,NULL),
	('2021-06-11',149,84,NULL),
	('2021-06-12',149,84,NULL),
	('2021-06-13',149,84,NULL),
	('2021-06-14',149,84,NULL),
	('2021-06-15',149,84,NULL),
	('2021-06-16',149,84,NULL),
	('2021-06-17',149,84,NULL),
	('2021-06-18',149,84,NULL),
	('2021-06-19',149,84,NULL),
	('2021-06-20',149,84,NULL),
	('2021-06-21',149,84,NULL),
	('2021-06-22',149,84,NULL),
	('2021-06-23',149,84,NULL),
	('2021-06-24',149,84,NULL),
	('2021-06-25',149,84,NULL),
	('2021-06-26',149,84,NULL),
	('2021-06-27',149,84,NULL),
	('2021-06-28',149,84,NULL),
	('2021-06-29',149,84,NULL),
	('2021-06-30',149,84,NULL),
	('2021-10-01',150,84,NULL),
	('2021-10-02',150,84,NULL),
	('2021-10-03',150,84,NULL),
	('2021-10-04',150,84,NULL),
	('2021-10-05',150,84,NULL),
	('2021-10-06',150,84,NULL),
	('2021-10-07',150,84,NULL),
	('2021-10-08',150,84,NULL),
	('2021-10-09',150,84,NULL),
	('2021-10-10',150,84,NULL),
	('2021-10-11',150,84,NULL),
	('2021-10-12',150,84,NULL),
	('2021-10-13',150,84,NULL),
	('2021-10-14',150,84,NULL),
	('2021-10-15',150,84,NULL),
	('2021-10-16',150,84,NULL),
	('2021-10-17',150,84,NULL),
	('2021-10-18',150,84,NULL),
	('2021-10-19',150,84,NULL),
	('2021-10-20',150,84,NULL),
	('2021-10-21',150,84,NULL),
	('2021-10-22',150,84,NULL),
	('2021-10-23',150,84,NULL),
	('2021-10-24',150,84,NULL),
	('2021-10-25',150,84,NULL),
	('2021-10-26',150,84,NULL),
	('2021-10-27',150,84,NULL),
	('2021-10-28',150,84,NULL),
	('2021-10-29',150,84,NULL),
	('2021-10-30',150,84,NULL),
	('2021-10-31',150,84,NULL),
	('2021-11-01',150,84,NULL),
	('2021-11-02',150,84,NULL),
	('2021-11-03',150,84,NULL),
	('2021-11-04',150,84,NULL),
	('2021-11-05',150,84,NULL),
	('2021-11-06',150,84,NULL),
	('2021-11-07',150,84,NULL),
	('2021-11-08',150,84,NULL),
	('2021-11-09',150,84,NULL),
	('2021-11-10',150,84,NULL),
	('2021-11-11',150,84,NULL),
	('2021-11-12',150,84,NULL),
	('2021-11-13',150,84,NULL),
	('2021-11-14',150,84,NULL),
	('2021-11-15',150,84,NULL),
	('2021-11-16',150,84,NULL),
	('2021-11-17',150,84,NULL),
	('2021-11-18',150,84,NULL),
	('2021-11-19',150,84,NULL),
	('2021-11-20',150,84,NULL),
	('2021-11-21',150,84,NULL),
	('2021-11-22',150,84,NULL),
	('2021-11-23',150,84,NULL),
	('2021-11-24',150,84,NULL),
	('2021-11-25',150,84,NULL),
	('2021-11-26',150,84,NULL),
	('2021-11-27',150,84,NULL),
	('2021-11-28',150,84,NULL),
	('2021-11-29',150,84,NULL),
	('2021-11-30',150,84,NULL),
	('2021-12-01',150,84,NULL),
	('2021-12-02',150,84,NULL),
	('2021-12-03',150,84,NULL),
	('2021-12-04',150,84,NULL),
	('2021-12-05',150,84,NULL),
	('2021-12-06',150,84,NULL),
	('2021-12-07',150,84,NULL),
	('2021-12-08',150,84,NULL),
	('2021-12-09',150,84,NULL),
	('2021-12-10',150,84,NULL),
	('2021-12-11',150,84,NULL),
	('2021-12-12',150,84,NULL),
	('2021-12-13',150,84,NULL),
	('2021-12-14',150,84,NULL),
	('2021-12-15',150,84,NULL),
	('2021-12-16',150,84,NULL),
	('2021-12-17',150,84,NULL),
	('2021-12-18',150,84,NULL),
	('2021-12-19',150,84,NULL),
	('2021-12-20',150,84,NULL),
	('2021-12-21',150,84,NULL),
	('2021-12-22',150,84,NULL),
	('2021-12-23',150,84,NULL),
	('2021-12-24',150,84,NULL),
	('2021-12-25',150,84,NULL),
	('2021-12-26',150,84,NULL),
	('2021-12-27',150,84,NULL),
	('2021-12-28',150,84,NULL),
	('2021-12-29',150,84,NULL),
	('2021-12-30',150,84,NULL),
	('2021-07-01',151,134,NULL),
	('2021-07-02',151,134,NULL),
	('2021-07-03',151,134,NULL),
	('2021-07-04',151,134,NULL),
	('2021-07-05',151,134,NULL),
	('2021-07-06',151,134,NULL),
	('2021-07-07',151,134,NULL),
	('2021-07-08',151,134,NULL),
	('2021-07-09',151,134,NULL),
	('2021-07-10',151,134,NULL),
	('2021-07-11',151,134,NULL),
	('2021-07-12',151,134,NULL),
	('2021-07-13',151,134,NULL),
	('2021-07-14',151,134,NULL),
	('2021-07-15',151,134,NULL),
	('2021-07-16',151,134,NULL),
	('2021-07-17',151,134,NULL),
	('2021-07-18',151,134,NULL),
	('2021-07-19',151,134,NULL),
	('2021-07-20',151,134,NULL),
	('2021-07-21',151,134,NULL),
	('2021-07-22',151,134,NULL),
	('2021-07-23',151,134,NULL),
	('2021-07-24',151,134,NULL),
	('2021-07-25',151,134,NULL),
	('2021-07-26',151,134,NULL),
	('2021-07-27',151,134,NULL),
	('2021-07-28',151,134,NULL),
	('2021-07-29',151,134,NULL),
	('2021-07-30',151,134,NULL),
	('2021-07-31',151,134,NULL),
	('2021-08-01',151,134,NULL),
	('2021-08-02',151,134,NULL),
	('2021-08-03',151,134,NULL),
	('2021-08-04',151,134,NULL),
	('2021-08-05',151,134,NULL),
	('2021-08-06',151,134,NULL),
	('2021-08-07',151,134,NULL),
	('2021-08-08',151,134,NULL),
	('2021-08-09',151,134,NULL),
	('2021-08-10',151,134,NULL),
	('2021-08-11',151,134,NULL),
	('2021-08-12',151,134,NULL),
	('2021-08-13',151,134,NULL),
	('2021-08-14',151,134,NULL),
	('2021-08-15',151,134,NULL),
	('2021-08-16',151,134,NULL),
	('2021-08-17',151,134,NULL),
	('2021-08-18',151,134,NULL),
	('2021-08-19',151,134,NULL),
	('2021-08-20',151,134,NULL),
	('2021-08-21',151,134,NULL),
	('2021-08-22',151,134,NULL),
	('2021-08-23',151,134,NULL),
	('2021-08-24',151,134,NULL),
	('2021-08-25',151,134,NULL),
	('2021-08-26',151,134,NULL),
	('2021-08-27',151,134,NULL),
	('2021-08-28',151,134,NULL),
	('2021-08-29',151,134,NULL),
	('2021-08-30',151,134,NULL),
	('2021-08-31',151,134,NULL),
	('2021-09-01',151,134,NULL),
	('2021-09-02',151,134,NULL),
	('2021-09-03',151,134,NULL),
	('2021-09-04',151,134,NULL),
	('2021-09-05',151,134,NULL),
	('2021-09-06',151,134,NULL),
	('2021-09-07',151,134,NULL),
	('2021-09-08',151,134,NULL),
	('2021-09-09',151,134,NULL),
	('2021-09-10',151,134,NULL),
	('2021-09-11',151,134,NULL),
	('2021-09-12',151,134,NULL),
	('2021-09-13',151,134,NULL),
	('2021-09-14',151,134,NULL),
	('2021-09-15',151,134,NULL),
	('2021-09-16',151,134,NULL),
	('2021-09-17',151,134,NULL),
	('2021-09-18',151,134,NULL),
	('2021-09-19',151,134,NULL),
	('2021-09-20',151,134,NULL),
	('2021-09-21',151,134,NULL),
	('2021-09-22',151,134,NULL),
	('2021-09-23',151,134,NULL),
	('2021-09-24',151,134,NULL),
	('2021-09-25',151,134,NULL),
	('2021-09-26',151,134,NULL),
	('2021-09-27',151,134,NULL),
	('2021-09-28',151,134,NULL),
	('2021-09-29',151,134,NULL),
	('2021-09-30',151,134,NULL),
	('2021-12-31',152,324,NULL),
	('2021-01-01',153,89,NULL),
	('2021-01-02',153,89,NULL),
	('2021-01-03',153,89,NULL),
	('2021-01-04',153,89,NULL),
	('2021-01-05',153,89,NULL),
	('2021-01-06',153,89,NULL),
	('2021-01-07',153,89,NULL),
	('2021-01-08',153,89,NULL),
	('2021-01-09',153,89,NULL),
	('2021-01-10',153,89,NULL),
	('2021-01-11',153,89,NULL),
	('2021-01-12',153,89,NULL),
	('2021-01-13',153,89,NULL),
	('2021-01-14',153,89,NULL),
	('2021-01-15',153,89,NULL),
	('2021-01-16',153,89,NULL),
	('2021-01-17',153,89,NULL),
	('2021-01-18',153,89,NULL),
	('2021-01-19',153,89,NULL),
	('2021-01-20',153,89,NULL),
	('2021-01-21',153,89,NULL),
	('2021-01-22',153,89,NULL),
	('2021-01-23',153,89,NULL),
	('2021-01-24',153,89,NULL),
	('2021-01-25',153,89,NULL),
	('2021-01-26',153,89,NULL),
	('2021-01-27',153,89,NULL),
	('2021-01-28',153,89,NULL),
	('2021-01-29',153,89,NULL),
	('2021-01-30',153,89,NULL),
	('2021-01-31',153,89,NULL),
	('2021-02-01',153,89,NULL),
	('2021-02-02',153,89,NULL),
	('2021-02-03',153,89,NULL),
	('2021-02-04',153,89,NULL),
	('2021-02-05',153,89,NULL),
	('2021-02-06',153,89,NULL),
	('2021-02-07',153,89,NULL),
	('2021-02-08',153,89,NULL),
	('2021-02-09',153,89,NULL),
	('2021-02-10',153,89,NULL),
	('2021-02-11',153,89,NULL),
	('2021-02-12',153,89,NULL),
	('2021-02-13',153,89,NULL),
	('2021-02-14',153,89,NULL),
	('2021-02-15',153,89,NULL),
	('2021-02-16',153,89,NULL),
	('2021-02-17',153,89,NULL),
	('2021-02-18',153,89,NULL),
	('2021-02-19',153,89,NULL),
	('2021-02-20',153,89,NULL),
	('2021-02-21',153,89,NULL),
	('2021-02-22',153,89,NULL),
	('2021-02-23',153,89,NULL),
	('2021-02-24',153,89,NULL),
	('2021-02-25',153,89,NULL),
	('2021-02-26',153,89,NULL),
	('2021-02-27',153,89,NULL),
	('2021-02-28',153,89,NULL),
	('2021-03-01',153,89,NULL),
	('2021-03-02',153,89,NULL),
	('2021-03-03',153,89,NULL),
	('2021-03-04',153,89,NULL),
	('2021-03-05',153,89,NULL),
	('2021-03-06',153,89,NULL),
	('2021-03-07',153,89,NULL),
	('2021-03-08',153,89,NULL),
	('2021-03-09',153,89,NULL),
	('2021-03-10',153,89,NULL),
	('2021-03-11',153,89,NULL),
	('2021-03-12',153,89,NULL),
	('2021-03-13',153,89,NULL),
	('2021-03-14',153,89,NULL),
	('2021-03-15',153,89,NULL),
	('2021-03-16',153,89,NULL),
	('2021-03-17',153,89,NULL),
	('2021-03-18',153,89,NULL),
	('2021-03-19',153,89,NULL),
	('2021-03-20',153,89,NULL),
	('2021-03-21',153,89,NULL),
	('2021-03-22',153,89,NULL),
	('2021-03-23',153,89,NULL),
	('2021-03-24',153,89,NULL),
	('2021-03-25',153,89,NULL),
	('2021-03-26',153,89,NULL),
	('2021-03-27',153,89,NULL),
	('2021-03-28',153,89,NULL),
	('2021-03-29',153,89,NULL),
	('2021-03-30',153,89,NULL),
	('2021-03-31',153,89,NULL),
	('2021-04-01',153,89,NULL),
	('2021-04-02',153,89,NULL),
	('2021-04-03',153,89,NULL),
	('2021-04-04',153,89,NULL),
	('2021-04-05',153,89,NULL),
	('2021-04-06',153,89,NULL),
	('2021-04-07',153,89,NULL),
	('2021-04-08',153,89,NULL),
	('2021-04-09',153,89,NULL),
	('2021-04-10',153,89,NULL),
	('2021-04-11',153,89,NULL),
	('2021-04-12',153,89,NULL),
	('2021-04-13',153,89,NULL),
	('2021-04-14',153,89,NULL),
	('2021-04-15',153,89,NULL),
	('2021-04-16',153,89,NULL),
	('2021-04-17',153,89,NULL),
	('2021-04-18',153,89,NULL),
	('2021-04-19',153,89,NULL),
	('2021-04-20',153,89,NULL),
	('2021-04-21',153,89,NULL),
	('2021-04-22',153,89,NULL),
	('2021-04-23',153,89,NULL),
	('2021-04-24',153,89,NULL),
	('2021-04-25',153,89,NULL),
	('2021-04-26',153,89,NULL),
	('2021-04-27',153,89,NULL),
	('2021-04-28',153,89,NULL),
	('2021-04-29',153,89,NULL),
	('2021-04-30',153,89,NULL),
	('2021-05-01',153,89,NULL),
	('2021-05-02',153,89,NULL),
	('2021-05-03',153,89,NULL),
	('2021-05-04',153,89,NULL),
	('2021-05-05',153,89,NULL),
	('2021-05-06',153,89,NULL),
	('2021-05-07',153,89,NULL),
	('2021-05-08',153,89,NULL),
	('2021-05-09',153,89,NULL),
	('2021-05-10',153,89,NULL),
	('2021-05-11',153,89,NULL),
	('2021-05-12',153,89,NULL),
	('2021-05-13',153,89,NULL),
	('2021-05-14',153,89,NULL),
	('2021-05-15',153,89,NULL),
	('2021-05-16',153,89,NULL),
	('2021-05-17',153,89,NULL),
	('2021-05-18',153,89,NULL),
	('2021-05-19',153,89,NULL),
	('2021-05-20',153,89,NULL),
	('2021-05-21',153,89,NULL),
	('2021-05-22',153,89,NULL),
	('2021-05-23',153,89,NULL),
	('2021-05-24',153,89,NULL),
	('2021-05-25',153,89,NULL),
	('2021-05-26',153,89,NULL),
	('2021-05-27',153,89,NULL),
	('2021-05-28',153,89,NULL),
	('2021-05-29',153,89,NULL),
	('2021-05-30',153,89,NULL),
	('2021-05-31',153,89,NULL),
	('2021-06-01',153,89,NULL),
	('2021-06-02',153,89,NULL),
	('2021-06-03',153,89,NULL),
	('2021-06-04',153,89,NULL),
	('2021-06-05',153,89,NULL),
	('2021-06-06',153,89,NULL),
	('2021-06-07',153,89,NULL),
	('2021-06-08',153,89,NULL),
	('2021-06-09',153,89,NULL),
	('2021-06-10',153,89,NULL),
	('2021-06-11',153,89,NULL),
	('2021-06-12',153,89,NULL),
	('2021-06-13',153,89,NULL),
	('2021-06-14',153,89,NULL),
	('2021-06-15',153,89,NULL),
	('2021-06-16',153,89,NULL),
	('2021-06-17',153,89,NULL),
	('2021-06-18',153,89,NULL),
	('2021-06-19',153,89,NULL),
	('2021-06-20',153,89,NULL),
	('2021-06-21',153,89,NULL),
	('2021-06-22',153,89,NULL),
	('2021-06-23',153,89,NULL),
	('2021-06-24',153,89,NULL),
	('2021-06-25',153,89,NULL),
	('2021-06-26',153,89,NULL),
	('2021-06-27',153,89,NULL),
	('2021-06-28',153,89,NULL),
	('2021-06-29',153,89,NULL),
	('2021-06-30',153,89,NULL),
	('2021-10-01',154,89,NULL),
	('2021-10-02',154,89,NULL),
	('2021-10-03',154,89,NULL),
	('2021-10-04',154,89,NULL),
	('2021-10-05',154,89,NULL),
	('2021-10-06',154,89,NULL),
	('2021-10-07',154,89,NULL),
	('2021-10-08',154,89,NULL),
	('2021-10-09',154,89,NULL),
	('2021-10-10',154,89,NULL),
	('2021-10-11',154,89,NULL),
	('2021-10-12',154,89,NULL),
	('2021-10-13',154,89,NULL),
	('2021-10-14',154,89,NULL),
	('2021-10-15',154,89,NULL),
	('2021-10-16',154,89,NULL),
	('2021-10-17',154,89,NULL),
	('2021-10-18',154,89,NULL),
	('2021-10-19',154,89,NULL),
	('2021-10-20',154,89,NULL),
	('2021-10-21',154,89,NULL),
	('2021-10-22',154,89,NULL),
	('2021-10-23',154,89,NULL),
	('2021-10-24',154,89,NULL),
	('2021-10-25',154,89,NULL),
	('2021-10-26',154,89,NULL),
	('2021-10-27',154,89,NULL),
	('2021-10-28',154,89,NULL),
	('2021-10-29',154,89,NULL),
	('2021-10-30',154,89,NULL),
	('2021-10-31',154,89,NULL),
	('2021-11-01',154,89,NULL),
	('2021-11-02',154,89,NULL),
	('2021-11-03',154,89,NULL),
	('2021-11-04',154,89,NULL),
	('2021-11-05',154,89,NULL),
	('2021-11-06',154,89,NULL),
	('2021-11-07',154,89,NULL),
	('2021-11-08',154,89,NULL),
	('2021-11-09',154,89,NULL),
	('2021-11-10',154,89,NULL),
	('2021-11-11',154,89,NULL),
	('2021-11-12',154,89,NULL),
	('2021-11-13',154,89,NULL),
	('2021-11-14',154,89,NULL),
	('2021-11-15',154,89,NULL),
	('2021-11-16',154,89,NULL),
	('2021-11-17',154,89,NULL),
	('2021-11-18',154,89,NULL),
	('2021-11-19',154,89,NULL),
	('2021-11-20',154,89,NULL),
	('2021-11-21',154,89,NULL),
	('2021-11-22',154,89,NULL),
	('2021-11-23',154,89,NULL),
	('2021-11-24',154,89,NULL),
	('2021-11-25',154,89,NULL),
	('2021-11-26',154,89,NULL),
	('2021-11-27',154,89,NULL),
	('2021-11-28',154,89,NULL),
	('2021-11-29',154,89,NULL),
	('2021-11-30',154,89,NULL),
	('2021-12-01',154,89,NULL),
	('2021-12-02',154,89,NULL),
	('2021-12-03',154,89,NULL),
	('2021-12-04',154,89,NULL),
	('2021-12-05',154,89,NULL),
	('2021-12-06',154,89,NULL),
	('2021-12-07',154,89,NULL),
	('2021-12-08',154,89,NULL),
	('2021-12-09',154,89,NULL),
	('2021-12-10',154,89,NULL),
	('2021-12-11',154,89,NULL),
	('2021-12-12',154,89,NULL),
	('2021-12-13',154,89,NULL),
	('2021-12-14',154,89,NULL),
	('2021-12-15',154,89,NULL),
	('2021-12-16',154,89,NULL),
	('2021-12-17',154,89,NULL),
	('2021-12-18',154,89,NULL),
	('2021-12-19',154,89,NULL),
	('2021-12-20',154,89,NULL),
	('2021-12-21',154,89,NULL),
	('2021-12-22',154,89,NULL),
	('2021-12-23',154,89,NULL),
	('2021-12-24',154,89,NULL),
	('2021-12-25',154,89,NULL),
	('2021-12-26',154,89,NULL),
	('2021-12-27',154,89,NULL),
	('2021-12-28',154,89,NULL),
	('2021-12-29',154,89,NULL),
	('2021-12-30',154,89,NULL),
	('2021-09-30',155,139,NULL),
	('2021-09-29',155,139,NULL),
	('2021-09-28',155,139,NULL),
	('2021-09-27',155,139,NULL),
	('2021-09-26',155,139,NULL),
	('2021-09-25',155,139,NULL),
	('2021-09-24',155,139,NULL),
	('2021-09-23',155,139,NULL),
	('2021-09-22',155,139,NULL),
	('2021-09-21',155,139,NULL),
	('2021-09-20',155,139,NULL),
	('2021-09-19',155,139,NULL),
	('2021-09-18',155,139,NULL),
	('2021-09-17',155,139,NULL),
	('2021-09-16',155,139,NULL),
	('2021-09-15',155,139,NULL),
	('2021-09-14',155,139,NULL),
	('2021-09-13',155,139,NULL),
	('2021-09-12',155,139,NULL),
	('2021-09-11',155,139,NULL),
	('2021-09-10',155,139,NULL),
	('2021-09-09',155,139,NULL),
	('2021-09-08',155,139,NULL),
	('2021-09-07',155,139,NULL),
	('2021-09-06',155,139,NULL),
	('2021-09-05',155,139,NULL),
	('2021-09-04',155,139,NULL),
	('2021-09-03',155,139,NULL),
	('2021-09-02',155,139,NULL),
	('2021-09-01',155,139,NULL),
	('2021-08-31',155,139,NULL),
	('2021-08-30',155,139,NULL),
	('2021-08-29',155,139,NULL),
	('2021-08-28',155,139,NULL),
	('2021-08-27',155,139,NULL),
	('2021-08-26',155,139,NULL),
	('2021-08-25',155,139,NULL),
	('2021-08-24',155,139,NULL),
	('2021-08-23',155,139,NULL),
	('2021-08-22',155,139,NULL),
	('2021-08-21',155,139,NULL),
	('2021-08-20',155,139,NULL),
	('2021-08-19',155,139,NULL),
	('2021-08-18',155,139,NULL),
	('2021-08-17',155,139,NULL),
	('2021-08-16',155,139,NULL),
	('2021-08-15',155,139,NULL),
	('2021-08-14',155,139,NULL),
	('2021-08-13',155,139,NULL),
	('2021-08-12',155,139,NULL),
	('2021-08-11',155,139,NULL),
	('2021-08-10',155,139,NULL),
	('2021-08-09',155,139,NULL),
	('2021-08-08',155,139,NULL),
	('2021-08-07',155,139,NULL),
	('2021-08-06',155,139,NULL),
	('2021-08-05',155,139,NULL),
	('2021-08-04',155,139,NULL),
	('2021-08-03',155,139,NULL),
	('2021-08-02',155,139,NULL),
	('2021-08-01',155,139,NULL),
	('2021-07-31',155,139,NULL),
	('2021-07-30',155,139,NULL),
	('2021-07-29',155,139,NULL),
	('2021-07-28',155,139,NULL),
	('2021-07-27',155,139,NULL),
	('2021-07-26',155,139,NULL),
	('2021-07-25',155,139,NULL),
	('2021-07-24',155,139,NULL),
	('2021-07-23',155,139,NULL),
	('2021-07-22',155,139,NULL),
	('2021-07-21',155,139,NULL),
	('2021-07-20',155,139,NULL),
	('2021-07-19',155,139,NULL),
	('2021-07-18',155,139,NULL),
	('2021-07-17',155,139,NULL),
	('2021-07-16',155,139,NULL),
	('2021-07-15',155,139,NULL),
	('2021-07-14',155,139,NULL),
	('2021-07-13',155,139,NULL),
	('2021-07-12',155,139,NULL),
	('2021-07-11',155,139,NULL),
	('2021-07-10',155,139,NULL),
	('2021-07-09',155,139,NULL),
	('2021-07-08',155,139,NULL),
	('2021-07-07',155,139,NULL),
	('2021-07-06',155,139,NULL),
	('2021-07-05',155,139,NULL),
	('2021-07-04',155,139,NULL),
	('2021-07-03',155,139,NULL),
	('2021-07-02',155,139,NULL),
	('2021-07-01',155,139,NULL),
	('2021-12-31',156,329,NULL),
	('2021-01-01',157,139,NULL),
	('2021-01-02',157,139,NULL),
	('2021-01-03',157,139,NULL),
	('2021-01-04',157,139,NULL),
	('2021-01-05',157,139,NULL),
	('2021-01-06',157,139,NULL),
	('2021-01-07',157,139,NULL),
	('2021-01-08',157,139,NULL),
	('2021-01-09',157,139,NULL),
	('2021-01-10',157,139,NULL),
	('2021-01-11',157,139,NULL),
	('2021-01-12',157,139,NULL),
	('2021-01-13',157,139,NULL),
	('2021-01-14',157,139,NULL),
	('2021-01-15',157,139,NULL),
	('2021-01-16',157,139,NULL),
	('2021-01-17',157,139,NULL),
	('2021-01-18',157,139,NULL),
	('2021-01-19',157,139,NULL),
	('2021-01-20',157,139,NULL),
	('2021-01-21',157,139,NULL),
	('2021-01-22',157,139,NULL),
	('2021-01-23',157,139,NULL),
	('2021-01-24',157,139,NULL),
	('2021-01-25',157,139,NULL),
	('2021-01-26',157,139,NULL),
	('2021-01-27',157,139,NULL),
	('2021-01-28',157,139,NULL),
	('2021-01-29',157,139,NULL),
	('2021-01-30',157,139,NULL),
	('2021-01-31',157,139,NULL),
	('2021-02-01',157,139,NULL),
	('2021-02-02',157,139,NULL),
	('2021-02-03',157,139,NULL),
	('2021-02-04',157,139,NULL),
	('2021-02-05',157,139,NULL),
	('2021-02-06',157,139,NULL),
	('2021-02-07',157,139,NULL),
	('2021-02-08',157,139,NULL),
	('2021-02-09',157,139,NULL),
	('2021-02-10',157,139,NULL),
	('2021-02-11',157,139,NULL),
	('2021-02-12',157,139,NULL),
	('2021-02-13',157,139,NULL),
	('2021-02-14',157,139,NULL),
	('2021-02-15',157,139,NULL),
	('2021-02-16',157,139,NULL),
	('2021-02-17',157,139,NULL),
	('2021-02-18',157,139,NULL),
	('2021-02-19',157,139,NULL),
	('2021-02-20',157,139,NULL),
	('2021-02-21',157,139,NULL),
	('2021-02-22',157,139,NULL),
	('2021-02-23',157,139,NULL),
	('2021-02-24',157,139,NULL),
	('2021-02-25',157,139,NULL),
	('2021-02-26',157,139,NULL),
	('2021-02-27',157,139,NULL),
	('2021-02-28',157,139,NULL),
	('2021-03-01',157,139,NULL),
	('2021-03-02',157,139,NULL),
	('2021-03-03',157,139,NULL),
	('2021-03-04',157,139,NULL),
	('2021-03-05',157,139,NULL),
	('2021-03-06',157,139,NULL),
	('2021-03-07',157,139,NULL),
	('2021-03-08',157,139,NULL),
	('2021-03-09',157,139,NULL),
	('2021-03-10',157,139,NULL),
	('2021-03-11',157,139,NULL),
	('2021-03-12',157,139,NULL),
	('2021-03-13',157,139,NULL),
	('2021-03-14',157,139,NULL),
	('2021-03-15',157,139,NULL),
	('2021-03-16',157,139,NULL),
	('2021-03-17',157,139,NULL),
	('2021-03-18',157,139,NULL),
	('2021-03-19',157,139,NULL),
	('2021-03-20',157,139,NULL),
	('2021-03-21',157,139,NULL),
	('2021-03-22',157,139,NULL),
	('2021-03-23',157,139,NULL),
	('2021-03-24',157,139,NULL),
	('2021-03-25',157,139,NULL),
	('2021-03-26',157,139,NULL),
	('2021-03-27',157,139,NULL),
	('2021-03-28',157,139,NULL),
	('2021-03-29',157,139,NULL),
	('2021-03-30',157,139,NULL),
	('2021-03-31',157,139,NULL),
	('2021-04-01',157,139,NULL),
	('2021-04-02',157,139,NULL),
	('2021-04-03',157,139,NULL),
	('2021-04-04',157,139,NULL),
	('2021-04-05',157,139,NULL),
	('2021-04-06',157,139,NULL),
	('2021-04-07',157,139,NULL),
	('2021-04-08',157,139,NULL),
	('2021-04-09',157,139,NULL),
	('2021-04-10',157,139,NULL),
	('2021-04-11',157,139,NULL),
	('2021-04-12',157,139,NULL),
	('2021-04-13',157,139,NULL),
	('2021-04-14',157,139,NULL),
	('2021-04-15',157,139,NULL),
	('2021-04-16',157,139,NULL),
	('2021-04-17',157,139,NULL),
	('2021-04-18',157,139,NULL),
	('2021-04-19',157,139,NULL),
	('2021-04-20',157,139,NULL),
	('2021-04-21',157,139,NULL),
	('2021-04-22',157,139,NULL),
	('2021-04-23',157,139,NULL),
	('2021-04-24',157,139,NULL),
	('2021-04-25',157,139,NULL),
	('2021-04-26',157,139,NULL),
	('2021-04-27',157,139,NULL),
	('2021-04-28',157,139,NULL),
	('2021-04-29',157,139,NULL),
	('2021-04-30',157,139,NULL),
	('2021-05-01',157,139,NULL),
	('2021-05-02',157,139,NULL),
	('2021-05-03',157,139,NULL),
	('2021-05-04',157,139,NULL),
	('2021-05-05',157,139,NULL),
	('2021-05-06',157,139,NULL),
	('2021-05-07',157,139,NULL),
	('2021-05-08',157,139,NULL),
	('2021-05-09',157,139,NULL),
	('2021-05-10',157,139,NULL),
	('2021-05-11',157,139,NULL),
	('2021-05-12',157,139,NULL),
	('2021-05-13',157,139,NULL),
	('2021-05-14',157,139,NULL),
	('2021-05-15',157,139,NULL),
	('2021-05-16',157,139,NULL),
	('2021-05-17',157,139,NULL),
	('2021-05-18',157,139,NULL),
	('2021-05-19',157,139,NULL),
	('2021-05-20',157,139,NULL),
	('2021-05-21',157,139,NULL),
	('2021-05-22',157,139,NULL),
	('2021-05-23',157,139,NULL),
	('2021-05-24',157,139,NULL),
	('2021-05-25',157,139,NULL),
	('2021-05-26',157,139,NULL),
	('2021-05-27',157,139,NULL),
	('2021-05-28',157,139,NULL),
	('2021-05-29',157,139,NULL),
	('2021-05-30',157,139,NULL),
	('2021-05-31',157,139,NULL),
	('2021-06-01',157,139,NULL),
	('2021-06-02',157,139,NULL),
	('2021-06-03',157,139,NULL),
	('2021-06-04',157,139,NULL),
	('2021-06-05',157,139,NULL),
	('2021-06-06',157,139,NULL),
	('2021-06-07',157,139,NULL),
	('2021-06-08',157,139,NULL),
	('2021-06-09',157,139,NULL),
	('2021-06-10',157,139,NULL),
	('2021-06-11',157,139,NULL),
	('2021-06-12',157,139,NULL),
	('2021-06-13',157,139,NULL),
	('2021-06-14',157,139,NULL),
	('2021-06-15',157,139,NULL),
	('2021-06-16',157,139,NULL),
	('2021-06-17',157,139,NULL),
	('2021-06-18',157,139,NULL),
	('2021-06-19',157,139,NULL),
	('2021-06-20',157,139,NULL),
	('2021-06-21',157,139,NULL),
	('2021-06-22',157,139,NULL),
	('2021-06-23',157,139,NULL),
	('2021-06-24',157,139,NULL),
	('2021-06-25',157,139,NULL),
	('2021-06-26',157,139,NULL),
	('2021-06-27',157,139,NULL),
	('2021-06-28',157,139,NULL),
	('2021-06-29',157,139,NULL),
	('2021-06-30',157,139,NULL),
	('2021-10-01',158,139,NULL),
	('2021-10-02',158,139,NULL),
	('2021-10-03',158,139,NULL),
	('2021-10-04',158,139,NULL),
	('2021-10-05',158,139,NULL),
	('2021-10-06',158,139,NULL),
	('2021-10-07',158,139,NULL),
	('2021-10-08',158,139,NULL),
	('2021-10-09',158,139,NULL),
	('2021-10-10',158,139,NULL),
	('2021-10-11',158,139,NULL),
	('2021-10-12',158,139,NULL),
	('2021-10-13',158,139,NULL),
	('2021-10-14',158,139,NULL),
	('2021-10-15',158,139,NULL),
	('2021-10-16',158,139,NULL),
	('2021-10-17',158,139,NULL),
	('2021-10-18',158,139,NULL),
	('2021-10-19',158,139,NULL),
	('2021-10-20',158,139,NULL),
	('2021-10-21',158,139,NULL),
	('2021-10-22',158,139,NULL),
	('2021-10-23',158,139,NULL),
	('2021-10-24',158,139,NULL),
	('2021-10-25',158,139,NULL),
	('2021-10-26',158,139,NULL),
	('2021-10-27',158,139,NULL),
	('2021-10-28',158,139,NULL),
	('2021-10-29',158,139,NULL),
	('2021-10-30',158,139,NULL),
	('2021-10-31',158,139,NULL),
	('2021-11-01',158,139,NULL),
	('2021-11-02',158,139,NULL),
	('2021-11-03',158,139,NULL),
	('2021-11-04',158,139,NULL),
	('2021-11-05',158,139,NULL),
	('2021-11-06',158,139,NULL),
	('2021-11-07',158,139,NULL),
	('2021-11-08',158,139,NULL),
	('2021-11-09',158,139,NULL),
	('2021-11-10',158,139,NULL),
	('2021-11-11',158,139,NULL),
	('2021-11-12',158,139,NULL),
	('2021-11-13',158,139,NULL),
	('2021-11-14',158,139,NULL),
	('2021-11-15',158,139,NULL),
	('2021-11-16',158,139,NULL),
	('2021-11-17',158,139,NULL),
	('2021-11-18',158,139,NULL),
	('2021-11-19',158,139,NULL),
	('2021-11-20',158,139,NULL),
	('2021-11-21',158,139,NULL),
	('2021-11-22',158,139,NULL),
	('2021-11-23',158,139,NULL),
	('2021-11-24',158,139,NULL),
	('2021-11-25',158,139,NULL),
	('2021-11-26',158,139,NULL),
	('2021-11-27',158,139,NULL),
	('2021-11-28',158,139,NULL),
	('2021-11-29',158,139,NULL),
	('2021-11-30',158,139,NULL),
	('2021-12-01',158,139,NULL),
	('2021-12-02',158,139,NULL),
	('2021-12-03',158,139,NULL),
	('2021-12-04',158,139,NULL),
	('2021-12-05',158,139,NULL),
	('2021-12-06',158,139,NULL),
	('2021-12-07',158,139,NULL),
	('2021-12-08',158,139,NULL),
	('2021-12-09',158,139,NULL),
	('2021-12-10',158,139,NULL),
	('2021-12-11',158,139,NULL),
	('2021-12-12',158,139,NULL),
	('2021-12-13',158,139,NULL),
	('2021-12-14',158,139,NULL),
	('2021-12-15',158,139,NULL),
	('2021-12-16',158,139,NULL),
	('2021-12-17',158,139,NULL),
	('2021-12-18',158,139,NULL),
	('2021-12-19',158,139,NULL),
	('2021-12-20',158,139,NULL),
	('2021-12-21',158,139,NULL),
	('2021-12-22',158,139,NULL),
	('2021-12-23',158,139,NULL),
	('2021-12-24',158,139,NULL),
	('2021-12-25',158,139,NULL),
	('2021-12-26',158,139,NULL),
	('2021-12-27',158,139,NULL),
	('2021-12-28',158,139,NULL),
	('2021-12-29',158,139,NULL),
	('2021-12-30',158,139,NULL),
	('2021-07-01',159,189,NULL),
	('2021-07-02',159,189,NULL),
	('2021-07-03',159,189,NULL),
	('2021-07-04',159,189,NULL),
	('2021-07-05',159,189,NULL),
	('2021-07-06',159,189,NULL),
	('2021-07-07',159,189,NULL),
	('2021-07-08',159,189,NULL),
	('2021-07-09',159,189,NULL),
	('2021-07-10',159,189,NULL),
	('2021-07-11',159,189,NULL),
	('2021-07-12',159,189,NULL),
	('2021-07-13',159,189,NULL),
	('2021-07-14',159,189,NULL),
	('2021-07-15',159,189,NULL),
	('2021-07-16',159,189,NULL),
	('2021-07-17',159,189,NULL),
	('2021-07-18',159,189,NULL),
	('2021-07-19',159,189,NULL),
	('2021-07-20',159,189,NULL),
	('2021-07-21',159,189,NULL),
	('2021-07-22',159,189,NULL),
	('2021-07-23',159,189,NULL),
	('2021-07-24',159,189,NULL),
	('2021-07-25',159,189,NULL),
	('2021-07-26',159,189,NULL),
	('2021-07-27',159,189,NULL),
	('2021-07-28',159,189,NULL),
	('2021-07-29',159,189,NULL),
	('2021-07-30',159,189,NULL),
	('2021-07-31',159,189,NULL),
	('2021-08-01',159,189,NULL),
	('2021-08-02',159,189,NULL),
	('2021-08-03',159,189,NULL),
	('2021-08-04',159,189,NULL),
	('2021-08-05',159,189,NULL),
	('2021-08-06',159,189,NULL),
	('2021-08-07',159,189,NULL),
	('2021-08-08',159,189,NULL),
	('2021-08-09',159,189,NULL),
	('2021-08-10',159,189,NULL),
	('2021-08-11',159,189,NULL),
	('2021-08-12',159,189,NULL),
	('2021-08-13',159,189,NULL),
	('2021-08-14',159,189,NULL),
	('2021-08-15',159,189,NULL),
	('2021-08-16',159,189,NULL),
	('2021-08-17',159,189,NULL),
	('2021-08-18',159,189,NULL),
	('2021-08-19',159,189,NULL),
	('2021-08-20',159,189,NULL),
	('2021-08-21',159,189,NULL),
	('2021-08-22',159,189,NULL),
	('2021-08-23',159,189,NULL),
	('2021-08-24',159,189,NULL),
	('2021-08-25',159,189,NULL),
	('2021-08-26',159,189,NULL),
	('2021-08-27',159,189,NULL),
	('2021-08-28',159,189,NULL),
	('2021-08-29',159,189,NULL),
	('2021-08-30',159,189,NULL),
	('2021-08-31',159,189,NULL),
	('2021-09-01',159,189,NULL),
	('2021-09-02',159,189,NULL),
	('2021-09-03',159,189,NULL),
	('2021-09-04',159,189,NULL),
	('2021-09-05',159,189,NULL),
	('2021-09-06',159,189,NULL),
	('2021-09-07',159,189,NULL),
	('2021-09-08',159,189,NULL),
	('2021-09-09',159,189,NULL),
	('2021-09-10',159,189,NULL),
	('2021-09-11',159,189,NULL),
	('2021-09-12',159,189,NULL),
	('2021-09-13',159,189,NULL),
	('2021-09-14',159,189,NULL),
	('2021-09-15',159,189,NULL),
	('2021-09-16',159,189,NULL),
	('2021-09-17',159,189,NULL),
	('2021-09-18',159,189,NULL),
	('2021-09-19',159,189,NULL),
	('2021-09-20',159,189,NULL),
	('2021-09-21',159,189,NULL),
	('2021-09-22',159,189,NULL),
	('2021-09-23',159,189,NULL),
	('2021-09-24',159,189,NULL),
	('2021-09-25',159,189,NULL),
	('2021-09-26',159,189,NULL),
	('2021-09-27',159,189,NULL),
	('2021-09-28',159,189,NULL),
	('2021-09-29',159,189,NULL),
	('2021-09-30',159,189,NULL),
	('2021-12-31',160,379,NULL),
	('2021-01-01',161,229,NULL),
	('2021-01-02',161,229,NULL),
	('2021-01-03',161,229,NULL),
	('2021-01-04',161,229,NULL),
	('2021-01-05',161,229,NULL),
	('2021-01-06',161,229,NULL),
	('2021-01-07',161,229,NULL),
	('2021-01-08',161,229,NULL),
	('2021-01-09',161,229,NULL),
	('2021-01-10',161,229,NULL),
	('2021-01-11',161,229,NULL),
	('2021-01-12',161,229,NULL),
	('2021-01-13',161,229,NULL),
	('2021-01-14',161,229,NULL),
	('2021-01-15',161,229,NULL),
	('2021-01-16',161,229,NULL),
	('2021-01-17',161,229,NULL),
	('2021-01-18',161,229,NULL),
	('2021-01-19',161,229,NULL),
	('2021-01-20',161,229,NULL),
	('2021-01-21',161,229,NULL),
	('2021-01-22',161,229,NULL),
	('2021-01-23',161,229,NULL),
	('2021-01-24',161,229,NULL),
	('2021-01-25',161,229,NULL),
	('2021-01-26',161,229,NULL),
	('2021-01-27',161,229,NULL),
	('2021-01-28',161,229,NULL),
	('2021-01-29',161,229,NULL),
	('2021-01-30',161,229,NULL),
	('2021-01-31',161,229,NULL),
	('2021-02-01',161,229,NULL),
	('2021-02-02',161,229,NULL),
	('2021-02-03',161,229,NULL),
	('2021-02-04',161,229,NULL),
	('2021-02-05',161,229,NULL),
	('2021-02-06',161,229,NULL),
	('2021-02-07',161,229,NULL),
	('2021-02-08',161,229,NULL),
	('2021-02-09',161,229,NULL),
	('2021-02-10',161,229,NULL),
	('2021-02-11',161,229,NULL),
	('2021-02-12',161,229,NULL),
	('2021-02-13',161,229,NULL),
	('2021-02-14',161,229,NULL),
	('2021-02-15',161,229,NULL),
	('2021-02-16',161,229,NULL),
	('2021-02-17',161,229,NULL),
	('2021-02-18',161,229,NULL),
	('2021-02-19',161,229,NULL),
	('2021-02-20',161,229,NULL),
	('2021-02-21',161,229,NULL),
	('2021-02-22',161,229,NULL),
	('2021-02-23',161,229,NULL),
	('2021-02-24',161,229,NULL),
	('2021-02-25',161,229,NULL),
	('2021-02-26',161,229,NULL),
	('2021-02-27',161,229,NULL),
	('2021-02-28',161,229,NULL),
	('2021-03-01',161,229,NULL),
	('2021-03-02',161,229,NULL),
	('2021-03-03',161,229,NULL),
	('2021-03-04',161,229,NULL),
	('2021-03-05',161,229,NULL),
	('2021-03-06',161,229,NULL),
	('2021-03-07',161,229,NULL),
	('2021-03-08',161,229,NULL),
	('2021-03-09',161,229,NULL),
	('2021-03-10',161,229,NULL),
	('2021-03-11',161,229,NULL),
	('2021-03-12',161,229,NULL),
	('2021-03-13',161,229,NULL),
	('2021-03-14',161,229,NULL),
	('2021-03-15',161,229,NULL),
	('2021-03-16',161,229,NULL),
	('2021-03-17',161,229,NULL),
	('2021-03-18',161,229,NULL),
	('2021-03-19',161,229,NULL),
	('2021-03-20',161,229,NULL),
	('2021-03-21',161,229,NULL),
	('2021-03-22',161,229,NULL),
	('2021-03-23',161,229,NULL),
	('2021-03-24',161,229,NULL),
	('2021-03-25',161,229,NULL),
	('2021-03-26',161,229,NULL),
	('2021-03-27',161,229,NULL),
	('2021-03-28',161,229,NULL),
	('2021-03-29',161,229,NULL),
	('2021-03-30',161,229,NULL),
	('2021-03-31',161,229,NULL),
	('2021-04-01',161,229,NULL),
	('2021-04-02',161,229,NULL),
	('2021-04-03',161,229,NULL),
	('2021-04-04',161,229,NULL),
	('2021-04-05',161,229,NULL),
	('2021-04-06',161,229,NULL),
	('2021-04-07',161,229,NULL),
	('2021-04-08',161,229,NULL),
	('2021-04-09',161,229,NULL),
	('2021-04-10',161,229,NULL),
	('2021-04-11',161,229,NULL),
	('2021-04-12',161,229,NULL),
	('2021-04-13',161,229,NULL),
	('2021-04-14',161,229,NULL),
	('2021-04-15',161,229,NULL),
	('2021-04-16',161,229,NULL),
	('2021-04-17',161,229,NULL),
	('2021-04-18',161,229,NULL),
	('2021-04-19',161,229,NULL),
	('2021-04-20',161,229,NULL),
	('2021-04-21',161,229,NULL),
	('2021-04-22',161,229,NULL),
	('2021-04-23',161,229,NULL),
	('2021-04-24',161,229,NULL),
	('2021-04-25',161,229,NULL),
	('2021-04-26',161,229,NULL),
	('2021-04-27',161,229,NULL),
	('2021-04-28',161,229,NULL),
	('2021-04-29',161,229,NULL),
	('2021-04-30',161,229,NULL),
	('2021-05-01',161,229,NULL),
	('2021-05-02',161,229,NULL),
	('2021-05-03',161,229,NULL),
	('2021-05-04',161,229,NULL),
	('2021-05-05',161,229,NULL),
	('2021-05-06',161,229,NULL),
	('2021-05-07',161,229,NULL),
	('2021-05-08',161,229,NULL),
	('2021-05-09',161,229,NULL),
	('2021-05-10',161,229,NULL),
	('2021-05-11',161,229,NULL),
	('2021-05-12',161,229,NULL),
	('2021-05-13',161,229,NULL),
	('2021-05-14',161,229,NULL),
	('2021-05-15',161,229,NULL),
	('2021-05-16',161,229,NULL),
	('2021-05-17',161,229,NULL),
	('2021-05-18',161,229,NULL),
	('2021-05-19',161,229,NULL),
	('2021-05-20',161,229,NULL),
	('2021-05-21',161,229,NULL),
	('2021-05-22',161,229,NULL),
	('2021-05-23',161,229,NULL),
	('2021-05-24',161,229,NULL),
	('2021-05-25',161,229,NULL),
	('2021-05-26',161,229,NULL),
	('2021-05-27',161,229,NULL),
	('2021-05-28',161,229,NULL),
	('2021-05-29',161,229,NULL),
	('2021-05-30',161,229,NULL),
	('2021-05-31',161,229,NULL),
	('2021-06-01',161,229,NULL),
	('2021-06-02',161,229,NULL),
	('2021-06-03',161,229,NULL),
	('2021-06-04',161,229,NULL),
	('2021-06-05',161,229,NULL),
	('2021-06-06',161,229,NULL),
	('2021-06-07',161,229,NULL),
	('2021-06-08',161,229,NULL),
	('2021-06-09',161,229,NULL),
	('2021-06-10',161,229,NULL),
	('2021-06-11',161,229,NULL),
	('2021-06-12',161,229,NULL),
	('2021-06-13',161,229,NULL),
	('2021-06-14',161,229,NULL),
	('2021-06-15',161,229,NULL),
	('2021-06-16',161,229,NULL),
	('2021-06-17',161,229,NULL),
	('2021-06-18',161,229,NULL),
	('2021-06-19',161,229,NULL),
	('2021-06-20',161,229,NULL),
	('2021-06-21',161,229,NULL),
	('2021-06-22',161,229,NULL),
	('2021-06-23',161,229,NULL),
	('2021-06-24',161,229,NULL),
	('2021-06-25',161,229,NULL),
	('2021-06-26',161,229,NULL),
	('2021-06-27',161,229,NULL),
	('2021-06-28',161,229,NULL),
	('2021-06-29',161,229,NULL),
	('2021-06-30',161,229,NULL),
	('2021-03-29',166,239,NULL),
	('2021-03-28',166,239,NULL),
	('2021-03-27',166,239,NULL),
	('2021-03-26',166,239,NULL),
	('2021-03-25',166,239,NULL),
	('2021-03-24',166,239,NULL),
	('2021-03-23',166,239,NULL),
	('2021-03-22',166,239,NULL),
	('2021-03-21',166,239,NULL),
	('2021-03-20',166,239,NULL),
	('2021-03-19',166,239,NULL),
	('2021-03-18',166,239,NULL),
	('2021-03-17',166,239,NULL),
	('2021-03-16',166,239,NULL),
	('2021-03-15',166,239,NULL),
	('2021-03-14',166,239,NULL),
	('2021-03-13',166,239,NULL),
	('2021-03-12',166,239,NULL),
	('2021-03-11',166,239,NULL),
	('2021-03-10',166,239,NULL),
	('2021-03-09',166,239,NULL),
	('2021-03-08',166,239,NULL),
	('2021-03-07',166,239,NULL),
	('2021-03-06',166,239,NULL),
	('2021-03-05',166,239,NULL),
	('2021-03-04',166,239,NULL),
	('2021-03-03',166,239,NULL),
	('2021-03-02',166,239,NULL),
	('2021-03-01',166,239,NULL),
	('2021-02-28',166,239,NULL),
	('2021-02-27',166,239,NULL),
	('2021-02-26',166,239,NULL),
	('2021-02-25',166,239,NULL),
	('2021-02-24',166,239,NULL),
	('2021-02-23',166,239,NULL),
	('2021-02-22',166,239,NULL),
	('2021-02-21',166,239,NULL),
	('2021-02-20',166,239,NULL),
	('2021-02-19',166,239,NULL),
	('2021-02-18',166,239,NULL),
	('2021-02-17',166,239,NULL),
	('2021-02-16',166,239,NULL),
	('2021-02-15',166,239,NULL),
	('2021-02-14',166,239,NULL),
	('2021-02-13',166,239,NULL),
	('2021-02-12',166,239,NULL),
	('2021-02-11',166,239,NULL),
	('2021-02-10',166,239,NULL),
	('2021-02-09',166,239,NULL),
	('2021-02-08',166,239,NULL),
	('2021-02-07',166,239,NULL),
	('2021-02-06',166,239,NULL),
	('2021-02-05',166,239,NULL),
	('2021-02-04',166,239,NULL),
	('2021-02-03',166,239,NULL),
	('2021-02-02',166,239,NULL),
	('2021-02-01',166,239,NULL),
	('2021-01-31',166,239,NULL),
	('2021-01-30',166,239,NULL),
	('2021-01-29',166,239,NULL),
	('2021-01-28',166,239,NULL),
	('2021-01-27',166,239,NULL),
	('2021-01-26',166,239,NULL),
	('2021-01-25',166,239,NULL),
	('2021-01-24',166,239,NULL),
	('2021-01-23',166,239,NULL),
	('2021-01-22',166,239,NULL),
	('2021-01-21',166,239,NULL),
	('2021-01-20',166,239,NULL),
	('2021-01-19',166,239,NULL),
	('2021-01-18',166,239,NULL),
	('2021-01-17',166,239,NULL),
	('2021-01-16',166,239,NULL),
	('2021-01-15',166,239,NULL),
	('2021-01-14',166,239,NULL),
	('2021-01-13',166,239,NULL),
	('2021-01-12',166,239,NULL),
	('2021-01-11',166,239,NULL),
	('2021-01-10',166,239,NULL),
	('2021-01-09',166,239,NULL),
	('2021-01-08',166,239,NULL),
	('2021-01-07',166,239,NULL),
	('2021-01-06',166,239,NULL),
	('2021-01-05',166,239,NULL),
	('2021-01-04',166,239,NULL),
	('2021-01-03',166,239,NULL),
	('2021-01-02',166,239,NULL),
	('2021-01-01',166,239,NULL),
	('2021-09-30',165,289,NULL),
	('2021-09-29',165,289,NULL),
	('2021-09-28',165,289,NULL),
	('2021-09-27',165,289,NULL),
	('2021-09-26',165,289,NULL),
	('2021-09-25',165,289,NULL),
	('2021-09-24',165,289,NULL),
	('2021-09-23',165,289,NULL),
	('2021-09-22',165,289,NULL),
	('2021-09-21',165,289,NULL),
	('2021-09-20',165,289,NULL),
	('2021-09-19',165,289,NULL),
	('2021-09-18',165,289,NULL),
	('2021-09-17',165,289,NULL),
	('2021-09-16',165,289,NULL),
	('2021-09-15',165,289,NULL),
	('2021-09-14',165,289,NULL),
	('2021-09-13',165,289,NULL),
	('2021-09-12',165,289,NULL),
	('2021-09-11',165,289,NULL),
	('2021-09-10',165,289,NULL),
	('2021-09-09',165,289,NULL),
	('2021-09-08',165,289,NULL),
	('2021-09-07',165,289,NULL),
	('2021-09-06',165,289,NULL),
	('2021-09-05',165,289,NULL),
	('2021-09-04',165,289,NULL),
	('2021-09-03',165,289,NULL),
	('2021-09-02',165,289,NULL),
	('2021-09-01',165,289,NULL),
	('2021-08-31',165,289,NULL),
	('2021-08-30',165,289,NULL),
	('2021-08-29',165,289,NULL),
	('2021-08-28',165,289,NULL),
	('2021-08-27',165,289,NULL),
	('2021-08-26',165,289,NULL),
	('2021-08-25',165,289,NULL),
	('2021-08-24',165,289,NULL),
	('2021-08-23',165,289,NULL),
	('2021-08-22',165,289,NULL),
	('2021-08-21',165,289,NULL),
	('2021-08-20',165,289,NULL),
	('2021-08-19',165,289,NULL),
	('2021-08-18',165,289,NULL),
	('2021-08-17',165,289,NULL),
	('2021-08-16',165,289,NULL),
	('2021-08-15',165,289,NULL),
	('2021-08-14',165,289,NULL),
	('2021-08-13',165,289,NULL),
	('2021-08-12',165,289,NULL),
	('2021-08-11',165,289,NULL),
	('2021-08-10',165,289,NULL),
	('2021-08-09',165,289,NULL),
	('2021-08-08',165,289,NULL),
	('2021-08-07',165,289,NULL),
	('2021-08-06',165,289,NULL),
	('2021-08-05',165,289,NULL),
	('2021-08-04',165,289,NULL),
	('2021-08-03',165,289,NULL),
	('2021-08-02',165,289,NULL),
	('2021-08-01',165,289,NULL),
	('2021-07-31',165,289,NULL),
	('2021-07-30',165,289,NULL),
	('2021-07-29',165,289,NULL),
	('2021-07-28',165,289,NULL),
	('2021-07-27',165,289,NULL),
	('2021-07-26',165,289,NULL),
	('2021-07-25',165,289,NULL),
	('2021-07-24',165,289,NULL),
	('2021-07-23',165,289,NULL),
	('2021-07-22',165,289,NULL),
	('2021-07-21',165,289,NULL),
	('2021-07-20',165,289,NULL),
	('2021-07-19',165,289,NULL),
	('2021-07-18',165,289,NULL),
	('2021-07-17',165,289,NULL),
	('2021-07-16',165,289,NULL),
	('2021-07-15',165,289,NULL),
	('2021-07-14',165,289,NULL),
	('2021-07-13',165,289,NULL),
	('2021-07-12',165,289,NULL),
	('2021-07-11',165,289,NULL),
	('2021-07-10',165,289,NULL),
	('2021-07-09',165,289,NULL),
	('2021-07-08',165,289,NULL),
	('2021-07-07',165,289,NULL),
	('2021-07-06',165,289,NULL),
	('2021-07-05',165,289,NULL),
	('2021-07-04',165,289,NULL),
	('2021-07-03',165,289,NULL),
	('2021-07-02',165,289,NULL),
	('2021-07-01',165,289,NULL),
	('2021-12-31',164,469,NULL),
	('2021-09-30',163,279,NULL),
	('2021-09-29',163,279,NULL),
	('2021-09-28',163,279,NULL),
	('2021-09-27',163,279,NULL),
	('2021-09-26',163,279,NULL),
	('2021-09-25',163,279,NULL),
	('2021-09-24',163,279,NULL),
	('2021-09-23',163,279,NULL),
	('2021-09-22',163,279,NULL),
	('2021-09-21',163,279,NULL),
	('2021-09-20',163,279,NULL),
	('2021-09-19',163,279,NULL),
	('2021-09-18',163,279,NULL),
	('2021-09-17',163,279,NULL),
	('2021-09-16',163,279,NULL),
	('2021-09-15',163,279,NULL),
	('2021-09-14',163,279,NULL),
	('2021-09-13',163,279,NULL),
	('2021-09-12',163,279,NULL),
	('2021-09-11',163,279,NULL),
	('2021-09-10',163,279,NULL),
	('2021-09-09',163,279,NULL),
	('2021-09-08',163,279,NULL),
	('2021-09-07',163,279,NULL),
	('2021-09-06',163,279,NULL),
	('2021-09-05',163,279,NULL),
	('2021-09-04',163,279,NULL),
	('2021-09-03',163,279,NULL),
	('2021-09-02',163,279,NULL),
	('2021-09-01',163,279,NULL),
	('2021-08-31',163,279,NULL),
	('2021-08-30',163,279,NULL),
	('2021-08-29',163,279,NULL),
	('2021-08-28',163,279,NULL),
	('2021-08-27',163,279,NULL),
	('2021-08-26',163,279,NULL),
	('2021-08-25',163,279,NULL),
	('2021-08-24',163,279,NULL),
	('2021-08-23',163,279,NULL),
	('2021-08-22',163,279,NULL),
	('2021-08-21',163,279,NULL),
	('2021-08-20',163,279,NULL),
	('2021-08-19',163,279,NULL),
	('2021-08-18',163,279,NULL),
	('2021-08-17',163,279,NULL),
	('2021-08-16',163,279,NULL),
	('2021-08-15',163,279,NULL),
	('2021-08-14',163,279,NULL),
	('2021-08-13',163,279,NULL),
	('2021-08-12',163,279,NULL),
	('2021-08-11',163,279,NULL),
	('2021-08-10',163,279,NULL),
	('2021-08-09',163,279,NULL),
	('2021-08-08',163,279,NULL),
	('2021-08-07',163,279,NULL),
	('2021-08-06',163,279,NULL),
	('2021-08-05',163,279,NULL),
	('2021-08-04',163,279,NULL),
	('2021-08-03',163,279,NULL),
	('2021-08-02',163,279,NULL),
	('2021-08-01',163,279,NULL),
	('2021-07-31',163,279,NULL),
	('2021-07-30',163,279,NULL),
	('2021-07-29',163,279,NULL),
	('2021-07-28',163,279,NULL),
	('2021-07-27',163,279,NULL),
	('2021-07-26',163,279,NULL),
	('2021-07-25',163,279,NULL),
	('2021-07-24',163,279,NULL),
	('2021-07-23',163,279,NULL),
	('2021-07-22',163,279,NULL),
	('2021-07-21',163,279,NULL),
	('2021-07-20',163,279,NULL),
	('2021-07-19',163,279,NULL),
	('2021-07-18',163,279,NULL),
	('2021-07-17',163,279,NULL),
	('2021-07-16',163,279,NULL),
	('2021-07-15',163,279,NULL),
	('2021-07-14',163,279,NULL),
	('2021-07-13',163,279,NULL),
	('2021-07-12',163,279,NULL),
	('2021-07-11',163,279,NULL),
	('2021-07-10',163,279,NULL),
	('2021-07-09',163,279,NULL),
	('2021-07-08',163,279,NULL),
	('2021-07-07',163,279,NULL),
	('2021-07-06',163,279,NULL),
	('2021-07-05',163,279,NULL),
	('2021-07-04',163,279,NULL),
	('2021-07-03',163,279,NULL),
	('2021-07-02',163,279,NULL),
	('2021-07-01',163,279,NULL),
	('2021-12-30',162,229,NULL),
	('2021-12-29',162,229,NULL),
	('2021-12-28',162,229,NULL),
	('2021-12-27',162,229,NULL),
	('2021-12-26',162,229,NULL),
	('2021-12-25',162,229,NULL),
	('2021-12-24',162,229,NULL),
	('2021-12-23',162,229,NULL),
	('2021-12-22',162,229,NULL),
	('2021-12-21',162,229,NULL),
	('2021-12-20',162,229,NULL),
	('2021-12-19',162,229,NULL),
	('2021-12-18',162,229,NULL),
	('2021-12-17',162,229,NULL),
	('2021-12-16',162,229,NULL),
	('2021-12-15',162,229,NULL),
	('2021-12-14',162,229,NULL),
	('2021-12-13',162,229,NULL),
	('2021-12-12',162,229,NULL),
	('2021-12-11',162,229,NULL),
	('2021-12-10',162,229,NULL),
	('2021-12-09',162,229,NULL),
	('2021-12-08',162,229,NULL),
	('2021-12-07',162,229,NULL),
	('2021-12-06',162,229,NULL),
	('2021-12-05',162,229,NULL),
	('2021-12-04',162,229,NULL),
	('2021-12-03',162,229,NULL),
	('2021-12-02',162,229,NULL),
	('2021-12-01',162,229,NULL),
	('2021-11-30',162,229,NULL),
	('2021-11-29',162,229,NULL),
	('2021-11-28',162,229,NULL),
	('2021-11-27',162,229,NULL),
	('2021-11-26',162,229,NULL),
	('2021-11-25',162,229,NULL),
	('2021-11-24',162,229,NULL),
	('2021-11-23',162,229,NULL),
	('2021-11-22',162,229,NULL),
	('2021-11-21',162,229,NULL),
	('2021-11-20',162,229,NULL),
	('2021-11-19',162,229,NULL),
	('2021-11-18',162,229,NULL),
	('2021-11-17',162,229,NULL),
	('2021-11-16',162,229,NULL),
	('2021-11-15',162,229,NULL),
	('2021-11-14',162,229,NULL),
	('2021-11-13',162,229,NULL),
	('2021-11-12',162,229,NULL),
	('2021-11-11',162,229,NULL),
	('2021-11-10',162,229,NULL),
	('2021-11-09',162,229,NULL),
	('2021-11-08',162,229,NULL),
	('2021-11-07',162,229,NULL),
	('2021-11-06',162,229,NULL),
	('2021-11-05',162,229,NULL),
	('2021-11-04',162,229,NULL),
	('2021-11-03',162,229,NULL),
	('2021-11-02',162,229,NULL),
	('2021-11-01',162,229,NULL),
	('2021-10-31',162,229,NULL),
	('2021-10-30',162,229,NULL),
	('2021-10-29',162,229,NULL),
	('2021-10-28',162,229,NULL),
	('2021-10-27',162,229,NULL),
	('2021-10-26',162,229,NULL),
	('2021-10-25',162,229,NULL),
	('2021-10-24',162,229,NULL),
	('2021-10-23',162,229,NULL),
	('2021-10-22',162,229,NULL),
	('2021-10-21',162,229,NULL),
	('2021-10-20',162,229,NULL),
	('2021-10-19',162,229,NULL),
	('2021-10-18',162,229,NULL),
	('2021-10-17',162,229,NULL),
	('2021-10-16',162,229,NULL),
	('2021-10-15',162,229,NULL),
	('2021-10-14',162,229,NULL),
	('2021-10-13',162,229,NULL),
	('2021-10-12',162,229,NULL),
	('2021-10-11',162,229,NULL),
	('2021-10-10',162,229,NULL),
	('2021-10-09',162,229,NULL),
	('2021-10-08',162,229,NULL),
	('2021-10-07',162,229,NULL),
	('2021-10-06',162,229,NULL),
	('2021-10-05',162,229,NULL),
	('2021-10-04',162,229,NULL),
	('2021-10-03',162,229,NULL),
	('2021-10-02',162,229,NULL),
	('2021-10-01',162,229,NULL),
	('2021-03-30',166,239,NULL),
	('2021-03-31',166,239,NULL),
	('2021-04-01',166,239,NULL),
	('2021-04-02',166,239,NULL),
	('2021-04-03',166,239,NULL),
	('2021-04-04',166,239,NULL),
	('2021-04-05',166,239,NULL),
	('2021-04-06',166,239,NULL),
	('2021-04-07',166,239,NULL),
	('2021-04-08',166,239,NULL),
	('2021-04-09',166,239,NULL),
	('2021-04-10',166,239,NULL),
	('2021-04-11',166,239,NULL),
	('2021-04-12',166,239,NULL),
	('2021-04-13',166,239,NULL),
	('2021-04-14',166,239,NULL),
	('2021-04-15',166,239,NULL),
	('2021-04-16',166,239,NULL),
	('2021-04-17',166,239,NULL),
	('2021-04-18',166,239,NULL),
	('2021-04-19',166,239,NULL),
	('2021-04-20',166,239,NULL),
	('2021-04-21',166,239,NULL),
	('2021-04-22',166,239,NULL),
	('2021-04-23',166,239,NULL),
	('2021-04-24',166,239,NULL),
	('2021-04-25',166,239,NULL),
	('2021-04-26',166,239,NULL),
	('2021-04-27',166,239,NULL),
	('2021-04-28',166,239,NULL),
	('2021-04-29',166,239,NULL),
	('2021-04-30',166,239,NULL),
	('2021-05-01',166,239,NULL),
	('2021-05-02',166,239,NULL),
	('2021-05-03',166,239,NULL),
	('2021-05-04',166,239,NULL),
	('2021-05-05',166,239,NULL),
	('2021-05-06',166,239,NULL),
	('2021-05-07',166,239,NULL),
	('2021-05-08',166,239,NULL),
	('2021-05-09',166,239,NULL),
	('2021-05-10',166,239,NULL),
	('2021-05-11',166,239,NULL),
	('2021-05-12',166,239,NULL),
	('2021-05-13',166,239,NULL),
	('2021-05-14',166,239,NULL),
	('2021-05-15',166,239,NULL),
	('2021-05-16',166,239,NULL),
	('2021-05-17',166,239,NULL),
	('2021-05-18',166,239,NULL),
	('2021-05-19',166,239,NULL),
	('2021-05-20',166,239,NULL),
	('2021-05-21',166,239,NULL),
	('2021-05-22',166,239,NULL),
	('2021-05-23',166,239,NULL),
	('2021-05-24',166,239,NULL),
	('2021-05-25',166,239,NULL),
	('2021-05-26',166,239,NULL),
	('2021-05-27',166,239,NULL),
	('2021-05-28',166,239,NULL),
	('2021-05-29',166,239,NULL),
	('2021-05-30',166,239,NULL),
	('2021-05-31',166,239,NULL),
	('2021-06-01',166,239,NULL),
	('2021-06-02',166,239,NULL),
	('2021-06-03',166,239,NULL),
	('2021-06-04',166,239,NULL),
	('2021-06-05',166,239,NULL),
	('2021-06-06',166,239,NULL),
	('2021-06-07',166,239,NULL),
	('2021-06-08',166,239,NULL),
	('2021-06-09',166,239,NULL),
	('2021-06-10',166,239,NULL),
	('2021-06-11',166,239,NULL),
	('2021-06-12',166,239,NULL),
	('2021-06-13',166,239,NULL),
	('2021-06-14',166,239,NULL),
	('2021-06-15',166,239,NULL),
	('2021-06-16',166,239,NULL),
	('2021-06-17',166,239,NULL),
	('2021-06-18',166,239,NULL),
	('2021-06-19',166,239,NULL),
	('2021-06-20',166,239,NULL),
	('2021-06-21',166,239,NULL),
	('2021-06-22',166,239,NULL),
	('2021-06-23',166,239,NULL),
	('2021-06-24',166,239,NULL),
	('2021-06-25',166,239,NULL),
	('2021-06-26',166,239,NULL),
	('2021-06-27',166,239,NULL),
	('2021-06-28',166,239,NULL),
	('2021-06-29',166,239,NULL),
	('2021-06-30',166,239,NULL),
	('2021-10-01',167,239,NULL),
	('2021-10-02',167,239,NULL),
	('2021-10-03',167,239,NULL),
	('2021-10-04',167,239,NULL),
	('2021-10-05',167,239,NULL),
	('2021-10-06',167,239,NULL),
	('2021-10-07',167,239,NULL),
	('2021-10-08',167,239,NULL),
	('2021-10-09',167,239,NULL),
	('2021-10-10',167,239,NULL),
	('2021-10-11',167,239,NULL),
	('2021-10-12',167,239,NULL),
	('2021-10-13',167,239,NULL),
	('2021-10-14',167,239,NULL),
	('2021-10-15',167,239,NULL),
	('2021-10-16',167,239,NULL),
	('2021-10-17',167,239,NULL),
	('2021-10-18',167,239,NULL),
	('2021-10-19',167,239,NULL),
	('2021-10-20',167,239,NULL),
	('2021-10-21',167,239,NULL),
	('2021-10-22',167,239,NULL),
	('2021-10-23',167,239,NULL),
	('2021-10-24',167,239,NULL),
	('2021-10-25',167,239,NULL),
	('2021-10-26',167,239,NULL),
	('2021-10-27',167,239,NULL),
	('2021-10-28',167,239,NULL),
	('2021-10-29',167,239,NULL),
	('2021-10-30',167,239,NULL),
	('2021-10-31',167,239,NULL),
	('2021-11-01',167,239,NULL),
	('2021-11-02',167,239,NULL),
	('2021-11-03',167,239,NULL),
	('2021-11-04',167,239,NULL),
	('2021-11-05',167,239,NULL),
	('2021-11-06',167,239,NULL),
	('2021-11-07',167,239,NULL),
	('2021-11-08',167,239,NULL),
	('2021-11-09',167,239,NULL),
	('2021-11-10',167,239,NULL),
	('2021-11-11',167,239,NULL),
	('2021-11-12',167,239,NULL),
	('2021-11-13',167,239,NULL),
	('2021-11-14',167,239,NULL),
	('2021-11-15',167,239,NULL),
	('2021-11-16',167,239,NULL),
	('2021-11-17',167,239,NULL),
	('2021-11-18',167,239,NULL),
	('2021-11-19',167,239,NULL),
	('2021-11-20',167,239,NULL),
	('2021-11-21',167,239,NULL),
	('2021-11-22',167,239,NULL),
	('2021-11-23',167,239,NULL),
	('2021-11-24',167,239,NULL),
	('2021-11-25',167,239,NULL),
	('2021-11-26',167,239,NULL),
	('2021-11-27',167,239,NULL),
	('2021-11-28',167,239,NULL),
	('2021-11-29',167,239,NULL),
	('2021-11-30',167,239,NULL),
	('2021-12-01',167,239,NULL),
	('2021-12-02',167,239,NULL),
	('2021-12-03',167,239,NULL),
	('2021-12-04',167,239,NULL),
	('2021-12-05',167,239,NULL),
	('2021-12-06',167,239,NULL),
	('2021-12-07',167,239,NULL),
	('2021-12-08',167,239,NULL),
	('2021-12-09',167,239,NULL),
	('2021-12-10',167,239,NULL),
	('2021-12-11',167,239,NULL),
	('2021-12-12',167,239,NULL),
	('2021-12-13',167,239,NULL),
	('2021-12-14',167,239,NULL),
	('2021-12-15',167,239,NULL),
	('2021-12-16',167,239,NULL),
	('2021-12-17',167,239,NULL),
	('2021-12-18',167,239,NULL),
	('2021-12-19',167,239,NULL),
	('2021-12-20',167,239,NULL),
	('2021-12-21',167,239,NULL),
	('2021-12-22',167,239,NULL),
	('2021-12-23',167,239,NULL),
	('2021-12-24',167,239,NULL),
	('2021-12-25',167,239,NULL),
	('2021-12-26',167,239,NULL),
	('2021-12-27',167,239,NULL),
	('2021-12-28',167,239,NULL),
	('2021-12-29',167,239,NULL),
	('2021-12-30',167,239,NULL),
	('2021-12-31',168,479,NULL),
	('2021-01-01',169,299,NULL),
	('2021-01-02',169,299,NULL),
	('2021-01-03',169,299,NULL),
	('2021-01-04',169,299,NULL),
	('2021-01-05',169,299,NULL),
	('2021-01-06',169,299,NULL),
	('2021-01-07',169,299,NULL),
	('2021-01-08',169,299,NULL),
	('2021-01-09',169,299,NULL),
	('2021-01-10',169,299,NULL),
	('2021-01-11',169,299,NULL),
	('2021-01-12',169,299,NULL),
	('2021-01-13',169,299,NULL),
	('2021-01-14',169,299,NULL),
	('2021-01-15',169,299,NULL),
	('2021-01-16',169,299,NULL),
	('2021-01-17',169,299,NULL),
	('2021-01-18',169,299,NULL),
	('2021-01-19',169,299,NULL),
	('2021-01-20',169,299,NULL),
	('2021-01-21',169,299,NULL),
	('2021-01-22',169,299,NULL),
	('2021-01-23',169,299,NULL),
	('2021-01-24',169,299,NULL),
	('2021-01-25',169,299,NULL),
	('2021-01-26',169,299,NULL),
	('2021-01-27',169,299,NULL),
	('2021-01-28',169,299,NULL),
	('2021-01-29',169,299,NULL),
	('2021-01-30',169,299,NULL),
	('2021-01-31',169,299,NULL),
	('2021-02-01',169,299,NULL),
	('2021-02-02',169,299,NULL),
	('2021-02-03',169,299,NULL),
	('2021-02-04',169,299,NULL),
	('2021-02-05',169,299,NULL),
	('2021-02-06',169,299,NULL),
	('2021-02-07',169,299,NULL),
	('2021-02-08',169,299,NULL),
	('2021-02-09',169,299,NULL),
	('2021-02-10',169,299,NULL),
	('2021-02-11',169,299,NULL),
	('2021-02-12',169,299,NULL),
	('2021-02-13',169,299,NULL),
	('2021-02-14',169,299,NULL),
	('2021-02-15',169,299,NULL),
	('2021-02-16',169,299,NULL),
	('2021-02-17',169,299,NULL),
	('2021-02-18',169,299,NULL),
	('2021-02-19',169,299,NULL),
	('2021-02-20',169,299,NULL),
	('2021-02-21',169,299,NULL),
	('2021-02-22',169,299,NULL),
	('2021-02-23',169,299,NULL),
	('2021-02-24',169,299,NULL),
	('2021-02-25',169,299,NULL),
	('2021-02-26',169,299,NULL),
	('2021-02-27',169,299,NULL),
	('2021-02-28',169,299,NULL),
	('2021-03-01',169,299,NULL),
	('2021-03-02',169,299,NULL),
	('2021-03-03',169,299,NULL),
	('2021-03-04',169,299,NULL),
	('2021-03-05',169,299,NULL),
	('2021-03-06',169,299,NULL),
	('2021-03-07',169,299,NULL),
	('2021-03-08',169,299,NULL),
	('2021-03-09',169,299,NULL),
	('2021-03-10',169,299,NULL),
	('2021-03-11',169,299,NULL),
	('2021-03-12',169,299,NULL),
	('2021-03-13',169,299,NULL),
	('2021-03-14',169,299,NULL),
	('2021-03-15',169,299,NULL),
	('2021-03-16',169,299,NULL),
	('2021-03-17',169,299,NULL),
	('2021-03-18',169,299,NULL),
	('2021-03-19',169,299,NULL),
	('2021-03-20',169,299,NULL),
	('2021-03-21',169,299,NULL),
	('2021-03-22',169,299,NULL),
	('2021-03-23',169,299,NULL),
	('2021-03-24',169,299,NULL),
	('2021-03-25',169,299,NULL),
	('2021-03-26',169,299,NULL),
	('2021-03-27',169,299,NULL),
	('2021-03-28',169,299,NULL),
	('2021-03-29',169,299,NULL),
	('2021-03-30',169,299,NULL),
	('2021-03-31',169,299,NULL),
	('2021-04-01',169,299,NULL),
	('2021-04-02',169,299,NULL),
	('2021-04-03',169,299,NULL),
	('2021-04-04',169,299,NULL),
	('2021-04-05',169,299,NULL),
	('2021-04-06',169,299,NULL),
	('2021-04-07',169,299,NULL),
	('2021-04-08',169,299,NULL),
	('2021-04-09',169,299,NULL),
	('2021-04-10',169,299,NULL),
	('2021-04-11',169,299,NULL),
	('2021-04-12',169,299,NULL),
	('2021-04-13',169,299,NULL),
	('2021-04-14',169,299,NULL),
	('2021-04-15',169,299,NULL),
	('2021-04-16',169,299,NULL),
	('2021-04-17',169,299,NULL),
	('2021-04-18',169,299,NULL),
	('2021-04-19',169,299,NULL),
	('2021-04-20',169,299,NULL),
	('2021-04-21',169,299,NULL),
	('2021-04-22',169,299,NULL),
	('2021-04-23',169,299,NULL),
	('2021-04-24',169,299,NULL),
	('2021-04-25',169,299,NULL),
	('2021-04-26',169,299,NULL),
	('2021-04-27',169,299,NULL),
	('2021-04-28',169,299,NULL),
	('2021-04-29',169,299,NULL),
	('2021-04-30',169,299,NULL),
	('2021-05-01',169,299,NULL),
	('2021-05-02',169,299,NULL),
	('2021-05-03',169,299,NULL),
	('2021-05-04',169,299,NULL),
	('2021-05-05',169,299,NULL),
	('2021-05-06',169,299,NULL),
	('2021-05-07',169,299,NULL),
	('2021-05-08',169,299,NULL),
	('2021-05-09',169,299,NULL),
	('2021-05-10',169,299,NULL),
	('2021-05-11',169,299,NULL),
	('2021-05-12',169,299,NULL),
	('2021-05-13',169,299,NULL),
	('2021-05-14',169,299,NULL),
	('2021-05-15',169,299,NULL),
	('2021-05-16',169,299,NULL),
	('2021-05-17',169,299,NULL),
	('2021-05-18',169,299,NULL),
	('2021-05-19',169,299,NULL),
	('2021-05-20',169,299,NULL),
	('2021-05-21',169,299,NULL),
	('2021-05-22',169,299,NULL),
	('2021-05-23',169,299,NULL),
	('2021-05-24',169,299,NULL),
	('2021-05-25',169,299,NULL),
	('2021-05-26',169,299,NULL),
	('2021-05-27',169,299,NULL),
	('2021-05-28',169,299,NULL),
	('2021-05-29',169,299,NULL),
	('2021-05-30',169,299,NULL),
	('2021-05-31',169,299,NULL),
	('2021-06-01',169,299,NULL),
	('2021-06-02',169,299,NULL),
	('2021-06-03',169,299,NULL),
	('2021-06-04',169,299,NULL),
	('2021-06-05',169,299,NULL),
	('2021-06-06',169,299,NULL),
	('2021-06-07',169,299,NULL),
	('2021-06-08',169,299,NULL),
	('2021-06-09',169,299,NULL),
	('2021-06-10',169,299,NULL),
	('2021-06-11',169,299,NULL),
	('2021-06-12',169,299,NULL),
	('2021-06-13',169,299,NULL),
	('2021-06-14',169,299,NULL),
	('2021-06-15',169,299,NULL),
	('2021-06-16',169,299,NULL),
	('2021-06-17',169,299,NULL),
	('2021-06-18',169,299,NULL),
	('2021-06-19',169,299,NULL),
	('2021-06-20',169,299,NULL),
	('2021-06-21',169,299,NULL),
	('2021-06-22',169,299,NULL),
	('2021-06-23',169,299,NULL),
	('2021-06-24',169,299,NULL),
	('2021-06-25',169,299,NULL),
	('2021-06-26',169,299,NULL),
	('2021-06-27',169,299,NULL),
	('2021-06-28',169,299,NULL),
	('2021-06-29',169,299,NULL),
	('2021-06-30',169,299,NULL),
	('2021-10-01',170,299,NULL),
	('2021-10-02',170,299,NULL),
	('2021-10-03',170,299,NULL),
	('2021-10-04',170,299,NULL),
	('2021-10-05',170,299,NULL),
	('2021-10-06',170,299,NULL),
	('2021-10-07',170,299,NULL),
	('2021-10-08',170,299,NULL),
	('2021-10-09',170,299,NULL),
	('2021-10-10',170,299,NULL),
	('2021-10-11',170,299,NULL),
	('2021-10-12',170,299,NULL),
	('2021-10-13',170,299,NULL),
	('2021-10-14',170,299,NULL),
	('2021-10-15',170,299,NULL),
	('2021-10-16',170,299,NULL),
	('2021-10-17',170,299,NULL),
	('2021-10-18',170,299,NULL),
	('2021-10-19',170,299,NULL),
	('2021-10-20',170,299,NULL),
	('2021-10-21',170,299,NULL),
	('2021-10-22',170,299,NULL),
	('2021-10-23',170,299,NULL),
	('2021-10-24',170,299,NULL),
	('2021-10-25',170,299,NULL),
	('2021-10-26',170,299,NULL),
	('2021-10-27',170,299,NULL),
	('2021-10-28',170,299,NULL),
	('2021-10-29',170,299,NULL),
	('2021-10-30',170,299,NULL),
	('2021-10-31',170,299,NULL),
	('2021-11-01',170,299,NULL),
	('2021-11-02',170,299,NULL),
	('2021-11-03',170,299,NULL),
	('2021-11-04',170,299,NULL),
	('2021-11-05',170,299,NULL),
	('2021-11-06',170,299,NULL),
	('2021-11-07',170,299,NULL),
	('2021-11-08',170,299,NULL),
	('2021-11-09',170,299,NULL),
	('2021-11-10',170,299,NULL),
	('2021-11-11',170,299,NULL),
	('2021-11-12',170,299,NULL),
	('2021-11-13',170,299,NULL),
	('2021-11-14',170,299,NULL),
	('2021-11-15',170,299,NULL),
	('2021-11-16',170,299,NULL),
	('2021-11-17',170,299,NULL),
	('2021-11-18',170,299,NULL),
	('2021-11-19',170,299,NULL),
	('2021-11-20',170,299,NULL),
	('2021-11-21',170,299,NULL),
	('2021-11-22',170,299,NULL),
	('2021-11-23',170,299,NULL),
	('2021-11-24',170,299,NULL),
	('2021-11-25',170,299,NULL),
	('2021-11-26',170,299,NULL),
	('2021-11-27',170,299,NULL),
	('2021-11-28',170,299,NULL),
	('2021-11-29',170,299,NULL),
	('2021-11-30',170,299,NULL),
	('2021-12-01',170,299,NULL),
	('2021-12-02',170,299,NULL),
	('2021-12-03',170,299,NULL),
	('2021-12-04',170,299,NULL),
	('2021-12-05',170,299,NULL),
	('2021-12-06',170,299,NULL),
	('2021-12-07',170,299,NULL),
	('2021-12-08',170,299,NULL),
	('2021-12-09',170,299,NULL),
	('2021-12-10',170,299,NULL),
	('2021-12-11',170,299,NULL),
	('2021-12-12',170,299,NULL),
	('2021-12-13',170,299,NULL),
	('2021-12-14',170,299,NULL),
	('2021-12-15',170,299,NULL),
	('2021-12-16',170,299,NULL),
	('2021-12-17',170,299,NULL),
	('2021-12-18',170,299,NULL),
	('2021-12-19',170,299,NULL),
	('2021-12-20',170,299,NULL),
	('2021-12-21',170,299,NULL),
	('2021-12-22',170,299,NULL),
	('2021-12-23',170,299,NULL),
	('2021-12-24',170,299,NULL),
	('2021-12-25',170,299,NULL),
	('2021-12-26',170,299,NULL),
	('2021-12-27',170,299,NULL),
	('2021-12-28',170,299,NULL),
	('2021-12-29',170,299,NULL),
	('2021-12-30',170,299,NULL),
	('2021-07-01',171,379,NULL),
	('2021-07-02',171,379,NULL),
	('2021-07-03',171,379,NULL),
	('2021-07-04',171,379,NULL),
	('2021-07-05',171,379,NULL),
	('2021-07-06',171,379,NULL),
	('2021-07-07',171,379,NULL),
	('2021-07-08',171,379,NULL),
	('2021-07-09',171,379,NULL),
	('2021-07-10',171,379,NULL),
	('2021-07-11',171,379,NULL),
	('2021-07-12',171,379,NULL),
	('2021-07-13',171,379,NULL),
	('2021-07-14',171,379,NULL),
	('2021-07-15',171,379,NULL),
	('2021-07-16',171,379,NULL),
	('2021-07-17',171,379,NULL),
	('2021-07-18',171,379,NULL),
	('2021-07-19',171,379,NULL),
	('2021-07-20',171,379,NULL),
	('2021-07-21',171,379,NULL),
	('2021-07-22',171,379,NULL),
	('2021-07-23',171,379,NULL),
	('2021-07-24',171,379,NULL),
	('2021-07-25',171,379,NULL),
	('2021-07-26',171,379,NULL),
	('2021-07-27',171,379,NULL),
	('2021-07-28',171,379,NULL),
	('2021-07-29',171,379,NULL),
	('2021-07-30',171,379,NULL),
	('2021-07-31',171,379,NULL),
	('2021-08-01',171,379,NULL),
	('2021-08-02',171,379,NULL),
	('2021-08-03',171,379,NULL),
	('2021-08-04',171,379,NULL),
	('2021-08-05',171,379,NULL),
	('2021-08-06',171,379,NULL),
	('2021-08-07',171,379,NULL),
	('2021-08-08',171,379,NULL),
	('2021-08-09',171,379,NULL),
	('2021-08-10',171,379,NULL),
	('2021-08-11',171,379,NULL),
	('2021-08-12',171,379,NULL),
	('2021-08-13',171,379,NULL),
	('2021-08-14',171,379,NULL),
	('2021-08-15',171,379,NULL),
	('2021-08-16',171,379,NULL),
	('2021-08-17',171,379,NULL),
	('2021-08-18',171,379,NULL),
	('2021-08-19',171,379,NULL),
	('2021-08-20',171,379,NULL),
	('2021-08-21',171,379,NULL),
	('2021-08-22',171,379,NULL),
	('2021-08-23',171,379,NULL),
	('2021-08-24',171,379,NULL),
	('2021-08-25',171,379,NULL),
	('2021-08-26',171,379,NULL),
	('2021-08-27',171,379,NULL),
	('2021-08-28',171,379,NULL),
	('2021-08-29',171,379,NULL),
	('2021-08-30',171,379,NULL),
	('2021-08-31',171,379,NULL),
	('2021-09-01',171,379,NULL),
	('2021-09-02',171,379,NULL),
	('2021-09-03',171,379,NULL),
	('2021-09-04',171,379,NULL),
	('2021-09-05',171,379,NULL),
	('2021-09-06',171,379,NULL),
	('2021-09-07',171,379,NULL),
	('2021-09-08',171,379,NULL),
	('2021-09-09',171,379,NULL),
	('2021-09-10',171,379,NULL),
	('2021-09-11',171,379,NULL),
	('2021-09-12',171,379,NULL),
	('2021-09-13',171,379,NULL),
	('2021-09-14',171,379,NULL),
	('2021-09-15',171,379,NULL),
	('2021-09-16',171,379,NULL),
	('2021-09-17',171,379,NULL),
	('2021-09-18',171,379,NULL),
	('2021-09-19',171,379,NULL),
	('2021-09-20',171,379,NULL),
	('2021-09-21',171,379,NULL),
	('2021-09-22',171,379,NULL),
	('2021-09-23',171,379,NULL),
	('2021-09-24',171,379,NULL),
	('2021-09-25',171,379,NULL),
	('2021-09-26',171,379,NULL),
	('2021-09-27',171,379,NULL),
	('2021-09-28',171,379,NULL),
	('2021-09-29',171,379,NULL),
	('2021-09-30',171,379,NULL),
	('2021-12-31',172,569,NULL),
	('2021-01-01',173,149,NULL),
	('2021-01-02',173,149,NULL),
	('2021-01-03',173,149,NULL),
	('2021-01-04',173,149,NULL),
	('2021-01-05',173,149,NULL),
	('2021-01-06',173,149,NULL),
	('2021-01-07',173,149,NULL),
	('2021-01-08',173,149,NULL),
	('2021-01-09',173,149,NULL),
	('2021-01-10',173,149,NULL),
	('2021-01-11',173,149,NULL),
	('2021-01-12',173,149,NULL),
	('2021-01-13',173,149,NULL),
	('2021-01-14',173,149,NULL),
	('2021-01-15',173,149,NULL),
	('2021-01-16',173,149,NULL),
	('2021-01-17',173,149,NULL),
	('2021-01-18',173,149,NULL),
	('2021-01-19',173,149,NULL),
	('2021-01-20',173,149,NULL),
	('2021-01-21',173,149,NULL),
	('2021-01-22',173,149,NULL),
	('2021-01-23',173,149,NULL),
	('2021-01-24',173,149,NULL),
	('2021-01-25',173,149,NULL),
	('2021-01-26',173,149,NULL),
	('2021-01-27',173,149,NULL),
	('2021-01-28',173,149,NULL),
	('2021-01-29',173,149,NULL),
	('2021-01-30',173,149,NULL),
	('2021-01-31',173,149,NULL),
	('2021-02-01',173,149,NULL),
	('2021-02-02',173,149,NULL),
	('2021-02-03',173,149,NULL),
	('2021-02-04',173,149,NULL),
	('2021-02-05',173,149,NULL),
	('2021-02-06',173,149,NULL),
	('2021-02-07',173,149,NULL),
	('2021-02-08',173,149,NULL),
	('2021-02-09',173,149,NULL),
	('2021-02-10',173,149,NULL),
	('2021-02-11',173,149,NULL),
	('2021-02-12',173,149,NULL),
	('2021-02-13',173,149,NULL),
	('2021-02-14',173,149,NULL),
	('2021-02-15',173,149,NULL),
	('2021-02-16',173,149,NULL),
	('2021-02-17',173,149,NULL),
	('2021-02-18',173,149,NULL),
	('2021-02-19',173,149,NULL),
	('2021-02-20',173,149,NULL),
	('2021-02-21',173,149,NULL),
	('2021-02-22',173,149,NULL),
	('2021-02-23',173,149,NULL),
	('2021-02-24',173,149,NULL),
	('2021-02-25',173,149,NULL),
	('2021-02-26',173,149,NULL),
	('2021-02-27',173,149,NULL),
	('2021-02-28',173,149,NULL),
	('2021-03-01',173,149,NULL),
	('2021-03-02',173,149,NULL),
	('2021-03-03',173,149,NULL),
	('2021-03-04',173,149,NULL),
	('2021-03-05',173,149,NULL),
	('2021-03-06',173,149,NULL),
	('2021-03-07',173,149,NULL),
	('2021-03-08',173,149,NULL),
	('2021-03-09',173,149,NULL),
	('2021-03-10',173,149,NULL),
	('2021-03-11',173,149,NULL),
	('2021-03-12',173,149,NULL),
	('2021-03-13',173,149,NULL),
	('2021-03-14',173,149,NULL),
	('2021-03-15',173,149,NULL),
	('2021-03-16',173,149,NULL),
	('2021-03-17',173,149,NULL),
	('2021-03-18',173,149,NULL),
	('2021-03-19',173,149,NULL),
	('2021-03-20',173,149,NULL),
	('2021-03-21',173,149,NULL),
	('2021-03-22',173,149,NULL),
	('2021-03-23',173,149,NULL),
	('2021-03-24',173,149,NULL),
	('2021-03-25',173,149,NULL),
	('2021-03-26',173,149,NULL),
	('2021-03-27',173,149,NULL),
	('2021-03-28',173,149,NULL),
	('2021-03-29',173,149,NULL),
	('2021-03-30',173,149,NULL),
	('2021-03-31',173,149,NULL),
	('2021-04-01',173,149,NULL),
	('2021-04-02',173,149,NULL),
	('2021-04-03',173,149,NULL),
	('2021-04-04',173,149,NULL),
	('2021-04-05',173,149,NULL),
	('2021-04-06',173,149,NULL),
	('2021-04-07',173,149,NULL),
	('2021-04-08',173,149,NULL),
	('2021-04-09',173,149,NULL),
	('2021-04-10',173,149,NULL),
	('2021-04-11',173,149,NULL),
	('2021-04-12',173,149,NULL),
	('2021-04-13',173,149,NULL),
	('2021-04-14',173,149,NULL),
	('2021-04-15',173,149,NULL),
	('2021-04-16',173,149,NULL),
	('2021-04-17',173,149,NULL),
	('2021-04-18',173,149,NULL),
	('2021-04-19',173,149,NULL),
	('2021-04-20',173,149,NULL),
	('2021-04-21',173,149,NULL),
	('2021-04-22',173,149,NULL),
	('2021-04-23',173,149,NULL),
	('2021-04-24',173,149,NULL),
	('2021-04-25',173,149,NULL),
	('2021-04-26',173,149,NULL),
	('2021-04-27',173,149,NULL),
	('2021-04-28',173,149,NULL),
	('2021-04-29',173,149,NULL),
	('2021-04-30',173,149,NULL),
	('2021-05-01',173,149,NULL),
	('2021-05-02',173,149,NULL),
	('2021-05-03',173,149,NULL),
	('2021-05-04',173,149,NULL),
	('2021-05-05',173,149,NULL),
	('2021-05-06',173,149,NULL),
	('2021-05-07',173,149,NULL),
	('2021-05-08',173,149,NULL),
	('2021-05-09',173,149,NULL),
	('2021-05-10',173,149,NULL),
	('2021-05-11',173,149,NULL),
	('2021-05-12',173,149,NULL),
	('2021-05-13',173,149,NULL),
	('2021-05-14',173,149,NULL),
	('2021-05-15',173,149,NULL),
	('2021-05-16',173,149,NULL),
	('2021-05-17',173,149,NULL),
	('2021-05-18',173,149,NULL),
	('2021-05-19',173,149,NULL),
	('2021-05-20',173,149,NULL),
	('2021-05-21',173,149,NULL),
	('2021-05-22',173,149,NULL),
	('2021-05-23',173,149,NULL),
	('2021-05-24',173,149,NULL),
	('2021-05-25',173,149,NULL),
	('2021-05-26',173,149,NULL),
	('2021-05-27',173,149,NULL),
	('2021-05-28',173,149,NULL),
	('2021-05-29',173,149,NULL),
	('2021-05-30',173,149,NULL),
	('2021-05-31',173,149,NULL),
	('2021-06-01',173,149,NULL),
	('2021-06-02',173,149,NULL),
	('2021-06-03',173,149,NULL),
	('2021-06-04',173,149,NULL),
	('2021-06-05',173,149,NULL),
	('2021-06-06',173,149,NULL),
	('2021-06-07',173,149,NULL),
	('2021-06-08',173,149,NULL),
	('2021-06-09',173,149,NULL),
	('2021-06-10',173,149,NULL),
	('2021-06-11',173,149,NULL),
	('2021-06-12',173,149,NULL),
	('2021-06-13',173,149,NULL),
	('2021-06-14',173,149,NULL),
	('2021-06-15',173,149,NULL),
	('2021-06-16',173,149,NULL),
	('2021-06-17',173,149,NULL),
	('2021-06-18',173,149,NULL),
	('2021-06-19',173,149,NULL),
	('2021-06-20',173,149,NULL),
	('2021-06-21',173,149,NULL),
	('2021-06-22',173,149,NULL),
	('2021-06-23',173,149,NULL),
	('2021-06-24',173,149,NULL),
	('2021-06-25',173,149,NULL),
	('2021-06-26',173,149,NULL),
	('2021-06-27',173,149,NULL),
	('2021-06-28',173,149,NULL),
	('2021-06-29',173,149,NULL),
	('2021-06-30',173,149,NULL),
	('2021-10-01',174,149,NULL),
	('2021-10-02',174,149,NULL),
	('2021-10-03',174,149,NULL),
	('2021-10-04',174,149,NULL),
	('2021-10-05',174,149,NULL),
	('2021-10-06',174,149,NULL),
	('2021-10-07',174,149,NULL),
	('2021-10-08',174,149,NULL),
	('2021-10-09',174,149,NULL),
	('2021-10-10',174,149,NULL),
	('2021-10-11',174,149,NULL),
	('2021-10-12',174,149,NULL),
	('2021-10-13',174,149,NULL),
	('2021-10-14',174,149,NULL),
	('2021-10-15',174,149,NULL),
	('2021-10-16',174,149,NULL),
	('2021-10-17',174,149,NULL),
	('2021-10-18',174,149,NULL),
	('2021-10-19',174,149,NULL),
	('2021-10-20',174,149,NULL),
	('2021-10-21',174,149,NULL),
	('2021-10-22',174,149,NULL),
	('2021-10-23',174,149,NULL),
	('2021-10-24',174,149,NULL),
	('2021-10-25',174,149,NULL),
	('2021-10-26',174,149,NULL),
	('2021-10-27',174,149,NULL),
	('2021-10-28',174,149,NULL),
	('2021-10-29',174,149,NULL),
	('2021-10-30',174,149,NULL),
	('2021-10-31',174,149,NULL),
	('2021-11-01',174,149,NULL),
	('2021-11-02',174,149,NULL),
	('2021-11-03',174,149,NULL),
	('2021-11-04',174,149,NULL),
	('2021-11-05',174,149,NULL),
	('2021-11-06',174,149,NULL),
	('2021-11-07',174,149,NULL),
	('2021-11-08',174,149,NULL),
	('2021-11-09',174,149,NULL),
	('2021-11-10',174,149,NULL),
	('2021-11-11',174,149,NULL),
	('2021-11-12',174,149,NULL),
	('2021-11-13',174,149,NULL),
	('2021-11-14',174,149,NULL),
	('2021-11-15',174,149,NULL),
	('2021-11-16',174,149,NULL),
	('2021-11-17',174,149,NULL),
	('2021-11-18',174,149,NULL),
	('2021-11-19',174,149,NULL),
	('2021-11-20',174,149,NULL),
	('2021-11-21',174,149,NULL),
	('2021-11-22',174,149,NULL),
	('2021-11-23',174,149,NULL),
	('2021-11-24',174,149,NULL),
	('2021-11-25',174,149,NULL),
	('2021-11-26',174,149,NULL),
	('2021-11-27',174,149,NULL),
	('2021-11-28',174,149,NULL),
	('2021-11-29',174,149,NULL),
	('2021-11-30',174,149,NULL),
	('2021-12-01',174,149,NULL),
	('2021-12-02',174,149,NULL),
	('2021-12-03',174,149,NULL),
	('2021-12-04',174,149,NULL),
	('2021-12-05',174,149,NULL),
	('2021-12-06',174,149,NULL),
	('2021-12-07',174,149,NULL),
	('2021-12-08',174,149,NULL),
	('2021-12-09',174,149,NULL),
	('2021-12-10',174,149,NULL),
	('2021-12-11',174,149,NULL),
	('2021-12-12',174,149,NULL),
	('2021-12-13',174,149,NULL),
	('2021-12-14',174,149,NULL),
	('2021-12-15',174,149,NULL),
	('2021-12-16',174,149,NULL),
	('2021-12-17',174,149,NULL),
	('2021-12-18',174,149,NULL),
	('2021-12-19',174,149,NULL),
	('2021-12-20',174,149,NULL),
	('2021-12-21',174,149,NULL),
	('2021-12-22',174,149,NULL),
	('2021-12-23',174,149,NULL),
	('2021-12-24',174,149,NULL),
	('2021-12-25',174,149,NULL),
	('2021-12-26',174,149,NULL),
	('2021-12-27',174,149,NULL),
	('2021-12-28',174,149,NULL),
	('2021-12-29',174,149,NULL),
	('2021-12-30',174,149,NULL),
	('2021-07-01',175,224,NULL),
	('2021-07-02',175,224,NULL),
	('2021-07-03',175,224,NULL),
	('2021-07-04',175,224,NULL),
	('2021-07-05',175,224,NULL),
	('2021-07-06',175,224,NULL),
	('2021-07-07',175,224,NULL),
	('2021-07-08',175,224,NULL),
	('2021-07-09',175,224,NULL),
	('2021-07-10',175,224,NULL),
	('2021-07-11',175,224,NULL),
	('2021-07-12',175,224,NULL),
	('2021-07-13',175,224,NULL),
	('2021-07-14',175,224,NULL),
	('2021-07-15',175,224,NULL),
	('2021-07-16',175,224,NULL),
	('2021-07-17',175,224,NULL),
	('2021-07-18',175,224,NULL),
	('2021-07-19',175,224,NULL),
	('2021-07-20',175,224,NULL),
	('2021-07-21',175,224,NULL),
	('2021-07-22',175,224,NULL),
	('2021-07-23',175,224,NULL),
	('2021-07-24',175,224,NULL),
	('2021-07-25',175,224,NULL),
	('2021-07-26',175,224,NULL),
	('2021-07-27',175,224,NULL),
	('2021-07-28',175,224,NULL),
	('2021-07-29',175,224,NULL),
	('2021-07-30',175,224,NULL),
	('2021-07-31',175,224,NULL),
	('2021-08-01',175,224,NULL),
	('2021-08-02',175,224,NULL),
	('2021-08-03',175,224,NULL),
	('2021-08-04',175,224,NULL),
	('2021-08-05',175,224,NULL),
	('2021-08-06',175,224,NULL),
	('2021-08-07',175,224,NULL),
	('2021-08-08',175,224,NULL),
	('2021-08-09',175,224,NULL),
	('2021-08-10',175,224,NULL),
	('2021-08-11',175,224,NULL),
	('2021-08-12',175,224,NULL),
	('2021-08-13',175,224,NULL),
	('2021-08-14',175,224,NULL),
	('2021-08-15',175,224,NULL),
	('2021-08-16',175,224,NULL),
	('2021-08-17',175,224,NULL),
	('2021-08-18',175,224,NULL),
	('2021-08-19',175,224,NULL),
	('2021-08-20',175,224,NULL),
	('2021-08-21',175,224,NULL),
	('2021-08-22',175,224,NULL),
	('2021-08-23',175,224,NULL),
	('2021-08-24',175,224,NULL),
	('2021-08-25',175,224,NULL),
	('2021-08-26',175,224,NULL),
	('2021-08-27',175,224,NULL),
	('2021-08-28',175,224,NULL),
	('2021-08-29',175,224,NULL),
	('2021-08-30',175,224,NULL),
	('2021-08-31',175,224,NULL),
	('2021-09-01',175,224,NULL),
	('2021-09-02',175,224,NULL),
	('2021-09-03',175,224,NULL),
	('2021-09-04',175,224,NULL),
	('2021-09-05',175,224,NULL),
	('2021-09-06',175,224,NULL),
	('2021-09-07',175,224,NULL),
	('2021-09-08',175,224,NULL),
	('2021-09-09',175,224,NULL),
	('2021-09-10',175,224,NULL),
	('2021-09-11',175,224,NULL),
	('2021-09-12',175,224,NULL),
	('2021-09-13',175,224,NULL),
	('2021-09-14',175,224,NULL),
	('2021-09-15',175,224,NULL),
	('2021-09-16',175,224,NULL),
	('2021-09-17',175,224,NULL),
	('2021-09-18',175,224,NULL),
	('2021-09-19',175,224,NULL),
	('2021-09-20',175,224,NULL),
	('2021-09-21',175,224,NULL),
	('2021-09-22',175,224,NULL),
	('2021-09-23',175,224,NULL),
	('2021-09-24',175,224,NULL),
	('2021-09-25',175,224,NULL),
	('2021-09-26',175,224,NULL),
	('2021-09-27',175,224,NULL),
	('2021-09-28',175,224,NULL),
	('2021-09-29',175,224,NULL),
	('2021-09-30',175,224,NULL),
	('2021-12-31',176,509,NULL),
	('2021-01-01',177,189,NULL),
	('2021-01-02',177,189,NULL),
	('2021-01-03',177,189,NULL),
	('2021-01-04',177,189,NULL),
	('2021-01-05',177,189,NULL),
	('2021-01-06',177,189,NULL),
	('2021-01-07',177,189,NULL),
	('2021-01-08',177,189,NULL),
	('2021-01-09',177,189,NULL),
	('2021-01-10',177,189,NULL),
	('2021-01-11',177,189,NULL),
	('2021-01-12',177,189,NULL),
	('2021-01-13',177,189,NULL),
	('2021-01-14',177,189,NULL),
	('2021-01-15',177,189,NULL),
	('2021-01-16',177,189,NULL),
	('2021-01-17',177,189,NULL),
	('2021-01-18',177,189,NULL),
	('2021-01-19',177,189,NULL),
	('2021-01-20',177,189,NULL),
	('2021-01-21',177,189,NULL),
	('2021-01-22',177,189,NULL),
	('2021-01-23',177,189,NULL),
	('2021-01-24',177,189,NULL),
	('2021-01-25',177,189,NULL),
	('2021-01-26',177,189,NULL),
	('2021-01-27',177,189,NULL),
	('2021-01-28',177,189,NULL),
	('2021-01-29',177,189,NULL),
	('2021-01-30',177,189,NULL),
	('2021-01-31',177,189,NULL),
	('2021-02-01',177,189,NULL),
	('2021-02-02',177,189,NULL),
	('2021-02-03',177,189,NULL),
	('2021-02-04',177,189,NULL),
	('2021-02-05',177,189,NULL),
	('2021-02-06',177,189,NULL),
	('2021-02-07',177,189,NULL),
	('2021-02-08',177,189,NULL),
	('2021-02-09',177,189,NULL),
	('2021-02-10',177,189,NULL),
	('2021-02-11',177,189,NULL),
	('2021-02-12',177,189,NULL),
	('2021-02-13',177,189,NULL),
	('2021-02-14',177,189,NULL),
	('2021-02-15',177,189,NULL),
	('2021-02-16',177,189,NULL),
	('2021-02-17',177,189,NULL),
	('2021-02-18',177,189,NULL),
	('2021-02-19',177,189,NULL),
	('2021-02-20',177,189,NULL),
	('2021-02-21',177,189,NULL),
	('2021-02-22',177,189,NULL),
	('2021-02-23',177,189,NULL),
	('2021-02-24',177,189,NULL),
	('2021-02-25',177,189,NULL),
	('2021-02-26',177,189,NULL),
	('2021-02-27',177,189,NULL),
	('2021-02-28',177,189,NULL),
	('2021-03-01',177,189,NULL),
	('2021-03-02',177,189,NULL),
	('2021-03-03',177,189,NULL),
	('2021-03-04',177,189,NULL),
	('2021-03-05',177,189,NULL),
	('2021-03-06',177,189,NULL),
	('2021-03-07',177,189,NULL),
	('2021-03-08',177,189,NULL),
	('2021-03-09',177,189,NULL),
	('2021-03-10',177,189,NULL),
	('2021-03-11',177,189,NULL),
	('2021-03-12',177,189,NULL),
	('2021-03-13',177,189,NULL),
	('2021-03-14',177,189,NULL),
	('2021-03-15',177,189,NULL),
	('2021-03-16',177,189,NULL),
	('2021-03-17',177,189,NULL),
	('2021-03-18',177,189,NULL),
	('2021-03-19',177,189,NULL),
	('2021-03-20',177,189,NULL),
	('2021-03-21',177,189,NULL),
	('2021-03-22',177,189,NULL),
	('2021-03-23',177,189,NULL),
	('2021-03-24',177,189,NULL),
	('2021-03-25',177,189,NULL),
	('2021-03-26',177,189,NULL),
	('2021-03-27',177,189,NULL),
	('2021-03-28',177,189,NULL),
	('2021-03-29',177,189,NULL),
	('2021-03-30',177,189,NULL),
	('2021-03-31',177,189,NULL),
	('2021-04-01',177,189,NULL),
	('2021-04-02',177,189,NULL),
	('2021-04-03',177,189,NULL),
	('2021-04-04',177,189,NULL),
	('2021-04-05',177,189,NULL),
	('2021-04-06',177,189,NULL),
	('2021-04-07',177,189,NULL),
	('2021-04-08',177,189,NULL),
	('2021-04-09',177,189,NULL),
	('2021-04-10',177,189,NULL),
	('2021-04-11',177,189,NULL),
	('2021-04-12',177,189,NULL),
	('2021-04-13',177,189,NULL),
	('2021-04-14',177,189,NULL),
	('2021-04-15',177,189,NULL),
	('2021-04-16',177,189,NULL),
	('2021-04-17',177,189,NULL),
	('2021-04-18',177,189,NULL),
	('2021-04-19',177,189,NULL),
	('2021-04-20',177,189,NULL),
	('2021-04-21',177,189,NULL),
	('2021-04-22',177,189,NULL),
	('2021-04-23',177,189,NULL),
	('2021-04-24',177,189,NULL),
	('2021-04-25',177,189,NULL),
	('2021-04-26',177,189,NULL),
	('2021-04-27',177,189,NULL),
	('2021-04-28',177,189,NULL),
	('2021-04-29',177,189,NULL),
	('2021-04-30',177,189,NULL),
	('2021-05-01',177,189,NULL),
	('2021-05-02',177,189,NULL),
	('2021-05-03',177,189,NULL),
	('2021-05-04',177,189,NULL),
	('2021-05-05',177,189,NULL),
	('2021-05-06',177,189,NULL),
	('2021-05-07',177,189,NULL),
	('2021-05-08',177,189,NULL),
	('2021-05-09',177,189,NULL),
	('2021-05-10',177,189,NULL),
	('2021-05-11',177,189,NULL),
	('2021-05-12',177,189,NULL),
	('2021-05-13',177,189,NULL),
	('2021-05-14',177,189,NULL),
	('2021-05-15',177,189,NULL),
	('2021-05-16',177,189,NULL),
	('2021-05-17',177,189,NULL),
	('2021-05-18',177,189,NULL),
	('2021-05-19',177,189,NULL),
	('2021-05-20',177,189,NULL),
	('2021-05-21',177,189,NULL),
	('2021-05-22',177,189,NULL),
	('2021-05-23',177,189,NULL),
	('2021-05-24',177,189,NULL),
	('2021-05-25',177,189,NULL),
	('2021-05-26',177,189,NULL),
	('2021-05-27',177,189,NULL),
	('2021-05-28',177,189,NULL),
	('2021-05-29',177,189,NULL),
	('2021-05-30',177,189,NULL),
	('2021-05-31',177,189,NULL),
	('2021-06-01',177,189,NULL),
	('2021-06-02',177,189,NULL),
	('2021-06-03',177,189,NULL),
	('2021-06-04',177,189,NULL),
	('2021-06-05',177,189,NULL),
	('2021-06-06',177,189,NULL),
	('2021-06-07',177,189,NULL),
	('2021-06-08',177,189,NULL),
	('2021-06-09',177,189,NULL),
	('2021-06-10',177,189,NULL),
	('2021-06-11',177,189,NULL),
	('2021-06-12',177,189,NULL),
	('2021-06-13',177,189,NULL),
	('2021-06-14',177,189,NULL),
	('2021-06-15',177,189,NULL),
	('2021-06-16',177,189,NULL),
	('2021-06-17',177,189,NULL),
	('2021-06-18',177,189,NULL),
	('2021-06-19',177,189,NULL),
	('2021-06-20',177,189,NULL),
	('2021-06-21',177,189,NULL),
	('2021-06-22',177,189,NULL),
	('2021-06-23',177,189,NULL),
	('2021-06-24',177,189,NULL),
	('2021-06-25',177,189,NULL),
	('2021-06-26',177,189,NULL),
	('2021-06-27',177,189,NULL),
	('2021-06-28',177,189,NULL),
	('2021-06-29',177,189,NULL),
	('2021-06-30',177,189,NULL),
	('2021-09-03',178,189,NULL),
	('2021-09-02',178,189,NULL),
	('2021-09-01',178,189,NULL),
	('2021-08-31',178,189,NULL),
	('2021-08-30',178,189,NULL),
	('2021-08-29',178,189,NULL),
	('2021-08-28',178,189,NULL),
	('2021-08-27',178,189,NULL),
	('2021-08-26',178,189,NULL),
	('2021-08-25',178,189,NULL),
	('2021-08-24',178,189,NULL),
	('2021-08-23',178,189,NULL),
	('2021-08-22',178,189,NULL),
	('2021-08-21',178,189,NULL),
	('2021-08-20',178,189,NULL),
	('2021-08-19',178,189,NULL),
	('2021-08-18',178,189,NULL),
	('2021-08-17',178,189,NULL),
	('2021-08-16',178,189,NULL),
	('2021-08-15',178,189,NULL),
	('2021-08-14',178,189,NULL),
	('2021-08-13',178,189,NULL),
	('2021-08-12',178,189,NULL),
	('2021-08-11',178,189,NULL),
	('2021-08-10',178,189,NULL),
	('2021-08-09',178,189,NULL),
	('2021-08-08',178,189,NULL),
	('2021-08-07',178,189,NULL),
	('2021-08-06',178,189,NULL),
	('2021-08-05',178,189,NULL),
	('2021-08-04',178,189,NULL),
	('2021-08-03',178,189,NULL),
	('2021-08-02',178,189,NULL),
	('2021-08-01',178,189,NULL),
	('2021-07-31',178,189,NULL),
	('2021-07-30',178,189,NULL),
	('2021-07-29',178,189,NULL),
	('2021-07-28',178,189,NULL),
	('2021-07-27',178,189,NULL),
	('2021-07-26',178,189,NULL),
	('2021-07-25',178,189,NULL),
	('2021-07-24',178,189,NULL),
	('2021-07-23',178,189,NULL),
	('2021-07-22',178,189,NULL),
	('2021-07-21',178,189,NULL),
	('2021-07-20',178,189,NULL),
	('2021-07-19',178,189,NULL),
	('2021-07-18',178,189,NULL),
	('2021-07-17',178,189,NULL),
	('2021-07-16',178,189,NULL),
	('2021-07-15',178,189,NULL),
	('2021-07-14',178,189,NULL),
	('2021-07-13',178,189,NULL),
	('2021-07-12',178,189,NULL),
	('2021-07-11',178,189,NULL),
	('2021-07-10',178,189,NULL),
	('2021-07-09',178,189,NULL),
	('2021-07-08',178,189,NULL),
	('2021-07-07',178,189,NULL),
	('2021-07-06',178,189,NULL),
	('2021-07-05',178,189,NULL),
	('2021-07-04',178,189,NULL),
	('2021-07-03',178,189,NULL),
	('2021-07-02',178,189,NULL),
	('2021-07-01',178,189,NULL),
	('2021-06-30',178,189,NULL),
	('2021-06-29',178,189,NULL),
	('2021-06-28',178,189,NULL),
	('2021-06-27',178,189,NULL),
	('2021-06-26',178,189,NULL),
	('2021-06-25',178,189,NULL),
	('2021-06-24',178,189,NULL),
	('2021-06-23',178,189,NULL),
	('2021-06-22',178,189,NULL),
	('2021-06-21',178,189,NULL),
	('2021-06-20',178,189,NULL),
	('2021-06-19',178,189,NULL),
	('2021-06-18',178,189,NULL),
	('2021-06-17',178,189,NULL),
	('2021-06-16',178,189,NULL),
	('2021-06-15',178,189,NULL),
	('2021-06-14',178,189,NULL),
	('2021-06-13',178,189,NULL),
	('2021-06-12',178,189,NULL),
	('2021-06-11',178,189,NULL),
	('2021-06-10',178,189,NULL),
	('2021-06-09',178,189,NULL),
	('2021-06-08',178,189,NULL),
	('2021-06-07',178,189,NULL),
	('2021-06-06',178,189,NULL),
	('2021-06-05',178,189,NULL),
	('2021-06-04',178,189,NULL),
	('2021-06-03',178,189,NULL),
	('2021-06-02',178,189,NULL),
	('2021-06-01',178,189,NULL),
	('2021-05-31',178,189,NULL),
	('2021-05-30',178,189,NULL),
	('2021-05-29',178,189,NULL),
	('2021-05-28',178,189,NULL),
	('2021-05-27',178,189,NULL),
	('2021-05-26',178,189,NULL),
	('2021-05-25',178,189,NULL),
	('2021-05-24',178,189,NULL),
	('2021-05-23',178,189,NULL),
	('2021-05-22',178,189,NULL),
	('2021-05-21',178,189,NULL),
	('2021-05-20',178,189,NULL),
	('2021-05-19',178,189,NULL),
	('2021-05-18',178,189,NULL),
	('2021-05-17',178,189,NULL),
	('2021-05-16',178,189,NULL),
	('2021-05-15',178,189,NULL),
	('2021-05-14',178,189,NULL),
	('2021-05-13',178,189,NULL),
	('2021-05-12',178,189,NULL),
	('2021-05-11',178,189,NULL),
	('2021-05-10',178,189,NULL),
	('2021-05-09',178,189,NULL),
	('2021-05-08',178,189,NULL),
	('2021-05-07',178,189,NULL),
	('2021-05-06',178,189,NULL),
	('2021-05-05',178,189,NULL),
	('2021-05-04',178,189,NULL),
	('2021-05-03',178,189,NULL),
	('2021-05-02',178,189,NULL),
	('2021-05-01',178,189,NULL),
	('2021-04-30',178,189,NULL),
	('2021-04-29',178,189,NULL),
	('2021-04-28',178,189,NULL),
	('2021-04-27',178,189,NULL),
	('2021-04-26',178,189,NULL),
	('2021-04-25',178,189,NULL),
	('2021-04-24',178,189,NULL),
	('2021-04-23',178,189,NULL),
	('2021-04-22',178,189,NULL),
	('2021-04-21',178,189,NULL),
	('2021-04-20',178,189,NULL),
	('2021-04-19',178,189,NULL),
	('2021-04-18',178,189,NULL),
	('2021-04-17',178,189,NULL),
	('2021-04-16',178,189,NULL),
	('2021-04-15',178,189,NULL),
	('2021-04-14',178,189,NULL),
	('2021-04-13',178,189,NULL),
	('2021-04-12',178,189,NULL),
	('2021-04-11',178,189,NULL),
	('2021-04-10',178,189,NULL),
	('2021-04-09',178,189,NULL),
	('2021-04-08',178,189,NULL),
	('2021-04-07',178,189,NULL),
	('2021-04-06',178,189,NULL),
	('2021-04-05',178,189,NULL),
	('2021-04-04',178,189,NULL),
	('2021-04-03',178,189,NULL),
	('2021-04-02',178,189,NULL),
	('2021-04-01',178,189,NULL),
	('2021-03-31',178,189,NULL),
	('2021-03-30',178,189,NULL),
	('2021-03-29',178,189,NULL),
	('2021-03-28',178,189,NULL),
	('2021-03-27',178,189,NULL),
	('2021-03-26',178,189,NULL),
	('2021-03-25',178,189,NULL),
	('2021-03-24',178,189,NULL),
	('2021-03-23',178,189,NULL),
	('2021-03-22',178,189,NULL),
	('2021-03-21',178,189,NULL),
	('2021-03-20',178,189,NULL),
	('2021-03-19',178,189,NULL),
	('2021-03-18',178,189,NULL),
	('2021-03-17',178,189,NULL),
	('2021-03-16',178,189,NULL),
	('2021-03-15',178,189,NULL),
	('2021-03-14',178,189,NULL),
	('2021-03-13',178,189,NULL),
	('2021-03-12',178,189,NULL),
	('2021-03-11',178,189,NULL),
	('2021-03-10',178,189,NULL),
	('2021-03-09',178,189,NULL),
	('2021-03-08',178,189,NULL),
	('2021-03-07',178,189,NULL),
	('2021-03-06',178,189,NULL),
	('2021-03-05',178,189,NULL),
	('2021-03-04',178,189,NULL),
	('2021-03-03',178,189,NULL),
	('2021-03-02',178,189,NULL),
	('2021-03-01',178,189,NULL),
	('2021-02-28',178,189,NULL),
	('2021-02-27',178,189,NULL),
	('2021-02-26',178,189,NULL),
	('2021-02-25',178,189,NULL),
	('2021-02-24',178,189,NULL),
	('2021-02-23',178,189,NULL),
	('2021-02-22',178,189,NULL),
	('2021-02-21',178,189,NULL),
	('2021-02-20',178,189,NULL),
	('2021-02-19',178,189,NULL),
	('2021-02-18',178,189,NULL),
	('2021-02-17',178,189,NULL),
	('2021-02-16',178,189,NULL),
	('2021-02-15',178,189,NULL),
	('2021-02-14',178,189,NULL),
	('2021-02-13',178,189,NULL),
	('2021-02-12',178,189,NULL),
	('2021-02-11',178,189,NULL),
	('2021-02-10',178,189,NULL),
	('2021-02-09',178,189,NULL),
	('2021-02-08',178,189,NULL),
	('2021-02-07',178,189,NULL),
	('2021-02-06',178,189,NULL),
	('2021-02-05',178,189,NULL),
	('2021-02-04',178,189,NULL),
	('2021-02-03',178,189,NULL),
	('2021-02-02',178,189,NULL),
	('2021-02-01',178,189,NULL),
	('2021-01-31',178,189,NULL),
	('2021-01-30',178,189,NULL),
	('2021-01-29',178,189,NULL),
	('2021-01-28',178,189,NULL),
	('2021-01-27',178,189,NULL),
	('2021-01-26',178,189,NULL),
	('2021-01-25',178,189,NULL),
	('2021-01-24',178,189,NULL),
	('2021-01-23',178,189,NULL),
	('2021-01-22',178,189,NULL),
	('2021-01-21',178,189,NULL),
	('2021-01-20',178,189,NULL),
	('2021-01-19',178,189,NULL),
	('2021-01-18',178,189,NULL),
	('2021-01-17',178,189,NULL),
	('2021-01-16',178,189,NULL),
	('2021-01-15',178,189,NULL),
	('2021-01-14',178,189,NULL),
	('2021-01-13',178,189,NULL),
	('2021-01-12',178,189,NULL),
	('2021-01-11',178,189,NULL),
	('2021-01-10',178,189,NULL),
	('2021-01-09',178,189,NULL),
	('2021-01-08',178,189,NULL),
	('2021-01-07',178,189,NULL),
	('2021-01-06',178,189,NULL),
	('2021-01-05',178,189,NULL),
	('2021-01-04',178,189,NULL),
	('2021-01-03',178,189,NULL),
	('2021-01-02',178,189,NULL),
	('2021-01-01',178,189,NULL),
	('2020-12-31',178,189,NULL),
	('2020-12-30',178,189,NULL),
	('2020-12-29',178,189,NULL),
	('2020-12-28',178,189,NULL),
	('2020-12-27',178,189,NULL),
	('2020-12-26',178,189,NULL),
	('2020-12-25',178,189,NULL),
	('2020-12-24',178,189,NULL),
	('2020-12-23',178,189,NULL),
	('2020-12-22',178,189,NULL),
	('2020-12-21',178,189,NULL),
	('2020-12-20',178,189,NULL),
	('2020-12-19',178,189,NULL),
	('2020-12-18',178,189,NULL),
	('2020-12-17',178,189,NULL),
	('2020-12-16',178,189,NULL),
	('2020-12-15',178,189,NULL),
	('2020-12-14',178,189,NULL),
	('2020-12-13',178,189,NULL),
	('2020-12-12',178,189,NULL),
	('2020-12-11',178,189,NULL),
	('2020-12-10',178,189,NULL),
	('2020-12-09',178,189,NULL),
	('2020-12-08',178,189,NULL),
	('2020-12-07',178,189,NULL),
	('2020-12-06',178,189,NULL),
	('2020-12-05',178,189,NULL),
	('2020-12-04',178,189,NULL),
	('2020-12-03',178,189,NULL),
	('2020-12-02',178,189,NULL),
	('2020-12-01',178,189,NULL),
	('2020-11-30',178,189,NULL),
	('2020-11-29',178,189,NULL),
	('2020-11-28',178,189,NULL),
	('2020-11-27',178,189,NULL),
	('2020-11-26',178,189,NULL),
	('2020-11-25',178,189,NULL),
	('2020-11-24',178,189,NULL),
	('2020-11-23',178,189,NULL),
	('2020-11-22',178,189,NULL),
	('2020-11-21',178,189,NULL),
	('2020-11-20',178,189,NULL),
	('2020-11-19',178,189,NULL),
	('2020-11-18',178,189,NULL),
	('2020-11-17',178,189,NULL),
	('2020-11-16',178,189,NULL),
	('2020-11-15',178,189,NULL),
	('2020-11-14',178,189,NULL),
	('2020-11-13',178,189,NULL),
	('2020-11-12',178,189,NULL),
	('2020-11-11',178,189,NULL),
	('2020-11-10',178,189,NULL),
	('2020-11-09',178,189,NULL),
	('2020-11-08',178,189,NULL),
	('2020-11-07',178,189,NULL),
	('2020-11-06',178,189,NULL),
	('2020-11-05',178,189,NULL),
	('2020-11-04',178,189,NULL),
	('2020-11-03',178,189,NULL),
	('2020-11-02',178,189,NULL),
	('2020-11-01',178,189,NULL),
	('2020-10-31',178,189,NULL),
	('2020-10-30',178,189,NULL),
	('2020-10-29',178,189,NULL),
	('2020-10-28',178,189,NULL),
	('2020-10-27',178,189,NULL),
	('2020-10-26',178,189,NULL),
	('2020-10-25',178,189,NULL),
	('2020-10-24',178,189,NULL),
	('2020-10-23',178,189,NULL),
	('2020-10-22',178,189,NULL),
	('2020-10-21',178,189,NULL),
	('2020-10-20',178,189,NULL),
	('2020-10-19',178,189,NULL),
	('2020-10-18',178,189,NULL),
	('2020-10-17',178,189,NULL),
	('2020-10-16',178,189,NULL),
	('2020-10-15',178,189,NULL),
	('2020-10-14',178,189,NULL),
	('2020-10-13',178,189,NULL),
	('2020-10-12',178,189,NULL),
	('2020-10-11',178,189,NULL),
	('2020-10-10',178,189,NULL),
	('2020-10-09',178,189,NULL),
	('2020-10-08',178,189,NULL),
	('2020-10-07',178,189,NULL),
	('2020-10-06',178,189,NULL),
	('2020-10-05',178,189,NULL),
	('2020-10-04',178,189,NULL),
	('2020-10-03',178,189,NULL),
	('2020-10-02',178,189,NULL),
	('2020-10-01',178,189,NULL),
	('2021-09-04',178,189,NULL),
	('2021-09-05',178,189,NULL),
	('2021-09-06',178,189,NULL),
	('2021-09-07',178,189,NULL),
	('2021-09-08',178,189,NULL),
	('2021-09-09',178,189,NULL),
	('2021-09-10',178,189,NULL),
	('2021-09-11',178,189,NULL),
	('2021-09-12',178,189,NULL),
	('2021-09-13',178,189,NULL),
	('2021-09-14',178,189,NULL),
	('2021-09-15',178,189,NULL),
	('2021-09-16',178,189,NULL),
	('2021-09-17',178,189,NULL),
	('2021-09-18',178,189,NULL),
	('2021-09-19',178,189,NULL),
	('2021-09-20',178,189,NULL),
	('2021-09-21',178,189,NULL),
	('2021-09-22',178,189,NULL),
	('2021-09-23',178,189,NULL),
	('2021-09-24',178,189,NULL),
	('2021-09-25',178,189,NULL),
	('2021-09-26',178,189,NULL),
	('2021-09-27',178,189,NULL),
	('2021-09-28',178,189,NULL),
	('2021-09-29',178,189,NULL),
	('2021-09-30',178,189,NULL),
	('2021-10-01',178,189,NULL),
	('2021-10-02',178,189,NULL),
	('2021-10-03',178,189,NULL),
	('2021-10-04',178,189,NULL),
	('2021-10-05',178,189,NULL),
	('2021-10-06',178,189,NULL),
	('2021-10-07',178,189,NULL),
	('2021-10-08',178,189,NULL),
	('2021-10-09',178,189,NULL),
	('2021-10-10',178,189,NULL),
	('2021-10-11',178,189,NULL),
	('2021-10-12',178,189,NULL),
	('2021-10-13',178,189,NULL),
	('2021-10-14',178,189,NULL),
	('2021-10-15',178,189,NULL),
	('2021-10-16',178,189,NULL),
	('2021-10-17',178,189,NULL),
	('2021-10-18',178,189,NULL),
	('2021-10-19',178,189,NULL),
	('2021-10-20',178,189,NULL),
	('2021-10-21',178,189,NULL),
	('2021-10-22',178,189,NULL),
	('2021-10-23',178,189,NULL),
	('2021-10-24',178,189,NULL),
	('2021-10-25',178,189,NULL),
	('2021-10-26',178,189,NULL),
	('2021-10-27',178,189,NULL),
	('2021-10-28',178,189,NULL),
	('2021-10-29',178,189,NULL),
	('2021-10-30',178,189,NULL),
	('2021-10-31',178,189,NULL),
	('2021-11-01',178,189,NULL),
	('2021-11-02',178,189,NULL),
	('2021-11-03',178,189,NULL),
	('2021-11-04',178,189,NULL),
	('2021-11-05',178,189,NULL),
	('2021-11-06',178,189,NULL),
	('2021-11-07',178,189,NULL),
	('2021-11-08',178,189,NULL),
	('2021-11-09',178,189,NULL),
	('2021-11-10',178,189,NULL),
	('2021-11-11',178,189,NULL),
	('2021-11-12',178,189,NULL),
	('2021-11-13',178,189,NULL),
	('2021-11-14',178,189,NULL),
	('2021-11-15',178,189,NULL),
	('2021-11-16',178,189,NULL),
	('2021-11-17',178,189,NULL),
	('2021-11-18',178,189,NULL),
	('2021-11-19',178,189,NULL),
	('2021-11-20',178,189,NULL),
	('2021-11-21',178,189,NULL),
	('2021-11-22',178,189,NULL),
	('2021-11-23',178,189,NULL),
	('2021-11-24',178,189,NULL),
	('2021-11-25',178,189,NULL),
	('2021-11-26',178,189,NULL),
	('2021-11-27',178,189,NULL),
	('2021-11-28',178,189,NULL),
	('2021-11-29',178,189,NULL),
	('2021-11-30',178,189,NULL),
	('2021-12-01',178,189,NULL),
	('2021-12-02',178,189,NULL),
	('2021-12-03',178,189,NULL),
	('2021-12-04',178,189,NULL),
	('2021-12-05',178,189,NULL),
	('2021-12-06',178,189,NULL),
	('2021-12-07',178,189,NULL),
	('2021-12-08',178,189,NULL),
	('2021-12-09',178,189,NULL),
	('2021-12-10',178,189,NULL),
	('2021-12-11',178,189,NULL),
	('2021-12-12',178,189,NULL),
	('2021-12-13',178,189,NULL),
	('2021-12-14',178,189,NULL),
	('2021-12-15',178,189,NULL),
	('2021-12-16',178,189,NULL),
	('2021-12-17',178,189,NULL),
	('2021-12-18',178,189,NULL),
	('2021-12-19',178,189,NULL),
	('2021-12-20',178,189,NULL),
	('2021-12-21',178,189,NULL),
	('2021-12-22',178,189,NULL),
	('2021-12-23',178,189,NULL),
	('2021-12-24',178,189,NULL),
	('2021-12-25',178,189,NULL),
	('2021-12-26',178,189,NULL),
	('2021-12-27',178,189,NULL),
	('2021-12-28',178,189,NULL),
	('2021-12-29',178,189,NULL),
	('2021-12-30',178,189,NULL),
	('2021-07-01',179,289,NULL),
	('2021-07-02',179,289,NULL),
	('2021-07-03',179,289,NULL),
	('2021-07-04',179,289,NULL),
	('2021-07-05',179,289,NULL),
	('2021-07-06',179,289,NULL),
	('2021-07-07',179,289,NULL),
	('2021-07-08',179,289,NULL),
	('2021-07-09',179,289,NULL),
	('2021-07-10',179,289,NULL),
	('2021-07-11',179,289,NULL),
	('2021-07-12',179,289,NULL),
	('2021-07-13',179,289,NULL),
	('2021-07-14',179,289,NULL),
	('2021-07-15',179,289,NULL),
	('2021-07-16',179,289,NULL),
	('2021-07-17',179,289,NULL),
	('2021-07-18',179,289,NULL),
	('2021-07-19',179,289,NULL),
	('2021-07-20',179,289,NULL),
	('2021-07-21',179,289,NULL),
	('2021-07-22',179,289,NULL),
	('2021-07-23',179,289,NULL),
	('2021-07-24',179,289,NULL),
	('2021-07-25',179,289,NULL),
	('2021-07-26',179,289,NULL),
	('2021-07-27',179,289,NULL),
	('2021-07-28',179,289,NULL),
	('2021-07-29',179,289,NULL),
	('2021-07-30',179,289,NULL),
	('2021-07-31',179,289,NULL),
	('2021-08-01',179,289,NULL),
	('2021-08-02',179,289,NULL),
	('2021-08-03',179,289,NULL),
	('2021-08-04',179,289,NULL),
	('2021-08-05',179,289,NULL),
	('2021-08-06',179,289,NULL),
	('2021-08-07',179,289,NULL),
	('2021-08-08',179,289,NULL),
	('2021-08-09',179,289,NULL),
	('2021-08-10',179,289,NULL),
	('2021-08-11',179,289,NULL),
	('2021-08-12',179,289,NULL),
	('2021-08-13',179,289,NULL),
	('2021-08-14',179,289,NULL),
	('2021-08-15',179,289,NULL),
	('2021-08-16',179,289,NULL),
	('2021-08-17',179,289,NULL),
	('2021-08-18',179,289,NULL),
	('2021-08-19',179,289,NULL),
	('2021-08-20',179,289,NULL),
	('2021-08-21',179,289,NULL),
	('2021-08-22',179,289,NULL),
	('2021-08-23',179,289,NULL),
	('2021-08-24',179,289,NULL),
	('2021-08-25',179,289,NULL),
	('2021-08-26',179,289,NULL),
	('2021-08-27',179,289,NULL),
	('2021-08-28',179,289,NULL),
	('2021-08-29',179,289,NULL),
	('2021-08-30',179,289,NULL),
	('2021-08-31',179,289,NULL),
	('2021-09-01',179,289,NULL),
	('2021-09-02',179,289,NULL),
	('2021-09-03',179,289,NULL),
	('2021-09-04',179,289,NULL),
	('2021-09-05',179,289,NULL),
	('2021-09-06',179,289,NULL),
	('2021-09-07',179,289,NULL),
	('2021-09-08',179,289,NULL),
	('2021-09-09',179,289,NULL),
	('2021-09-10',179,289,NULL),
	('2021-09-11',179,289,NULL),
	('2021-09-12',179,289,NULL),
	('2021-09-13',179,289,NULL),
	('2021-09-14',179,289,NULL),
	('2021-09-15',179,289,NULL),
	('2021-09-16',179,289,NULL),
	('2021-09-17',179,289,NULL),
	('2021-09-18',179,289,NULL),
	('2021-09-19',179,289,NULL),
	('2021-09-20',179,289,NULL),
	('2021-09-21',179,289,NULL),
	('2021-09-22',179,289,NULL),
	('2021-09-23',179,289,NULL),
	('2021-09-24',179,289,NULL),
	('2021-09-25',179,289,NULL),
	('2021-09-26',179,289,NULL),
	('2021-09-27',179,289,NULL),
	('2021-09-28',179,289,NULL),
	('2021-09-29',179,289,NULL),
	('2021-09-30',179,289,NULL),
	('2021-12-31',180,669,NULL),
	('2021-01-01',181,179,NULL),
	('2021-01-02',181,179,NULL),
	('2021-01-03',181,179,NULL),
	('2021-01-04',181,179,NULL),
	('2021-01-05',181,179,NULL),
	('2021-01-06',181,179,NULL),
	('2021-01-07',181,179,NULL),
	('2021-01-08',181,179,NULL),
	('2021-01-09',181,179,NULL),
	('2021-01-10',181,179,NULL),
	('2021-01-11',181,179,NULL),
	('2021-01-12',181,179,NULL),
	('2021-01-13',181,179,NULL),
	('2021-01-14',181,179,NULL),
	('2021-01-15',181,179,NULL),
	('2021-01-16',181,179,NULL),
	('2021-01-17',181,179,NULL),
	('2021-01-18',181,179,NULL),
	('2021-01-19',181,179,NULL),
	('2021-01-20',181,179,NULL),
	('2021-01-21',181,179,NULL),
	('2021-01-22',181,179,NULL),
	('2021-01-23',181,179,NULL),
	('2021-01-24',181,179,NULL),
	('2021-01-25',181,179,NULL),
	('2021-01-26',181,179,NULL),
	('2021-01-27',181,179,NULL),
	('2021-01-28',181,179,NULL),
	('2021-01-29',181,179,NULL),
	('2021-01-30',181,179,NULL),
	('2021-01-31',181,179,NULL),
	('2021-02-01',181,179,NULL),
	('2021-02-02',181,179,NULL),
	('2021-02-03',181,179,NULL),
	('2021-02-04',181,179,NULL),
	('2021-02-05',181,179,NULL),
	('2021-02-06',181,179,NULL),
	('2021-02-07',181,179,NULL),
	('2021-02-08',181,179,NULL),
	('2021-02-09',181,179,NULL),
	('2021-02-10',181,179,NULL),
	('2021-02-11',181,179,NULL),
	('2021-02-12',181,179,NULL),
	('2021-02-13',181,179,NULL),
	('2021-02-14',181,179,NULL),
	('2021-02-15',181,179,NULL),
	('2021-02-16',181,179,NULL),
	('2021-02-17',181,179,NULL),
	('2021-02-18',181,179,NULL),
	('2021-02-19',181,179,NULL),
	('2021-02-20',181,179,NULL),
	('2021-02-21',181,179,NULL),
	('2021-02-22',181,179,NULL),
	('2021-02-23',181,179,NULL),
	('2021-02-24',181,179,NULL),
	('2021-02-25',181,179,NULL),
	('2021-02-26',181,179,NULL),
	('2021-02-27',181,179,NULL),
	('2021-02-28',181,179,NULL),
	('2021-03-01',181,179,NULL),
	('2021-03-02',181,179,NULL),
	('2021-03-03',181,179,NULL),
	('2021-03-04',181,179,NULL),
	('2021-03-05',181,179,NULL),
	('2021-03-06',181,179,NULL),
	('2021-03-07',181,179,NULL),
	('2021-03-08',181,179,NULL),
	('2021-03-09',181,179,NULL),
	('2021-03-10',181,179,NULL),
	('2021-03-11',181,179,NULL),
	('2021-03-12',181,179,NULL),
	('2021-03-13',181,179,NULL),
	('2021-03-14',181,179,NULL),
	('2021-03-15',181,179,NULL),
	('2021-03-16',181,179,NULL),
	('2021-03-17',181,179,NULL),
	('2021-03-18',181,179,NULL),
	('2021-03-19',181,179,NULL),
	('2021-03-20',181,179,NULL),
	('2021-03-21',181,179,NULL),
	('2021-03-22',181,179,NULL),
	('2021-03-23',181,179,NULL),
	('2021-03-24',181,179,NULL),
	('2021-03-25',181,179,NULL),
	('2021-03-26',181,179,NULL),
	('2021-03-27',181,179,NULL),
	('2021-03-28',181,179,NULL),
	('2021-03-29',181,179,NULL),
	('2021-03-30',181,179,NULL),
	('2021-03-31',181,179,NULL),
	('2021-04-01',181,179,NULL),
	('2021-04-02',181,179,NULL),
	('2021-04-03',181,179,NULL),
	('2021-04-04',181,179,NULL),
	('2021-04-05',181,179,NULL),
	('2021-04-06',181,179,NULL),
	('2021-04-07',181,179,NULL),
	('2021-04-08',181,179,NULL),
	('2021-04-09',181,179,NULL),
	('2021-04-10',181,179,NULL),
	('2021-04-11',181,179,NULL),
	('2021-04-12',181,179,NULL),
	('2021-04-13',181,179,NULL),
	('2021-04-14',181,179,NULL),
	('2021-04-15',181,179,NULL),
	('2021-04-16',181,179,NULL),
	('2021-04-17',181,179,NULL),
	('2021-04-18',181,179,NULL),
	('2021-04-19',181,179,NULL),
	('2021-04-20',181,179,NULL),
	('2021-04-21',181,179,NULL),
	('2021-04-22',181,179,NULL),
	('2021-04-23',181,179,NULL),
	('2021-04-24',181,179,NULL),
	('2021-04-25',181,179,NULL),
	('2021-04-26',181,179,NULL),
	('2021-04-27',181,179,NULL),
	('2021-04-28',181,179,NULL),
	('2021-04-29',181,179,NULL),
	('2021-04-30',181,179,NULL),
	('2021-05-01',181,179,NULL),
	('2021-05-02',181,179,NULL),
	('2021-05-03',181,179,NULL),
	('2021-05-04',181,179,NULL),
	('2021-05-05',181,179,NULL),
	('2021-05-06',181,179,NULL),
	('2021-05-07',181,179,NULL),
	('2021-05-08',181,179,NULL),
	('2021-05-09',181,179,NULL),
	('2021-05-10',181,179,NULL),
	('2021-05-11',181,179,NULL),
	('2021-05-12',181,179,NULL),
	('2021-05-13',181,179,NULL),
	('2021-05-14',181,179,NULL),
	('2021-05-15',181,179,NULL),
	('2021-05-16',181,179,NULL),
	('2021-05-17',181,179,NULL),
	('2021-05-18',181,179,NULL),
	('2021-05-19',181,179,NULL),
	('2021-05-20',181,179,NULL),
	('2021-05-21',181,179,NULL),
	('2021-05-22',181,179,NULL),
	('2021-05-23',181,179,NULL),
	('2021-05-24',181,179,NULL),
	('2021-05-25',181,179,NULL),
	('2021-05-26',181,179,NULL),
	('2021-05-27',181,179,NULL),
	('2021-05-28',181,179,NULL),
	('2021-05-29',181,179,NULL),
	('2021-05-30',181,179,NULL),
	('2021-05-31',181,179,NULL),
	('2021-06-01',181,179,NULL),
	('2021-06-02',181,179,NULL),
	('2021-06-03',181,179,NULL),
	('2021-06-04',181,179,NULL),
	('2021-06-05',181,179,NULL),
	('2021-06-06',181,179,NULL),
	('2021-06-07',181,179,NULL),
	('2021-06-08',181,179,NULL),
	('2021-06-09',181,179,NULL),
	('2021-06-10',181,179,NULL),
	('2021-06-11',181,179,NULL),
	('2021-06-12',181,179,NULL),
	('2021-06-13',181,179,NULL),
	('2021-06-14',181,179,NULL),
	('2021-06-15',181,179,NULL),
	('2021-06-16',181,179,NULL),
	('2021-06-17',181,179,NULL),
	('2021-06-18',181,179,NULL),
	('2021-06-19',181,179,NULL),
	('2021-06-20',181,179,NULL),
	('2021-06-21',181,179,NULL),
	('2021-06-22',181,179,NULL),
	('2021-06-23',181,179,NULL),
	('2021-06-24',181,179,NULL),
	('2021-06-25',181,179,NULL),
	('2021-06-26',181,179,NULL),
	('2021-06-27',181,179,NULL),
	('2021-06-28',181,179,NULL),
	('2021-06-29',181,179,NULL),
	('2021-06-30',181,179,NULL),
	('2021-06-29',185,299,NULL),
	('2021-06-28',185,299,NULL),
	('2021-06-27',185,299,NULL),
	('2021-06-26',185,299,NULL),
	('2021-06-25',185,299,NULL),
	('2021-06-24',185,299,NULL),
	('2021-06-23',185,299,NULL),
	('2021-06-22',185,299,NULL),
	('2021-06-21',185,299,NULL),
	('2021-06-20',185,299,NULL),
	('2021-06-19',185,299,NULL),
	('2021-06-18',185,299,NULL),
	('2021-06-17',185,299,NULL),
	('2021-06-16',185,299,NULL),
	('2021-06-15',185,299,NULL),
	('2021-06-14',185,299,NULL),
	('2021-06-13',185,299,NULL),
	('2021-06-12',185,299,NULL),
	('2021-06-11',185,299,NULL),
	('2021-06-10',185,299,NULL),
	('2021-06-09',185,299,NULL),
	('2021-06-08',185,299,NULL),
	('2021-06-07',185,299,NULL),
	('2021-06-06',185,299,NULL),
	('2021-06-05',185,299,NULL),
	('2021-06-04',185,299,NULL),
	('2021-06-03',185,299,NULL),
	('2021-06-02',185,299,NULL),
	('2021-06-01',185,299,NULL),
	('2021-05-31',185,299,NULL),
	('2021-05-30',185,299,NULL),
	('2021-05-29',185,299,NULL),
	('2021-05-28',185,299,NULL),
	('2021-05-27',185,299,NULL),
	('2021-05-26',185,299,NULL),
	('2021-05-25',185,299,NULL),
	('2021-05-24',185,299,NULL),
	('2021-05-23',185,299,NULL),
	('2021-05-22',185,299,NULL),
	('2021-05-21',185,299,NULL),
	('2021-05-20',185,299,NULL),
	('2021-05-19',185,299,NULL),
	('2021-05-18',185,299,NULL),
	('2021-05-17',185,299,NULL),
	('2021-05-16',185,299,NULL),
	('2021-05-15',185,299,NULL),
	('2021-05-14',185,299,NULL),
	('2021-05-13',185,299,NULL),
	('2021-05-12',185,299,NULL),
	('2021-05-11',185,299,NULL),
	('2021-05-10',185,299,NULL),
	('2021-05-09',185,299,NULL),
	('2021-05-08',185,299,NULL),
	('2021-05-07',185,299,NULL),
	('2021-05-06',185,299,NULL),
	('2021-05-05',185,299,NULL),
	('2021-05-04',185,299,NULL),
	('2021-05-03',185,299,NULL),
	('2021-05-02',185,299,NULL),
	('2021-05-01',185,299,NULL),
	('2021-04-30',185,299,NULL),
	('2021-04-29',185,299,NULL),
	('2021-04-28',185,299,NULL),
	('2021-04-27',185,299,NULL),
	('2021-04-26',185,299,NULL),
	('2021-04-25',185,299,NULL),
	('2021-04-24',185,299,NULL),
	('2021-04-23',185,299,NULL),
	('2021-04-22',185,299,NULL),
	('2021-04-21',185,299,NULL),
	('2021-04-20',185,299,NULL),
	('2021-04-19',185,299,NULL),
	('2021-04-18',185,299,NULL),
	('2021-04-17',185,299,NULL),
	('2021-04-16',185,299,NULL),
	('2021-04-15',185,299,NULL),
	('2021-04-14',185,299,NULL),
	('2021-04-13',185,299,NULL),
	('2021-04-12',185,299,NULL),
	('2021-04-11',185,299,NULL),
	('2021-04-10',185,299,NULL),
	('2021-04-09',185,299,NULL),
	('2021-04-08',185,299,NULL),
	('2021-04-07',185,299,NULL),
	('2021-04-06',185,299,NULL),
	('2021-04-05',185,299,NULL),
	('2021-04-04',185,299,NULL),
	('2021-04-03',185,299,NULL),
	('2021-04-02',185,299,NULL),
	('2021-04-01',185,299,NULL),
	('2021-03-31',185,299,NULL),
	('2021-03-30',185,299,NULL),
	('2021-03-29',185,299,NULL),
	('2021-03-28',185,299,NULL),
	('2021-03-27',185,299,NULL),
	('2021-03-26',185,299,NULL),
	('2021-03-25',185,299,NULL),
	('2021-03-24',185,299,NULL),
	('2021-03-23',185,299,NULL),
	('2021-03-22',185,299,NULL),
	('2021-03-21',185,299,NULL),
	('2021-03-20',185,299,NULL),
	('2021-03-19',185,299,NULL),
	('2021-03-18',185,299,NULL),
	('2021-03-17',185,299,NULL),
	('2021-03-16',185,299,NULL),
	('2021-03-15',185,299,NULL),
	('2021-03-14',185,299,NULL),
	('2021-03-13',185,299,NULL),
	('2021-03-12',185,299,NULL),
	('2021-03-11',185,299,NULL),
	('2021-03-10',185,299,NULL),
	('2021-03-09',185,299,NULL),
	('2021-03-08',185,299,NULL),
	('2021-03-07',185,299,NULL),
	('2021-03-06',185,299,NULL),
	('2021-03-05',185,299,NULL),
	('2021-03-04',185,299,NULL),
	('2021-03-03',185,299,NULL),
	('2021-03-02',185,299,NULL),
	('2021-03-01',185,299,NULL),
	('2021-02-28',185,299,NULL),
	('2021-02-27',185,299,NULL),
	('2021-02-26',185,299,NULL),
	('2021-02-25',185,299,NULL),
	('2021-02-24',185,299,NULL),
	('2021-02-23',185,299,NULL),
	('2021-02-22',185,299,NULL),
	('2021-02-21',185,299,NULL),
	('2021-02-20',185,299,NULL),
	('2021-02-19',185,299,NULL),
	('2021-02-18',185,299,NULL),
	('2021-02-17',185,299,NULL),
	('2021-02-16',185,299,NULL),
	('2021-02-15',185,299,NULL),
	('2021-02-14',185,299,NULL),
	('2021-02-13',185,299,NULL),
	('2021-02-12',185,299,NULL),
	('2021-02-11',185,299,NULL),
	('2021-02-10',185,299,NULL),
	('2021-02-09',185,299,NULL),
	('2021-02-08',185,299,NULL),
	('2021-02-07',185,299,NULL),
	('2021-02-06',185,299,NULL),
	('2021-02-05',185,299,NULL),
	('2021-02-04',185,299,NULL),
	('2021-02-03',185,299,NULL),
	('2021-02-02',185,299,NULL),
	('2021-02-01',185,299,NULL),
	('2021-01-31',185,299,NULL),
	('2021-01-30',185,299,NULL),
	('2021-01-29',185,299,NULL),
	('2021-01-28',185,299,NULL),
	('2021-01-27',185,299,NULL),
	('2021-01-26',185,299,NULL),
	('2021-01-25',185,299,NULL),
	('2021-01-24',185,299,NULL),
	('2021-01-23',185,299,NULL),
	('2021-01-22',185,299,NULL),
	('2021-01-21',185,299,NULL),
	('2021-01-20',185,299,NULL),
	('2021-01-19',185,299,NULL),
	('2021-01-18',185,299,NULL),
	('2021-01-17',185,299,NULL),
	('2021-01-16',185,299,NULL),
	('2021-01-15',185,299,NULL),
	('2021-01-14',185,299,NULL),
	('2021-01-13',185,299,NULL),
	('2021-01-12',185,299,NULL),
	('2021-01-11',185,299,NULL),
	('2021-01-10',185,299,NULL),
	('2021-01-09',185,299,NULL),
	('2021-01-08',185,299,NULL),
	('2021-01-07',185,299,NULL),
	('2021-01-06',185,299,NULL),
	('2021-01-05',185,299,NULL),
	('2021-01-04',185,299,NULL),
	('2021-01-03',185,299,NULL),
	('2021-01-02',185,299,NULL),
	('2021-01-01',185,299,NULL),
	('2021-12-31',184,539,NULL),
	('2021-09-30',183,254,NULL),
	('2021-09-29',183,254,NULL),
	('2021-09-28',183,254,NULL),
	('2021-09-27',183,254,NULL),
	('2021-09-26',183,254,NULL),
	('2021-09-25',183,254,NULL),
	('2021-09-24',183,254,NULL),
	('2021-09-23',183,254,NULL),
	('2021-09-22',183,254,NULL),
	('2021-09-21',183,254,NULL),
	('2021-09-20',183,254,NULL),
	('2021-09-19',183,254,NULL),
	('2021-09-18',183,254,NULL),
	('2021-09-17',183,254,NULL),
	('2021-09-16',183,254,NULL),
	('2021-09-15',183,254,NULL),
	('2021-09-14',183,254,NULL),
	('2021-09-13',183,254,NULL),
	('2021-09-12',183,254,NULL),
	('2021-09-11',183,254,NULL),
	('2021-09-10',183,254,NULL),
	('2021-09-09',183,254,NULL),
	('2021-09-08',183,254,NULL),
	('2021-09-07',183,254,NULL),
	('2021-09-06',183,254,NULL),
	('2021-09-05',183,254,NULL),
	('2021-09-04',183,254,NULL),
	('2021-09-03',183,254,NULL),
	('2021-09-02',183,254,NULL),
	('2021-09-01',183,254,NULL),
	('2021-08-31',183,254,NULL),
	('2021-08-30',183,254,NULL),
	('2021-08-29',183,254,NULL),
	('2021-08-28',183,254,NULL),
	('2021-08-27',183,254,NULL),
	('2021-08-26',183,254,NULL),
	('2021-08-25',183,254,NULL),
	('2021-08-24',183,254,NULL),
	('2021-08-23',183,254,NULL),
	('2021-08-22',183,254,NULL),
	('2021-08-21',183,254,NULL),
	('2021-08-20',183,254,NULL),
	('2021-08-19',183,254,NULL),
	('2021-08-18',183,254,NULL),
	('2021-08-17',183,254,NULL),
	('2021-08-16',183,254,NULL),
	('2021-08-15',183,254,NULL),
	('2021-08-14',183,254,NULL),
	('2021-08-13',183,254,NULL),
	('2021-08-12',183,254,NULL),
	('2021-08-11',183,254,NULL),
	('2021-08-10',183,254,NULL),
	('2021-08-09',183,254,NULL),
	('2021-08-08',183,254,NULL),
	('2021-08-07',183,254,NULL),
	('2021-08-06',183,254,NULL),
	('2021-08-05',183,254,NULL),
	('2021-08-04',183,254,NULL),
	('2021-08-03',183,254,NULL),
	('2021-08-02',183,254,NULL),
	('2021-08-01',183,254,NULL),
	('2021-07-31',183,254,NULL),
	('2021-07-30',183,254,NULL),
	('2021-07-29',183,254,NULL),
	('2021-07-28',183,254,NULL),
	('2021-07-27',183,254,NULL),
	('2021-07-26',183,254,NULL),
	('2021-07-25',183,254,NULL),
	('2021-07-24',183,254,NULL),
	('2021-07-23',183,254,NULL),
	('2021-07-22',183,254,NULL),
	('2021-07-21',183,254,NULL),
	('2021-07-20',183,254,NULL),
	('2021-07-19',183,254,NULL),
	('2021-07-18',183,254,NULL),
	('2021-07-17',183,254,NULL),
	('2021-07-16',183,254,NULL),
	('2021-07-15',183,254,NULL),
	('2021-07-14',183,254,NULL),
	('2021-07-13',183,254,NULL),
	('2021-07-12',183,254,NULL),
	('2021-07-11',183,254,NULL),
	('2021-07-10',183,254,NULL),
	('2021-07-09',183,254,NULL),
	('2021-07-08',183,254,NULL),
	('2021-07-07',183,254,NULL),
	('2021-07-06',183,254,NULL),
	('2021-07-05',183,254,NULL),
	('2021-07-04',183,254,NULL),
	('2021-07-03',183,254,NULL),
	('2021-07-02',183,254,NULL),
	('2021-07-01',183,254,NULL),
	('2021-12-30',182,179,NULL),
	('2021-12-29',182,179,NULL),
	('2021-12-28',182,179,NULL),
	('2021-12-27',182,179,NULL),
	('2021-12-26',182,179,NULL),
	('2021-12-25',182,179,NULL),
	('2021-12-24',182,179,NULL),
	('2021-12-23',182,179,NULL),
	('2021-12-22',182,179,NULL),
	('2021-12-21',182,179,NULL),
	('2021-12-20',182,179,NULL),
	('2021-12-19',182,179,NULL),
	('2021-12-18',182,179,NULL),
	('2021-12-17',182,179,NULL),
	('2021-12-16',182,179,NULL),
	('2021-12-15',182,179,NULL),
	('2021-12-14',182,179,NULL),
	('2021-12-13',182,179,NULL),
	('2021-12-12',182,179,NULL),
	('2021-12-11',182,179,NULL),
	('2021-12-10',182,179,NULL),
	('2021-12-09',182,179,NULL),
	('2021-12-08',182,179,NULL),
	('2021-12-07',182,179,NULL),
	('2021-12-06',182,179,NULL),
	('2021-12-05',182,179,NULL),
	('2021-12-04',182,179,NULL),
	('2021-12-03',182,179,NULL),
	('2021-12-02',182,179,NULL),
	('2021-12-01',182,179,NULL),
	('2021-11-30',182,179,NULL),
	('2021-11-29',182,179,NULL),
	('2021-11-28',182,179,NULL),
	('2021-11-27',182,179,NULL),
	('2021-11-26',182,179,NULL),
	('2021-11-25',182,179,NULL),
	('2021-11-24',182,179,NULL),
	('2021-11-23',182,179,NULL),
	('2021-11-22',182,179,NULL),
	('2021-11-21',182,179,NULL),
	('2021-11-20',182,179,NULL),
	('2021-11-19',182,179,NULL),
	('2021-11-18',182,179,NULL),
	('2021-11-17',182,179,NULL),
	('2021-11-16',182,179,NULL),
	('2021-11-15',182,179,NULL),
	('2021-11-14',182,179,NULL),
	('2021-11-13',182,179,NULL),
	('2021-11-12',182,179,NULL),
	('2021-11-11',182,179,NULL),
	('2021-11-10',182,179,NULL),
	('2021-11-09',182,179,NULL),
	('2021-11-08',182,179,NULL),
	('2021-11-07',182,179,NULL),
	('2021-11-06',182,179,NULL),
	('2021-11-05',182,179,NULL),
	('2021-11-04',182,179,NULL),
	('2021-11-03',182,179,NULL),
	('2021-11-02',182,179,NULL),
	('2021-11-01',182,179,NULL),
	('2021-10-31',182,179,NULL),
	('2021-10-30',182,179,NULL),
	('2021-10-29',182,179,NULL),
	('2021-10-28',182,179,NULL),
	('2021-10-27',182,179,NULL),
	('2021-10-26',182,179,NULL),
	('2021-10-25',182,179,NULL),
	('2021-10-24',182,179,NULL),
	('2021-10-23',182,179,NULL),
	('2021-10-22',182,179,NULL),
	('2021-10-21',182,179,NULL),
	('2021-10-20',182,179,NULL),
	('2021-10-19',182,179,NULL),
	('2021-10-18',182,179,NULL),
	('2021-10-17',182,179,NULL),
	('2021-10-16',182,179,NULL),
	('2021-10-15',182,179,NULL),
	('2021-10-14',182,179,NULL),
	('2021-10-13',182,179,NULL),
	('2021-10-12',182,179,NULL),
	('2021-10-11',182,179,NULL),
	('2021-10-10',182,179,NULL),
	('2021-10-09',182,179,NULL),
	('2021-10-08',182,179,NULL),
	('2021-10-07',182,179,NULL),
	('2021-10-06',182,179,NULL),
	('2021-10-05',182,179,NULL),
	('2021-10-04',182,179,NULL),
	('2021-10-03',182,179,NULL),
	('2021-10-02',182,179,NULL),
	('2021-10-01',182,179,NULL),
	('2021-06-30',185,299,NULL),
	('2021-10-01',186,299,NULL),
	('2021-10-02',186,299,NULL),
	('2021-10-03',186,299,NULL),
	('2021-10-04',186,299,NULL),
	('2021-10-05',186,299,NULL),
	('2021-10-06',186,299,NULL),
	('2021-10-07',186,299,NULL),
	('2021-10-08',186,299,NULL),
	('2021-10-09',186,299,NULL),
	('2021-10-10',186,299,NULL),
	('2021-10-11',186,299,NULL),
	('2021-10-12',186,299,NULL),
	('2021-10-13',186,299,NULL),
	('2021-10-14',186,299,NULL),
	('2021-10-15',186,299,NULL),
	('2021-10-16',186,299,NULL),
	('2021-10-17',186,299,NULL),
	('2021-10-18',186,299,NULL),
	('2021-10-19',186,299,NULL),
	('2021-10-20',186,299,NULL),
	('2021-10-21',186,299,NULL),
	('2021-10-22',186,299,NULL),
	('2021-10-23',186,299,NULL),
	('2021-10-24',186,299,NULL),
	('2021-10-25',186,299,NULL),
	('2021-10-26',186,299,NULL),
	('2021-10-27',186,299,NULL),
	('2021-10-28',186,299,NULL),
	('2021-10-29',186,299,NULL),
	('2021-10-30',186,299,NULL),
	('2021-10-31',186,299,NULL),
	('2021-11-01',186,299,NULL),
	('2021-11-02',186,299,NULL),
	('2021-11-03',186,299,NULL),
	('2021-11-04',186,299,NULL),
	('2021-11-05',186,299,NULL),
	('2021-11-06',186,299,NULL),
	('2021-11-07',186,299,NULL),
	('2021-11-08',186,299,NULL),
	('2021-11-09',186,299,NULL),
	('2021-11-10',186,299,NULL),
	('2021-11-11',186,299,NULL),
	('2021-11-12',186,299,NULL),
	('2021-11-13',186,299,NULL),
	('2021-11-14',186,299,NULL),
	('2021-11-15',186,299,NULL),
	('2021-11-16',186,299,NULL),
	('2021-11-17',186,299,NULL),
	('2021-11-18',186,299,NULL),
	('2021-11-19',186,299,NULL),
	('2021-11-20',186,299,NULL),
	('2021-11-21',186,299,NULL),
	('2021-11-22',186,299,NULL),
	('2021-11-23',186,299,NULL),
	('2021-11-24',186,299,NULL),
	('2021-11-25',186,299,NULL),
	('2021-11-26',186,299,NULL),
	('2021-11-27',186,299,NULL),
	('2021-11-28',186,299,NULL),
	('2021-11-29',186,299,NULL),
	('2021-11-30',186,299,NULL),
	('2021-12-01',186,299,NULL),
	('2021-12-02',186,299,NULL),
	('2021-12-03',186,299,NULL),
	('2021-12-04',186,299,NULL),
	('2021-12-05',186,299,NULL),
	('2021-12-06',186,299,NULL),
	('2021-12-07',186,299,NULL),
	('2021-12-08',186,299,NULL),
	('2021-12-09',186,299,NULL),
	('2021-12-10',186,299,NULL),
	('2021-12-11',186,299,NULL),
	('2021-12-12',186,299,NULL),
	('2021-12-13',186,299,NULL),
	('2021-12-14',186,299,NULL),
	('2021-12-15',186,299,NULL),
	('2021-12-16',186,299,NULL),
	('2021-12-17',186,299,NULL),
	('2021-12-18',186,299,NULL),
	('2021-12-19',186,299,NULL),
	('2021-12-20',186,299,NULL),
	('2021-12-21',186,299,NULL),
	('2021-12-22',186,299,NULL),
	('2021-12-23',186,299,NULL),
	('2021-12-24',186,299,NULL),
	('2021-12-25',186,299,NULL),
	('2021-12-26',186,299,NULL),
	('2021-12-27',186,299,NULL),
	('2021-12-28',186,299,NULL),
	('2021-12-29',186,299,NULL),
	('2021-12-30',186,299,NULL),
	('2021-07-01',187,379,NULL),
	('2021-07-02',187,379,NULL),
	('2021-07-03',187,379,NULL),
	('2021-07-04',187,379,NULL),
	('2021-07-05',187,379,NULL),
	('2021-07-06',187,379,NULL),
	('2021-07-07',187,379,NULL),
	('2021-07-08',187,379,NULL),
	('2021-07-09',187,379,NULL),
	('2021-07-10',187,379,NULL),
	('2021-07-11',187,379,NULL),
	('2021-07-12',187,379,NULL),
	('2021-07-13',187,379,NULL),
	('2021-07-14',187,379,NULL),
	('2021-07-15',187,379,NULL),
	('2021-07-16',187,379,NULL),
	('2021-07-17',187,379,NULL),
	('2021-07-18',187,379,NULL),
	('2021-07-19',187,379,NULL),
	('2021-07-20',187,379,NULL),
	('2021-07-21',187,379,NULL),
	('2021-07-22',187,379,NULL),
	('2021-07-23',187,379,NULL),
	('2021-07-24',187,379,NULL),
	('2021-07-25',187,379,NULL),
	('2021-07-26',187,379,NULL),
	('2021-07-27',187,379,NULL),
	('2021-07-28',187,379,NULL),
	('2021-07-29',187,379,NULL),
	('2021-07-30',187,379,NULL),
	('2021-07-31',187,379,NULL),
	('2021-08-01',187,379,NULL),
	('2021-08-02',187,379,NULL),
	('2021-08-03',187,379,NULL),
	('2021-08-04',187,379,NULL),
	('2021-08-05',187,379,NULL),
	('2021-08-06',187,379,NULL),
	('2021-08-07',187,379,NULL),
	('2021-08-08',187,379,NULL),
	('2021-08-09',187,379,NULL),
	('2021-08-10',187,379,NULL),
	('2021-08-11',187,379,NULL),
	('2021-08-12',187,379,NULL),
	('2021-08-13',187,379,NULL),
	('2021-08-14',187,379,NULL),
	('2021-08-15',187,379,NULL),
	('2021-08-16',187,379,NULL),
	('2021-08-17',187,379,NULL),
	('2021-08-18',187,379,NULL),
	('2021-08-19',187,379,NULL),
	('2021-08-20',187,379,NULL),
	('2021-08-21',187,379,NULL),
	('2021-08-22',187,379,NULL),
	('2021-08-23',187,379,NULL),
	('2021-08-24',187,379,NULL),
	('2021-08-25',187,379,NULL),
	('2021-08-26',187,379,NULL),
	('2021-08-27',187,379,NULL),
	('2021-08-28',187,379,NULL),
	('2021-08-29',187,379,NULL),
	('2021-08-30',187,379,NULL),
	('2021-08-31',187,379,NULL),
	('2021-09-01',187,379,NULL),
	('2021-09-02',187,379,NULL),
	('2021-09-03',187,379,NULL),
	('2021-09-04',187,379,NULL),
	('2021-09-05',187,379,NULL),
	('2021-09-06',187,379,NULL),
	('2021-09-07',187,379,NULL),
	('2021-09-08',187,379,NULL),
	('2021-09-09',187,379,NULL),
	('2021-09-10',187,379,NULL),
	('2021-09-11',187,379,NULL),
	('2021-09-12',187,379,NULL),
	('2021-09-13',187,379,NULL),
	('2021-09-14',187,379,NULL),
	('2021-09-15',187,379,NULL),
	('2021-09-16',187,379,NULL),
	('2021-09-17',187,379,NULL),
	('2021-09-18',187,379,NULL),
	('2021-09-19',187,379,NULL),
	('2021-09-20',187,379,NULL),
	('2021-09-21',187,379,NULL),
	('2021-09-22',187,379,NULL),
	('2021-09-23',187,379,NULL),
	('2021-09-24',187,379,NULL),
	('2021-09-25',187,379,NULL),
	('2021-09-26',187,379,NULL),
	('2021-09-27',187,379,NULL),
	('2021-09-28',187,379,NULL),
	('2021-09-29',187,379,NULL),
	('2021-09-30',187,379,NULL),
	('2021-12-31',188,664,NULL);

/*!40000 ALTER TABLE `room_prices` ENABLE KEYS */;
UNLOCK TABLES;


# Dump of table room_translations
# ------------------------------------------------------------

DROP TABLE IF EXISTS `room_translations`;

CREATE TABLE `room_translations` (
  `id` int(10) unsigned NOT NULL AUTO_INCREMENT,
  `room_id` int(10) unsigned NOT NULL,
  `name` varchar(191) COLLATE utf8mb4_unicode_ci NOT NULL,
  `landscape` varchar(250) COLLATE utf8mb4_unicode_ci DEFAULT NULL,
  `label` text COLLATE utf8mb4_unicode_ci DEFAULT NULL,
  `title` text COLLATE utf8mb4_unicode_ci DEFAULT NULL,
  `slug` varchar(191) COLLATE utf8mb4_unicode_ci NOT NULL,
  `description` text COLLATE utf8mb4_unicode_ci NOT NULL,
  `excerpt` text COLLATE utf8mb4_unicode_ci DEFAULT NULL,
  `room_size` text COLLATE utf8mb4_unicode_ci DEFAULT NULL,
  `max_guests` text COLLATE utf8mb4_unicode_ci DEFAULT NULL,
  `bed_size` text COLLATE utf8mb4_unicode_ci DEFAULT NULL,
  `other_amenities` longtext COLLATE utf8mb4_unicode_ci DEFAULT NULL,
  `locale` char(2) COLLATE utf8mb4_unicode_ci NOT NULL,
  `created_at` timestamp NULL DEFAULT NULL,
  `updated_at` timestamp NULL DEFAULT NULL,
  `additional_title` text COLLATE utf8mb4_unicode_ci DEFAULT NULL,
  `additional_description` text COLLATE utf8mb4_unicode_ci DEFAULT NULL,
  PRIMARY KEY (`id`),
  KEY `room_translations_room_id_foreign` (`room_id`),
  KEY `room_translations_locale_foreign` (`locale`),
  CONSTRAINT `room_translations_locale_foreign` FOREIGN KEY (`locale`) REFERENCES `languages` (`slug`) ON DELETE CASCADE,
  CONSTRAINT `room_translations_room_id_foreign` FOREIGN KEY (`room_id`) REFERENCES `rooms` (`id`) ON DELETE CASCADE
) ENGINE=InnoDB DEFAULT CHARSET=utf8mb4 COLLATE=utf8mb4_unicode_ci;

LOCK TABLES `room_translations` WRITE;
/*!40000 ALTER TABLE `room_translations` DISABLE KEYS */;

INSERT INTO `room_translations` (`id`, `room_id`, `name`, `landscape`, `label`, `title`, `slug`, `description`, `excerpt`, `room_size`, `max_guests`, `bed_size`, `other_amenities`, `locale`, `created_at`, `updated_at`, `additional_title`, `additional_description`)
VALUES
	(8,6,'Suite Familiar','Mar, Rio, Natureza','Momentos únicos para partilhar em tamanho familiar',NULL,'quarto-familiar','<p>desc</p>',NULL,'50m<sup>2</sup>','3 pax','Cama de King Size + Sofá Cama','Duche\r\nSecador de cabelo\r\nAmenities\r\nSecador de toalhas \r\nRoupeiro \r\nTelefone\r\nCofre\r\nFrigobar\r\nTelevisão de ecrã plano e canais por cabo\r\nAr condicionado\r\nPurificador de ar\r\nÁrea de estar','pt','2018-01-05 11:00:19','2021-01-26 11:45:40','Inclui','<p>Bebida de boas-vindas no Bar &amp; Bistrô do hotel<br />Soberbo pequeno almoço buffet Well Hotel &amp; Spa<br />Acesso à piscina, jacuzzi, ginásio, sauna e banho turco<br />Wi-Fi gratuito<br />Águas no quarto<br />Roupão e chinelos<br />Toalha de Piscina/ Spa</p>'),
	(17,8,'Suite Well','Mar, Rio, Natureza','Romance a dois a perder de vista','Suite Well','suite-well','<p>Suite Well</p>',NULL,'60m<sup>2</sup>','3 pax','Cama King Size','Duche\r\nJacuzzi\r\nSecador de cabelo\r\nAmenities\r\nSecador de toalhas \r\nRoupeiro \r\nTelefone\r\nCofre\r\nFrigobar\r\nTelevisão de ecrã plano e canais por cabo\r\nAr condicionado\r\nPurificador de ar\r\nTerraço\r\nÁrea de estar','pt','2021-01-25 17:20:02','2021-01-25 17:20:02','Inclui','<p>Bebida de boas-vindas no Bar &amp; Bistrô do hotel;<br />Soberbo Pequeno Almoço no conforto da sua Suite;<br />Acesso à piscina, jacuzzi, ginásio, sauna e banho turco;<br />Wi-Fi gratuito;<br />Águas no quarto;<br />Roupão e chinelos;<br />Toalha de Piscina/ Spa;</p>'),
	(19,9,'Suite Deluxe Mar','Mar, Rio, Natureza','Aqui, a tranquilidade encontra o mar de fundo','Suite Deluxe Mar','suite-deluxe-mar','<p>desc</p>',NULL,'40m<sup>2</sup>','2 pax','Cama King Size','Duche\r\nJacuzzi\r\nSecador de cabelo\r\nAmenities\r\nSecador de toalhas\r\nRoupeiro\r\nTelefone\r\nCofre\r\nFrigobar\r\nTelevisão de ecrã plano e canais por cabo\r\nAr condicionado\r\nPurificador de ar\r\nTerraço\r\nÁrea de estar','pt','2021-01-26 11:59:26','2021-01-26 11:59:26','Incui','<p>Bebida de boas-vindas no Bar &amp; Bistrô do hotel<br />Soberbo pequeno almoço buffet Well Hotel &amp; Spa<br />Acesso à piscina, jacuzzi, ginásio, sauna e banho turco<br />Wi-Fi gratuito<br />Águas no quarto<br />Roupão e chinelos<br />Toalha de Piscina/ Spa</p>'),
	(20,10,'Suite Deluxe Natura','Natureza','Amor e tranquilidade combinam na perfeição.','Suite Deluxe Natura','suite-deluxe-natura','<p>desc</p>',NULL,'55m<sup>2</sup>','2 pax','Cama King Size','Duche\r\nJacuzzi\r\nSecador de cabelo\r\nAmenities\r\nSecador de toalhas \r\nRoupeiro \r\nTelefone\r\nCofre\r\nFrigobar\r\nTelevisão de ecrã plano e canais por cabo\r\nAr condicionado\r\nPurificador de ar\r\nVaranda\r\nÁrea de estar','pt','2021-01-26 12:09:50','2021-01-26 12:09:50','Inclui','<p>Bebida de boas-vindas no Bar &amp; Bistrô do hotel<br />Soberbo pequeno almoço buffet Well Hotel &amp; Spa<br />Acesso à piscina, jacuzzi, ginásio, sauna e banho turco<br />Wi-Fi gratuito<br />Águas no quarto<br />Toalha de Piscina/ Spa</p>'),
	(21,11,'Suite Mar','Rio, Natureza','Azul do mar e verde da natureza, uma pintura perfeita','Suite Mar','suite-mar','<p>desc</p>',NULL,'25m<sup>2</sup>','2 pax','Cama King Size','Duche\r\nSecador de cabelo\r\nAmenities\r\nSecador de toalhas \r\nRoupeiro \r\nTelefone\r\nCofre\r\nFrigobar\r\nTelevisão de ecrã plano e canais por cabo\r\nAr condicionado\r\nPurificador de ar\r\nTerraço (___Tirámos a varanda___)\r\nÁrea de estar','pt','2021-01-26 12:21:04','2021-01-26 12:21:04','Inclui','<p>Bebida de boas-vindas no Bar &amp; Bistrô do hotel<br />Soberbo pequeno almoço buffet Well Hotel &amp; Spa<br />Acesso à piscina, jacuzzi, ginásio, sauna e banho turco<br />Wi-Fi gratuito<br />Águas no quarto<br />Roupão e chinelos<br />Toalha de Piscina/ Spa</p>'),
	(22,12,'Quarto Duplo Mar','Mar, Rio, Natureza','Bem-estar e conforto à beira mar','Quarto Duplo Mar','quarto-duplo-mar','<p>desc</p>',NULL,'20m<sup>2</sup>','2 pax','Cama de King Size','Duche\r\nSecador de cabelo\r\nAmenities\r\nSecador de toalhas \r\nRoupeiro \r\nTelefone\r\nCofre\r\nFrigobar\r\nTelevisão de ecrã plano e canais por cabo\r\nAr condicionado\r\nPurificador de ar','pt','2021-01-26 12:27:46','2021-01-26 12:27:46','Inclui','<p>Bebida de boas-vindas no Bar &amp; Bistrô do hotel<br />Soberbo pequeno almoço buffet Well Hotel &amp; Spa<br />Acesso à piscina, jacuzzi, ginásio, sauna e banho turco<br />Wi-Fi gratuito<br />Águas no quarto<br />Roupão e chinelos<br />Toalha de Piscina/ Spa</p>'),
	(23,13,'Quarto Duplo Natura','Natureza','Cumplicidade e amor alinhados com a natureza','Quarto Duplo Natura','quarto-duplo-natura','<p>desc</p>',NULL,'20m<sup>2</sup>','2 pax','Cama de King Size','Duche\r\nSecador de cabelo\r\nAmenities\r\nSecador de toalhas \r\nRoupeiro \r\nTelefone\r\nCofre\r\nFrigobar\r\nTelevisão de ecrã plano e canais por cabo\r\nAr condicionado\r\nPurificador de ar\r\nVaranda','pt','2021-01-26 12:35:54','2021-01-26 12:35:54','Inclui','<p>Bebida de boas-vindas no Bar &amp; Bistrô do hotel<br />Soberbo pequeno almoço buffet Well Hotel &amp; Spa<br />Acesso à piscina, jacuzzi, ginásio, sauna e banho turco<br />Wi-Fi gratuito<br />Águas no quarto<br />Roupão e chinelos<br />Toalha de Piscina/ Spa</p>'),
	(24,14,'Quarto Individual Natura','Natureza','Conforto e serenidade em perfeita harmonia','Quarto Individual Natura','quarto-individual-natura','<p>desc</p>',NULL,'20m<sup>2</sup>','1 pax','Cama de King Size','Duche\r\nSecador de cabelo\r\nAmenities\r\nSecador de toalhas \r\nRoupeiro \r\nTelefone\r\nCofre\r\nFrigobar\r\nTelevisão de ecrã plano e canais por cabo\r\nAr condicionado\r\nPurificador de ar\r\nVaranda','pt','2021-01-26 12:40:52','2021-01-26 12:40:52','Inclui','<p>Bebida de boas-vindas no Bar &amp; Bistrô do hotel<br />Soberbo pequeno almoço buffet Well Hotel &amp; Spa<br />Acesso à piscina, jacuzzi, ginásio, sauna e banho turco<br />Wi-Fi gratuito<br />Águas no quarto<br />Roupão e chinelos<br />Toalha de Piscina/ Spa</p>'),
	(25,15,'Quarto Duplo ou Twin Mar','Mar, Rio, Natureza','Respire o ar fresco vindo do mar','Quarto Duplo ou Twin Mar','quarto-duplo-ou-twin-mar','<p>desc</p>',NULL,'20m<sup>2</sup>','2 pax','Cama de King Size ou duas camas individuais','Quarto no rés do chão\r\nDuche\r\nSecador de cabelo\r\nAmenities\r\nSecador de toalhas \r\nRoupeiro \r\nTelefone\r\nCofre\r\nFrigobar\r\nTelevisão de ecrã plano e canais por cabo\r\nAr condicionado\r\nPurificador de ar\r\nTerraço','pt','2021-01-26 12:52:19','2021-01-26 12:52:19','Inclui','<p>Bebida de boas-vindas no Bar &amp; Bistrô do hotel<br />Soberbo pequeno almoço buffet Well Hotel &amp; Spa<br />Acesso à piscina, jacuzzi, ginásio, sauna e banho turco<br />Wi-Fi gratuito<br />Águas no quarto<br />Roupão e chinelos<br />Toalha de Piscina/ Spa</p>'),
	(26,16,'Estúdio Superior Natura','Natureza','Bem estar em tamanho familiar','Estúdio Superior Natura','estudio-superior-natura','<p>Estúdio Superior Natura – Bem estar em tamanho familiar</p>\r\n<p>Ocupação máxima:3 pax</p>\r\n<p>Tamanho do quarto: 60m2</p>\r\n<p>Tipo da(s) cama(s): Cama de King Size + Sofá Cama</p>',NULL,'60m<sup>2</sup>','3 pax','Cama de King Size + Sofá Cama','Duche\r\nSecador de cabelo\r\nAmenities\r\nSecador de toalhas \r\nRoupeiro \r\nKitchenette \r\nTelefone\r\nCofre\r\nFrigobar\r\nTelevisão de ecrã plano e canais por cabo\r\nAr condicionado\r\nPurificador de ar\r\nÁrea de estar\r\nTerraço','pt','2021-01-26 13:01:03','2021-01-26 13:01:03','Inclui','<p>Bebida de boas-vindas no Bar &amp; Bistrô do hotel<br />Soberbo pequeno almoço buffet Well Hotel &amp; Spa<br />Acesso à piscina, jacuzzi, ginásio, sauna e banho turco<br />Wi-Fi gratuito<br />Águas no quarto<br />Roupão e chinelos<br />Toalha de Piscina/ Spa</p>'),
	(27,17,'Suite Familiar Mar','Mar, Rio, Natureza','Amor com Vista Mar em tamanho familiar','Suite Familiar Mar','suite-familiar-mar','<p>desc</p>',NULL,'30m<sup>2</sup>','3 pax','Cama de King Size + Sofá Cama','Duche\r\nSecador de cabelo\r\nAmenities\r\nSecador de toalhas \r\nRoupeiro \r\nTelefone\r\nCofre\r\nFrigobar\r\nTelevisão de ecrã plano e canais por cabo\r\nAr condicionado\r\nPurificador de ar\r\nÁrea de estar','pt','2021-01-26 14:42:14','2021-01-26 14:42:14','Inclui','<p>Bebida de boas-vindas no Bar &amp; Bistrô do hotel<br />Soberbo pequeno almoço buffet Well Hotel &amp; Spa<br />Acesso à piscina, jacuzzi, ginásio, sauna e banho turco<br />Wi-Fi gratuito<br />Águas no quarto<br />Roupão e chinelos<br />Toalha de Piscina/ Spa</p>'),
	(28,18,'Suite Familiar Natura','Natureza','Refúgio na natureza em tamanho familiar','Suite Familiar Natura','suite-familiar-natura','<p>desc</p>',NULL,'30m<sup>2</sup>','3 pax','Cama de King Size + Sofá Cama','Duche\r\nSecador de cabelo\r\nAmenities\r\nSecador de toalhas \r\nRoupeiro \r\nTelefone\r\nCofre\r\nFrigobar\r\nTelevisão de ecrã plano e canais por cabo\r\nAr condicionado\r\nPurificador de ar\r\nÁrea de estar\r\nTerraço','pt','2021-01-26 14:47:37','2021-01-26 14:47:37','Inclui','<p>Bebida de boas-vindas no Bar &amp; Bistrô do hotel<br />Soberbo pequeno almoço buffet Well Hotel &amp; Spa<br />Acesso à piscina, jacuzzi, ginásio, sauna e banho turco<br />Wi-Fi gratuito<br />Águas no quarto<br />Roupão e chinelos<br />Toalha de Piscina/ Spa</p>'),
	(29,19,'Suite Duplex Natura','Natureza','Momentos de partilha, amor por inteiro.','Suite Duplex Natura','suite-duplex-natura','<p>desc</p>',NULL,'40m<sup>2</sup>','4 pax','Cama de King Size + Sofá Cama','Suite comunicante\r\nDuche\r\nSecador de cabelo\r\nAmenities\r\nSecador de toalhas \r\nRoupeiro \r\nTelefone\r\nCofre\r\nFrigobar\r\nTelevisão de ecrã plano e canais por cabo\r\nAr condicionado\r\nPurificador de ar\r\nVaranda','pt','2021-01-26 14:55:07','2021-01-26 14:55:07','Inclui','<p>Bebida de boas-vindas no Bar &amp; Bistrô do hotel<br />Soberbo pequeno almoço buffet Well Hotel &amp; Spa<br />Acesso à piscina, jacuzzi, ginásio, sauna e banho turco<br />Wi-Fi gratuito<br />Águas no quarto<br />Roupão e chinelos<br />Toalha de Piscina/ Spa</p>');

/*!40000 ALTER TABLE `room_translations` ENABLE KEYS */;
UNLOCK TABLES;


# Dump of table room_type_translations
# ------------------------------------------------------------

DROP TABLE IF EXISTS `room_type_translations`;

CREATE TABLE `room_type_translations` (
  `id` int(10) unsigned NOT NULL AUTO_INCREMENT,
  `slug` varchar(191) COLLATE utf8mb4_unicode_ci NOT NULL,
  `room_type_id` int(10) unsigned NOT NULL,
  `locale` char(2) COLLATE utf8mb4_unicode_ci NOT NULL,
  `name` varchar(191) COLLATE utf8mb4_unicode_ci NOT NULL,
  `created_at` timestamp NULL DEFAULT NULL,
  `updated_at` timestamp NULL DEFAULT NULL,
  PRIMARY KEY (`id`),
  KEY `room_type_translations_room_type_id_foreign` (`room_type_id`),
  KEY `room_type_translations_locale_foreign` (`locale`),
  KEY `room_type_translations_slug_index` (`slug`),
  CONSTRAINT `room_type_translations_locale_foreign` FOREIGN KEY (`locale`) REFERENCES `languages` (`slug`) ON DELETE CASCADE,
  CONSTRAINT `room_type_translations_room_type_id_foreign` FOREIGN KEY (`room_type_id`) REFERENCES `room_types` (`id`) ON DELETE CASCADE
) ENGINE=InnoDB DEFAULT CHARSET=utf8mb4 COLLATE=utf8mb4_unicode_ci;

LOCK TABLES `room_type_translations` WRITE;
/*!40000 ALTER TABLE `room_type_translations` DISABLE KEYS */;

INSERT INTO `room_type_translations` (`id`, `slug`, `room_type_id`, `locale`, `name`, `created_at`, `updated_at`)
VALUES
	(2,'quartos',1,'pt','Quartos','2017-12-11 20:33:21','2017-12-11 20:33:26'),
	(3,'rooms',1,'en','Rooms','2017-12-11 20:33:21','2017-12-11 20:33:26'),
	(4,'suites',2,'pt','Suites','2017-12-11 20:33:21','2017-12-11 20:33:26'),
	(5,'suites',2,'en','Suites','2017-12-11 20:33:21','2017-12-11 20:33:26');

/*!40000 ALTER TABLE `room_type_translations` ENABLE KEYS */;
UNLOCK TABLES;


# Dump of table room_types
# ------------------------------------------------------------

DROP TABLE IF EXISTS `room_types`;

CREATE TABLE `room_types` (
  `id` int(10) unsigned NOT NULL AUTO_INCREMENT,
  `priority` int(11) DEFAULT NULL,
  `publish` tinyint(1) NOT NULL,
  `created_at` timestamp NULL DEFAULT NULL,
  `updated_at` timestamp NULL DEFAULT NULL,
  PRIMARY KEY (`id`)
) ENGINE=InnoDB DEFAULT CHARSET=utf8mb4 COLLATE=utf8mb4_unicode_ci;

LOCK TABLES `room_types` WRITE;
/*!40000 ALTER TABLE `room_types` DISABLE KEYS */;

INSERT INTO `room_types` (`id`, `priority`, `publish`, `created_at`, `updated_at`)
VALUES
	(1,0,1,'2017-12-11 20:32:30','2017-12-11 20:32:38'),
	(2,0,1,'2017-12-11 20:32:30','2017-12-11 20:32:38');

/*!40000 ALTER TABLE `room_types` ENABLE KEYS */;
UNLOCK TABLES;


# Dump of table rooms
# ------------------------------------------------------------

DROP TABLE IF EXISTS `rooms`;

CREATE TABLE `rooms` (
  `id` int(10) unsigned NOT NULL AUTO_INCREMENT,
  `price` int(11) NOT NULL,
  `masthead_image` varchar(191) COLLATE utf8mb4_unicode_ci NOT NULL,
  `cover_image` varchar(191) COLLATE utf8mb4_unicode_ci DEFAULT NULL,
  `cover_image_2` varchar(191) COLLATE utf8mb4_unicode_ci DEFAULT NULL,
  `priority` int(11) DEFAULT NULL,
  `publish` tinyint(1) NOT NULL,
  `gallery_id` int(10) unsigned DEFAULT NULL,
  `created_at` timestamp NULL DEFAULT NULL,
  `updated_at` timestamp NULL DEFAULT NULL,
  `deleted_at` timestamp NULL DEFAULT NULL,
  `room_type_id` int(10) unsigned NOT NULL,
  `max_guests_numeric` int(11) NOT NULL DEFAULT 1,
  PRIMARY KEY (`id`),
  KEY `rooms_gallery_id_foreign` (`gallery_id`),
  KEY `rooms_room_type_id_foreign` (`room_type_id`),
  CONSTRAINT `rooms_gallery_id_foreign` FOREIGN KEY (`gallery_id`) REFERENCES `galleries` (`id`) ON DELETE CASCADE,
  CONSTRAINT `rooms_room_type_id_foreign` FOREIGN KEY (`room_type_id`) REFERENCES `room_types` (`id`) ON DELETE CASCADE
) ENGINE=InnoDB DEFAULT CHARSET=utf8mb4 COLLATE=utf8mb4_unicode_ci;

LOCK TABLES `rooms` WRITE;
/*!40000 ALTER TABLE `rooms` DISABLE KEYS */;

INSERT INTO `rooms` (`id`, `price`, `masthead_image`, `cover_image`, `cover_image_2`, `priority`, `publish`, `gallery_id`, `created_at`, `updated_at`, `deleted_at`, `room_type_id`, `max_guests_numeric`)
VALUES
	(6,0,'/files/gallery-image/sf_c67a4435_editar.jpg','/files/gallery-image/sf_c67a4435_editar.jpg',NULL,883,1,18,'2018-01-05 11:00:19','2021-01-26 15:07:05',NULL,2,3),
	(8,0,'/files/cover-images/c67a9765.jpg','/files/cover-images/c67a9765.jpg',NULL,1000,1,17,'2021-01-25 17:20:02','2021-01-25 17:43:58',NULL,2,3),
	(9,0,'/files/gallery-image/c67a1435_editar-2.jpg','/files/gallery-image/c67a1435_editar-2.jpg',NULL,999,1,36,'2021-01-26 11:59:26','2021-01-26 14:59:42',NULL,2,2),
	(10,0,'/files/gallery-image/c67a9393.jpg','/files/gallery-image/c67a9393.jpg',NULL,998,1,35,'2021-01-26 12:09:50','2021-01-26 14:59:58',NULL,2,2),
	(11,0,'/files/gallery-image/c67a1583.jpg','/files/gallery-image/c67a1583.jpg',NULL,997,1,34,'2021-01-26 12:21:04','2021-01-26 15:02:44',NULL,2,2),
	(12,0,'/files/gallery-image/c67a9498_editar.jpg','/files/gallery-image/c67a9498_editar.jpg',NULL,995,1,33,'2021-01-26 12:27:46','2021-01-26 12:27:46',NULL,1,2),
	(13,0,'/files/gallery-image/c67a9423.jpg','/files/gallery-image/c67a9423.jpg',NULL,994,1,32,'2021-01-26 12:35:54','2021-01-26 12:35:54',NULL,1,2),
	(14,0,'/files/gallery-image/c67a1648_editar.jpg','/files/gallery-image/c67a1648_editar.jpg',NULL,992,1,32,'2021-01-26 12:40:52','2021-01-26 15:04:34',NULL,1,2),
	(15,0,'/files/gallery-image/c67a9463.jpg','/files/gallery-image/c67a9463.jpg',NULL,993,1,33,'2021-01-26 12:52:19','2021-01-26 15:04:42',NULL,1,2),
	(16,0,'/files/mastheads/header_twin_conforto.jpg','/files/mastheads/header_twin_conforto.jpg',NULL,990,1,NULL,'2021-01-26 13:01:03','2021-01-26 13:01:03',NULL,1,3),
	(17,0,'/files/gallery-image/sfm_c67a4426_editar.jpg','/files/gallery-image/sfm_c67a4426_editar.jpg',NULL,888,1,20,'2021-01-26 14:42:14','2021-01-26 14:42:14',NULL,2,3),
	(18,0,'/files/gallery-image/sfn_c67a1683_editar.jpg','/files/gallery-image/sfn_c67a1683_editar.jpg',NULL,887,1,19,'2021-01-26 14:47:37','2021-01-26 14:47:37',NULL,2,3),
	(19,0,'/files/gallery-image/sdn_c67a9283.jpg','/files/gallery-image/sdn_c67a9283.jpg',NULL,880,1,21,'2021-01-26 14:55:07','2021-01-26 14:55:07',NULL,2,4);

/*!40000 ALTER TABLE `rooms` ENABLE KEYS */;
UNLOCK TABLES;


# Dump of table simple_page_translations
# ------------------------------------------------------------

DROP TABLE IF EXISTS `simple_page_translations`;

CREATE TABLE `simple_page_translations` (
  `id` int(10) unsigned NOT NULL AUTO_INCREMENT,
  `simple_page_id` int(10) unsigned NOT NULL,
  `title` text COLLATE utf8mb4_unicode_ci NOT NULL,
  `content` longtext COLLATE utf8mb4_unicode_ci DEFAULT NULL,
  `locale` varchar(191) COLLATE utf8mb4_unicode_ci NOT NULL,
  PRIMARY KEY (`id`),
  UNIQUE KEY `simple_page_translations_simple_page_id_locale_unique` (`simple_page_id`,`locale`),
  KEY `simple_page_translations_locale_index` (`locale`),
  CONSTRAINT `simple_page_translations_simple_page_id_foreign` FOREIGN KEY (`simple_page_id`) REFERENCES `simple_pages` (`id`) ON DELETE CASCADE
) ENGINE=InnoDB DEFAULT CHARSET=utf8mb4 COLLATE=utf8mb4_unicode_ci;

LOCK TABLES `simple_page_translations` WRITE;
/*!40000 ALTER TABLE `simple_page_translations` DISABLE KEYS */;

INSERT INTO `simple_page_translations` (`id`, `simple_page_id`, `title`, `content`, `locale`)
VALUES
	(2,1,'Contactos','<h5>Morada</h5>\r\n<p>Rua Duque de Wellington no3, Praia do Porto Novo, <br />Vimeiro, Torres Vedras Maceira, 2560-100 Portugal</p>\r\n<h5>Telefones</h5>\r\n<p><a href=\"tel:+351261984472\">+351 261 984 472</a><br /><a href=\"tel:+351961358247\">+351 961 358 247</a> (Telemóvel)</p>\r\n<h5>Emails</h5>\r\n<p><a href=\"mailto:reservas@wellhotelportugal.com\">reservas@wellhotelportugal.com</a> </p>','pt'),
	(4,2,'Política de Privacidade','<p>O sítio electrónico wellhotelportugal.com não recolhe automaticamente quaisquer informações pessoais do utilizador. A visita do utilizador a este sítio é levada a cabo de forma completamente anónima, exceptuando quaisquer áreas de acesso reservado que requeiram o registo do utilizador.</p>\r\n<p>Para alguns serviços, podem ser instalados cookies (ficheiro de texto guardado no computador do utilizador a fim de personalizar a sua visita) para contabilizar o número de visitas ao sítio. Os cookies não recolhem nem guardam qualquer informação de carácter pessoal do utilizador, e a sua instalação pode ser sempre controlada através do programa de navegação (browser) do utilizador.</p>\r\n<p>A informação pessoal voluntariamente fornecida pelo utilizador ao preencher um ou mais formulários deste sítio electrónico destina-se exclusivamente para tratamento por parte do Well Hotel e/ou dos anunciantes a quem a informação é dirigida. O Well Hotel nunca divulgará a informação recolhida a terceiros sem o prévio consentimento do utilizador, excepto quando tal informação seja solicitada por via judicial. A informação fornecida pelo utilizador apenas poderá ser utilizada para desenvolver mecanismos de personalização deste sítio e para o envio por correio electrónico de mensagens informativas e novidades sobre o próprio sítio.</p>\r\n<p>Esta Política de Privacidade pode ser eventualmente alterada no futuro, em cujo caso será apresentada nesta página. Para o esclarecimento de qualquer dúvida, por favor, envie uma mensagem de correio electrónico para <a href=\"mailto:geral@wellhotelportugal.com\">geral@wellhotelportugal.com</a>.</p>','pt'),
	(5,1,'Contacts','<h5>Address</h5>\r\n<p>Rua Duque de Wellington no3, Praia do Porto Novo, <br />Vimeiro, Torres Vedras Maceira, 2560-100 Portugal</p>\r\n<h5>Phones</h5>\r\n<p>+351 261 984 472 (service 01) <br />+351 261 984 473 (service 02) <br />+351 261 984 474 (service 03)</p>\r\n<h5>Emails</h5>\r\n<p><a href=\"mailto:info@westbeachhotel.com\">info@westbeachhotel.com</a>  <br /><a href=\"mailto:reservation@westbeachhotel.com\">reservation@westbeachhotel.com</a> </p>','en'),
	(6,2,'Privacy Policy',NULL,'en');

/*!40000 ALTER TABLE `simple_page_translations` ENABLE KEYS */;
UNLOCK TABLES;


# Dump of table simple_pages
# ------------------------------------------------------------

DROP TABLE IF EXISTS `simple_pages`;

CREATE TABLE `simple_pages` (
  `id` int(10) unsigned NOT NULL AUTO_INCREMENT,
  `slug` varchar(191) COLLATE utf8mb4_unicode_ci NOT NULL,
  `name` varchar(191) COLLATE utf8mb4_unicode_ci NOT NULL,
  `routable` tinyint(1) DEFAULT 1,
  `created_at` timestamp NULL DEFAULT NULL,
  `updated_at` timestamp NULL DEFAULT NULL,
  PRIMARY KEY (`id`),
  KEY `simple_pages_slug_index` (`slug`)
) ENGINE=InnoDB DEFAULT CHARSET=utf8mb4 COLLATE=utf8mb4_unicode_ci;

LOCK TABLES `simple_pages` WRITE;
/*!40000 ALTER TABLE `simple_pages` DISABLE KEYS */;

INSERT INTO `simple_pages` (`id`, `slug`, `name`, `routable`, `created_at`, `updated_at`)
VALUES
	(1,'contacts','Contactos',0,'2017-12-04 21:56:04','2017-12-04 21:56:04'),
	(2,'privacy-policy','Política de Privacidade',1,'2018-02-05 12:42:59','2018-02-05 12:42:59');

/*!40000 ALTER TABLE `simple_pages` ENABLE KEYS */;
UNLOCK TABLES;


# Dump of table slides
# ------------------------------------------------------------

DROP TABLE IF EXISTS `slides`;

CREATE TABLE `slides` (
  `id` int(10) unsigned NOT NULL AUTO_INCREMENT,
  `title` text COLLATE utf8mb4_unicode_ci NOT NULL,
  `description` text COLLATE utf8mb4_unicode_ci DEFAULT NULL,
  `action_title` varchar(191) COLLATE utf8mb4_unicode_ci DEFAULT NULL,
  `action_link` varchar(191) COLLATE utf8mb4_unicode_ci DEFAULT NULL,
  `image` varchar(191) COLLATE utf8mb4_unicode_ci NOT NULL,
  `locale` varchar(191) COLLATE utf8mb4_unicode_ci NOT NULL,
  `priority` int(11) DEFAULT NULL,
  `publish` tinyint(1) NOT NULL,
  `created_at` timestamp NULL DEFAULT NULL,
  `updated_at` timestamp NULL DEFAULT NULL,
  PRIMARY KEY (`id`),
  KEY `slides_locale_index` (`locale`)
) ENGINE=InnoDB DEFAULT CHARSET=utf8mb4 COLLATE=utf8mb4_unicode_ci;

LOCK TABLES `slides` WRITE;
/*!40000 ALTER TABLE `slides` DISABLE KEYS */;

INSERT INTO `slides` (`id`, `title`, `description`, `action_title`, `action_link`, `image`, `locale`, `priority`, `publish`, `created_at`, `updated_at`)
VALUES
	(4,'Desfrute o conforto do nosso Hotel',NULL,'Quartos & Suites','/pt/quartos-e-suites','/files/slides/_mg_6380_tratada.jpg','pt',0,1,'2017-12-04 16:10:03','2018-03-22 11:36:01'),
	(5,'Torne a sua estadia inesquecível',NULL,'Packs e Experiências','/pt/packs-experiencias','/files/slides/header_experiencias.jpg','pt',100,1,'2018-03-22 11:36:48','2021-01-27 11:57:34'),
	(6,'Um espaço único com uma vista perfeita',NULL,'O Hotel','/pt/hotel','/files/slides/header_hotel.jpg','pt',200,1,'2018-03-22 11:38:01','2018-03-22 11:50:53'),
	(7,'Celebre o maior de todos os amores',NULL,'Dia da Mãe','/pt/dia-da-mae','/files/slides/header_dia_mae_2018.jpg','pt',300,0,'2018-03-22 11:38:35','2018-05-14 08:09:23'),
	(8,'A unique place with a unique view',NULL,'The hotel','/en/hotel','/files/slides/header_hotel.jpg','en',0,1,'2018-09-26 09:29:16','2018-09-26 09:31:39'),
	(9,'Pack Reveillon','A noite perfeita no sítio perfeito.','Saber mais','/pt/a-noite-perfeita-no-sitio-perfeito','/files/slides/header_passagem_ano_2.jpg','pt',400,0,'2018-11-20 11:08:39','2019-01-07 17:51:19');

/*!40000 ALTER TABLE `slides` ENABLE KEYS */;
UNLOCK TABLES;


# Dump of table space_translations
# ------------------------------------------------------------

DROP TABLE IF EXISTS `space_translations`;

CREATE TABLE `space_translations` (
  `id` int(10) unsigned NOT NULL AUTO_INCREMENT,
  `space_id` int(10) unsigned NOT NULL,
  `slug` varchar(191) COLLATE utf8mb4_unicode_ci NOT NULL,
  `name` text COLLATE utf8mb4_unicode_ci NOT NULL,
  `description` longtext COLLATE utf8mb4_unicode_ci DEFAULT NULL,
  `excerpt` text COLLATE utf8mb4_unicode_ci DEFAULT NULL,
  `url` varchar(191) COLLATE utf8mb4_unicode_ci DEFAULT NULL,
  `locale` varchar(191) COLLATE utf8mb4_unicode_ci NOT NULL,
  PRIMARY KEY (`id`),
  UNIQUE KEY `space_translations_space_id_locale_unique` (`space_id`,`locale`),
  KEY `space_translations_slug_index` (`slug`),
  KEY `space_translations_locale_index` (`locale`),
  CONSTRAINT `space_translations_space_id_foreign` FOREIGN KEY (`space_id`) REFERENCES `spaces` (`id`) ON DELETE CASCADE
) ENGINE=InnoDB DEFAULT CHARSET=utf8mb4 COLLATE=utf8mb4_unicode_ci;

LOCK TABLES `space_translations` WRITE;
/*!40000 ALTER TABLE `space_translations` DISABLE KEYS */;

INSERT INTO `space_translations` (`id`, `space_id`, `slug`, `name`, `description`, `excerpt`, `url`, `locale`)
VALUES
	(2,1,'espaco-crianca','Espaço Criança','<p>Porque até os mais pequenos precisam de espaço, este lugar foi pensado para que as crianças que nos visitam possam brincar à vontade. Temos à sua disposição jogos, brinquedos e livros cheios de magia. O Well Hotel &amp; Spa recebe a sua família de braços abertos!</p>','Porque até os mais pequenos precisam de espaço, este lugar foi pensado para que as crianças que nos visitam possam brincar à vontade.',NULL,'pt'),
	(4,2,'piscina-e-jacuzzi','Piscina  e Jacuzzi','<p>O Well Hotel &amp; Spa está perto da praia, mas o conforto de um banho na piscina é um luxo único que queremos oferecer-lhe, mesmo durante os meses de inverno. Quando chega o frio, o nosso espaço é coberto e a água de ambas as piscinas e do jacuzzi é aquecida. Durante o verão, a água também é aquecida, mas o espaço está descoberto para que possa usufruir do ar fresco que nos chega da praia.</p>\r\n<p>No jacuzzi, sinta a massagem feita naturalmente pelos jatos de água e relaxe. Há mimos que sabem bem o ano inteiro e a qualquer hora!</p>','O Well Hotel & Spa está bem perto da praia, mas o conforto de um banho de piscina é um luxo único que queremos oferecer-lhe, mesmo durante os meses de inverno.',NULL,'pt'),
	(6,3,'spa-moments-of-wellness','Moments of Wellness','<p>No nosso SPA conheça uma nova tranquilidade. Aqui, temos à sua disposição várias massagens e tratamentos destinados a fazer com que o seu corpo e a sua mente encontrem um equilíbrio perfeito.</p>\r\n<p>Cuide da sua pele com o tratamento facial Well Facial Detox. Com a massagem Well Relaxing Time, sinta o toque terapêutico e ceda a um profundo descanso. Equilibre a sua energia e usufrua de momentos inigualáveis com a nossa Hot Stones Massage, que promete libertar o stress do dia-a-dia. Para uma experiência em pleno mime-se com o tratamento Well Supreme.</p>\r\n<h5>WELL FACIAL TREATMENTS</h5>\r\n<p>Encontre nos nossos tratamentos faciais a fusão perfeita entre o toque terapêutico e os produtos cuidadosamente selecionados para a sua pele, que lhe garantem uma experiência verdadeiramente relaxante e resultados deslumbrantes.</p>\r\n<h6>WELL FACIAL DETOX (45m/ 44€)</h6>\r\n<p>Obtenha resultados excecionais com este tratamento facial personalizado do Well Hotel &amp; Spa, que vai ao encontro das necessidades da sua pele. Deixe-se envolver pelos cuidados de Spa cuidadosamente selecionados e utilizados a par com uma massagem, para uma limpeza profunda, esfoliação, purificação e revitalização da sua pele.</p>\r\n<h6>WELL EASTERN JOURNEY (60m/ 54€)</h6>\r\n<p>Baseado nos tesouros ancestrais, este tratamento anti-aging beneficia da união do ouro de 23 quilates com o extrato de caviar, ricos em vitaminas, aminoácidos essenciais e oligoelementos, que libertam um agradável aroma de cedro e patchouli. Um tratamento anti-aging ideal para peles com falta de tonicidade. Consiste de uma limpeza com óleo de argão, uma esfoliação refrescante com partículas brilhantes de pedras preciosas e pérolas e uma relaxante massagem com mel e pérolas douradas.</p>\r\n<h6>WELL JOURNEY TO JAPAN (60m/ 54€)</h6>\r\n<p>Desfrute das propriedades purificantes e matificantes desta viagem pelo Japão. Este tratamento é ideal para peles acneicas com excesso de produção sebácea. Consiste de uma limpeza com gel extraído do grão de arroz, uma esfoliação refrescante e purificante, seguida de uma máscara iluminadora e uma relaxante massagem que trará toda uma nova vitalidade à sua pele.</p>\r\n<h5>WELL SPA BODY MASSAGE</h5>\r\n<p>Experiencie os benefícios de uma massagem, em que o toque terapêutico e os aromas cuidadosamente selecionados se fundem, resultando numa viagem verdadeiramente mágica.</p>\r\n<h6>WELL RELAXING TIME (60m/ 59€)</h6>\r\n<p>Esta massagem, exclusiva do Well Hotel &amp; Spa, foi cuidadosamente pensada para o relaxamento do seu corpo e mente. Uma viagem ao mundo de aromas calmantes e orientais que lhe proporcionam um relaxamento e bem-estar profundos.</p>\r\n<h6>WELL VICHY (30m/ 39€)</h6>\r\n<p>Um tratamento que associa o poder terapêutico dos jatos de água com uma massagem de relaxamento profundo.</p>\r\n<h6>WELL HOT STONES MASSAGE (90m/ 79€)</h6>\r\n<p>A massagem com Pedras Quentes é uma das massagens mais relaxantes. São utilizadas pedras quentes vulcânicas para massajar todo o corpo, proporcionando uma profunda sensação de relaxamento e conforto. O calor das pedras propaga-se pelos músculos, relaxando-os em absoluto. Para além disso, as propriedades terapêuticas das pedras quentes promovem o equilíbrio energético e os efeitos anti-stress, ao entrarem em contactos com os vários chakras.</p>\r\n<h6>WELL SPORTS MASSAGE (45m/ 56€)</h6>\r\n<p>Uma massagem que utiliza técnicas mais profundas, promovendo um maior relaxamento e alongamento muscular após a prática de exercício físico. Os benefícios desta massagem passam não só pelo relaxamento pós-treino, mas pelo alívio do stress e promoção do bem-estar.</p>\r\n<h6>WELL MOMMY MASSAGE (60m/ 64€)</h6>\r\n<p>Para uma experiência de nove meses de esplendor, o Well Hotel &amp; Spa sugere esta massagem. Combinando um agradável aroma com técnicas seguras para o bebé e para a mamã, esta massagem irá apoiá-la no alívio das pernas pesadas, dores musculares localizadas e alterações posturais, tudo a pensar em si e no seu bebé, permitindo-lhe desfrutar, em pleno, de toda a beleza de ser uma futura mamã.</p>\r\n<h6>WELL SLIM LEGS MASSAGE (45m/ 59€)</h6>\r\n<p>Após uma esfoliação energizante, desfrute de uma massagem de mel localizada nas pernas e pés para estimulação da circulação sanguínea e linfática. Os benefícios do gengibre combinam com notas frescas do chá verde. Uma viagem relaxante que certamente lhe trará uma maior leveza.</p>\r\n<h6>WELL BAMBOO THERAPY (60m/ 59€)</h6>\r\n<p>Massagem extremamente energizante realizada com bambus, que lhe farão despertar a sua energia e aliviar a sua tensão muscular.</p>\r\n<h5>EXCLUSIVE BODY TREATMENTS</h5>\r\n<p>Experiencie os benefícios de uma esfoliação corporal hidratante e relaxante. Hidrate profundamente o seu corpo, oferecendo à sua pele o efeito aveludado com que sempre sonhou. Combata a retenção hídrica e redefina a sua silhueta.</p>\r\n<h6>WELL ISLANDS TREATMENT (90m/ 64€)</h6>\r\n<p>Experiencie a sensação de uma esfoliação corporal com sais marinhos e óleos essenciais cujo aroma o fará viajar por ilhas paradisíacas, seguida de uma revigorante massagem corporal.</p>\r\n<h6>WELL REBALANCE (60m/ 49€)</h6>\r\n<p>Desfrute de uma agradável drenagem linfática manual. Combinando várias técnicas de drenagem, sinta todos os benefícios que este tratamento tem para oferecer. Ideal para relaxar ao final do dia. A drenagem linfática ajuda na eliminação de líquidos acumulados, diminuindo o edema, desintoxica os tecidos corporais, melhora a regeneração dos tecidos e diminui a celulite.</p>\r\n<h6>WELL SLIMMING THERAPY (90m/ 69€)</h6>\r\n<p>Esta terapia oferece-lhe a combinação perfeita entre as técnicas de massagem adelgaçante com os benefícios desintoxicantes e anti-celulíticos do mel, gengibre e cafeína. Composto por uma esfoliação, um agradável envolvimento e uma massagem desintoxicante. Delicie a sua mente enquanto trata o seu corpo.</p>\r\n<h6>WELL ORIENTAL ROUTE (105m/ 79€)</h6>\r\n<p>Inspirado nos rituais de beleza ancestrais, desfrute de uma viagem espiritual até aos países do Oriente. O Hammam combina as funcionalidades e estruturas dos seus antecessores - as termas romanas e os banhos bizantinos - com a tradição turca dos banhos de vapor. Deixe-se envolver por um Hamman, purificando o seu corpo e livrando-se de todas as impurezas, seguido de uma massagem para nutrir a sua pele em profundidade. A sua pele ficará macia e sedosa, delicadamente perfumada, levando-o numa viagem pela rota oriental.</p>\r\n<h6>WELL SUPREME (120m/ 119€)</h6>\r\n<p>Um exclusivo Well Hotel &amp; Spa, este tratamento irá fazê-lo relaxar e esquecer todos os problemas do quotidiano, livrando-se de todas as impurezas. Mantendo os aromas orientais como fundo, desfrute de uma verdadeira terapia de desintoxicação e purificação do seu corpo. Composto por uma sessão de sauna/banho turco, seguido de uma esfoliação com sabão negro e luva de Kessa, aplicação de rassoul e terminando com uma massagem que certamente o deixará revigorado.</p>','No nosso SPA conheça uma nova tranquilidade. Aqui, temos à sua disposição várias massagens e tratamentos destinados a fazer com que o seu corpo e a sua mente encontrem um equilíbrio perfeito.',NULL,'pt'),
	(8,4,'sauna-e-banho-turco','SPA','<p>A sauna e o banho turco são métodos conhecidos de relaxamento em ambiente seco e húmido, respetivamente, descansam os músculos e ativam a circulação para além de promoverem o rejuvenescimento. Ao entrar em contacto com temperaturas mais elevadas, o organismo liberta toxinas indesejadas e procede a uma limpeza superficial da pele.</p>\r\n<p>Remove energias com a tranquilidade da sauna e do banho turco. Vai poder sentir os benefícios e libertar toda a tensão do quotidiano.</p>','A sauna e o banho turco são métodos conhecidos de relaxamento em ambientes seco e húmido, respetivamente.',NULL,'pt'),
	(10,5,'ginasio-bodies-health','Ginásio Bodies Health','<p>Se precisa de gastar energia, passe pelo Bodies Health e dedique-se ao seu treino enquanto admira a paisagem. Este é um espaço convidativo à prática de exercício, tendo à sua disposição várias máquinas e acessórios.</p>','Se precisa de gastar energia, passe pelo Bodies Health e dedique-se ao seu treino enquanto admira a paisagem.',NULL,'pt'),
	(14,7,'sala-e-cozinha','Sala e Cozinha','<p>Quer tenha acabado de chegar ao Well Hotel &amp; Spa, ou esteja a decidir o que fazer a seguir, a nossa sala de estar é um espaço de passagem e pausa.</p>\r\n<p>A nossa cozinha totalmente equipada oferece a oportunidade de preparar refeições ou aquecer a comida das crianças, a qualquer hora do dia ou noite. Sinta-se em casa na sala de estar e, sempre que necessite, encontre-nos na receção. Estamos muito próximos para o ajudar!</p>','Quer tenha acabado de chegar ao Well Hotel & Spa, ou esteja a decidir o que fazer a seguir, a nossa sala de estar é um espaço de passagem e pausa.',NULL,'pt'),
	(16,8,'acomodacoes','Acomodações','<p>Se tudo isto ainda não o convenceu a fazer-nos uma visita, deixe-nos falar do nosso pequeno-almoço. Famoso pela sua variedade de frutas frescas, este banquete lembra-nos que as melhores coisas na vida podem ser encontradas nas pequenas localidades à beira-mar.</p>','Se tudo isto ainda não o convenceu a fazer-nos uma visita, deixe-nos falar do nosso pequeno-almoço. Famoso pela sua variedade de frutas frescas, este banquete lembra-nos que as melhores coisas na vida podem ser encontradas nas pequenas localidades à beira-mar.','/pt/quartos-e-suites','pt'),
	(17,1,'espaco-crianca','Children’s Corner','<p>Because even the small ones need their own place, this place was thought so that children who visit us can freely play. For them we have available games, toys and books full of magic. Well Hotel &amp; Spa welcomes your family with open arms!</p>','Because even the small ones need their own place, this place was thought so that children who visit us can freely play.',NULL,'en'),
	(18,2,'piscina-e-jacuzzi','Swimming Pool and Jacuzzi','<p>The Well Hotel &amp; Spa is close to the beach. The comfort of a swimming pool bath is a unique luxury that we would like to offer even during winter. When cold weather comes to us our place is covered and the water of both swimming pool and jacuzzi are warmed. During summer, the water is likely warmed but the place is uncovered so that you may enjoy the fresh air coming from the beach.</p>\r\n<p>In the jacuzzi, feel the massage made naturally by the water jets and just relax. There are some delicacies that feel really good at any time, any moment.</p>','The Well Hotel & Spa is close to the beach. The comfort of a swimming pool bath is a unique luxury that we would like to offer even during winter.',NULL,'en'),
	(19,3,'spa-moments-of-wellness','Moments of Wellness','<p>Come to enjoy the tranquillity of our spa. Here we have at your disposal several massages and treatments aimed for your mind and body may reach a perfect balance.</p>\r\n<p>Take care of your skin through the facial treatment Well Facial Detox. With a Well Relaxing Time Massage feel the therapeutic touch and let yourself go into a deep rest. Balance your energy and enjoy incomparable moments with our Hot Stones Massage with the promise of the release of your daily stress for a full experience delight yourself. With a Well Supreme Treatment.</p>\r\n<h5>FACIAL TREATMENTS</h5>\r\n<p>Find in our facial treatments the perfect fusion between the therapeutic touch and the products carefully selected for your skin which guarantee you a truly relaxing experience with gorgeous results.</p>\r\n<h6>WELL FACIAL DETOX (45m/ 44€)</h6>\r\n<p>Reach amazing results with this Well Spa’s tailored facial treatment that fits your skin\'s needs. Allow yourself to be involved with the carefully selected Spa care for deep cleansing, exfoliation, purification and revitalization of your skin ending with a massage.</p>\r\n<h6>WELL EASTERN JOURNEY (60m/ 54€)</h6>\r\n<p>Based on the ancestral treasures, this anti-aging treatment benefits from the joining of 23-carat gold with the extract of caviar. Rich in vitamins, essential amino acids and trace elements, which release a pleasant scent of cedar and patchouli. It is an ideal anti-aging treatment for skins with a lack of tonicity. It consists of a cleansing with argan oil, a refreshing exfoliation with shiny particles of gems and pearls and a relaxing massage with honey and golden pearls.</p>\r\n<h6>WELL JOURNEY TO JAPAN (60m/ 54€)</h6>\r\n<p>In the 19th century, in Kyoto, there was a young geisha called \"Secret Flower\", who was known for her especially soft and velvety skin. Enjoy the purifying and mattifying properties of this Journey to Japan. This treatment is ideal for mixed to oily skin, helping to control sebum production. It consists of a cleansing with gel extracted from the grain of rice, a refreshing and purifying exfoliation, followed by an illuminating mask and a relaxing massage that will bring a whole new vitality to your skin.</p>\r\n<h5>WELL SPA BODY MASSAGE</h5>\r\n<p>Experience the benefits of a massage where the therapeutic touch and the selected scents melt, conducing to a truly magic journey.</p>\r\n<h6>WELL RELAXING TIME (60m/ 59€)</h6>\r\n<p>This massage, a Well Spa exclusive, has been carefully thought out for the relaxation of your body and mind. A trip to the world of smoothing and oriental scents that will provide you a deep relaxation and general wellbeing.</p>\r\n<h6>WELL VICHY (30m/ 39€)</h6>\r\n<p>Treatment which associates the therapeutic power of water jets with a relaxing massage.</p>\r\n<h6>WELL HOT STONES MASSAGE (90m/ 79€)</h6>\r\n<p>Hot Stones Massage is one of the most relaxing massages. Hot volcanic stones are used to massage the entire body, providing a deep sense of relaxation and comfort. The heat of the stones spreads through the muscles, relaxing them. In addition, the therapeutic properties of hot stones promote energy balance by contact with the chakras. The therapeutic effects of this massage are extended, especially the anti-stress effects. This is an ideal massage for those who wants deep relaxation, eliminate stress, balance energy and enjoy spa moments of deep delight.</p>\r\n<h6>WELL SPORTS MASSAGE (45m/ 56€)</h6>\r\n<p>A massage that uses deeper therapeutic techniques, promoting a greater relaxation and muscle stretching after the practice of physical exercise. The benefits of this massage go not only through post-workout relaxation, but also through stress relief and wellness promotion.</p>\r\n<h6>WELL MOMMY MASSAGE (60m/ 64€)</h6>\r\n<p>For a nine-month experience of splendour, Well Spa suggests this massage. Combining a pleasant scent with safe techniques for baby and mom, this massage will support you in relieving sore legs, localized muscle aches and postural changes, all thinking about you and your baby and allowing you to enjoy all the beauty of being a future mom.</p>\r\n<h6>WELL SLIM LEGS MASSAGE (45m/ 59€)</h6>\r\n<p>Massage located in the legs and feet for stimulation of blood and lymphatic circulation. The benefits of ginger combine with fresh scents of green tea. A relaxing and energizing trip that will surely bring you a greater lightness.</p>\r\n<h6>WELL BAMBOO THERAPY (60m/ 59€)</h6>\r\n<p>An extremely energizing massage performed with bamboo, which will awaken your energy and relieve your muscular tension.</p>\r\n<h5>EXCLUSIVE BODY TREATMENTS</h5>\r\n<p>Experience the benefits of a body exfoliation to relax and hydrate your skin. Hydrate your body, offering your skin the velvet effect of your dreams. Fight against cellulite and re-define your silhouette.</p>\r\n<h6>WELL ISLANDS TREATMENT (90m/ 64€)</h6>\r\n<p>Experience the sensation of a body scrub with marine salts and essential oils whose scent will travel you to exotic islands, followed by an invigorating body massage.</p>\r\n<h6>WELL REBALANCE (60m/ 49€)</h6>\r\n<p>Enjoy a nice manual lymphatic drainage. Combining different lymphatic drainage techniques, you’ll feel all the benefits of this treatment. Ideal for relaxing at the end of the day. Lymphatic drainage helps eliminating accumulated fluids, decreasing edema, detoxifying body tissues, improving tissue regeneration and decreasing cellulite.</p>\r\n<h6>WELL SLIMMING THERAPY (90m/ 69€)</h6>\r\n<p>This therapy offers you the perfect combination of slimming massage techniques with the detoxifying and anti-cellulite benefits of honey, ginger and caffeine. Composed by an exfoliation, a pleasant wrapping and a detoxifying massage. Delight your mind while treating your body.</p>\r\n<h6>WELL ORIENTAL ROUTE (105m/ 79€)</h6>\r\n<p>Inspired by ancestral beauty rituals, enjoy a spiritual journey to the Oriental countries. The Hamman combines the features and structures of its predecessors - Roman baths and Byzantine baths - with the Turkish tradition of steam baths. Allow yourself to be involved by a Hamman, purifying your body and getting rid of all impurities, followed by a massage to nourish your skin in depth. Your skin will be soft and silky, delicately perfumed, taking you on a journey along the route of a thousand colours and flavours.</p>\r\n<h6>WELL SUPREME (120m/ 119€)</h6>\r\n<p>An exclusive to Well Spa, this treatment will make you relax and forget all the problems of everyday life. Keeping the oriental scents as the background, enjoy a true detoxification therapy and purification of your body. The Hamman combines the features and structures of its predecessors - Roman baths and Byzantine baths - with the Turkish tradition of steam baths. Allow yourself to be involved by a Hamman, getting rid of all impurities. Composed of a sauna/Turkish bath session, followed by a scrub with black soap and Kessa\'s glove, application of rassoul and ending with a massage that will leave you refreshed.</p>','Come to enjoy the tranquillity of our spa. Here we have at your disposal several massages and treatments aimed for your mind and body may reach a perfect balance.',NULL,'en'),
	(20,4,'sauna-e-banho-turco','Spa','<p>The sauna and the steam bath are well known relaxing methods in dry and wet ambiences respectively. The y relax your muscle and activate your blood pressure besides allowing rejuvenation. By getting in touch with high temperatures, your organism will release unwelcome toxins providing a superficial skin cleaning.</p>\r\n<p>Renew your energies with the tranquillity of a sauna and a steam bath. You may feel the benefits and release all the tensions of your daily life.</p>','The sauna and the steam bath are well known relaxing methods in dry and wet ambiences respectively.',NULL,'en'),
	(21,5,'ginasio-bodies-health','Bodies Health Gym','<p>If you feel like spending energy visit our Bodies Health while you admire the sightseeing. This is an invitee place for practicing exercise. You will have at your disposal several machines and accessories.</p>','If you feel like spending energy visit our Bodies Health while you admire the sightseeing.',NULL,'en'),
	(23,7,'sala-e-cozinha','Living Room and kitchen','<p>Either you have just arrived at Well Hotel &amp; Spa or you are still deciding what to do next, our living room is a place where you should pass and have make a pause.</p>\r\n<p>Our fully equipped kitchen offers you the opportunity of preparing meals even for children any time of the day or night. Feel like home at our living room and, any time you need, find us at the reception. We are all very close if you need any help!</p>','Either you have just arrived at Well Hotel & Spa or you are still deciding what to do next, our living room is a place where you should pass and have make a pause.',NULL,'en'),
	(24,8,'acomodacoes','Accommodation','<p>Se tudo isto ainda não o convenceu a fazer-nos uma visita, deixe-nos falar do nosso pequeno-almoço. Famoso pela sua variedade de frutas frescas, este banquete lembra-nos que as melhores coisas na vida podem ser encontradas nas pequenas localidades à beira-mar.</p>','Se tudo isto ainda não o convenceu a fazer-nos uma visita, deixe-nos falar do nosso pequeno-almoço. Famoso pela sua variedade de frutas frescas, este banquete lembra-nos que as melhores coisas na vida podem ser encontradas nas pequenas localidades à beira-mar.','/en/rooms-and-suites','en'),
	(25,9,'body-s-health-gym','Moments of Wellness Massage Center','<p>TEXT EN - No nosso SPA coheça uma nova tranquilidade. Aqui, temos a sua disposição várias massagens e tratamentos destinados a fazer com que o seu corpo e a sua mente tenham um equilíbrio perfeito.</p>','TEXT EN - No nosso SPA coheça uma nova tranquilidade. Aqui, temos a sua disposição várias massagens e tratamentos destinados a fazer com que o seu corpo e a sua mente tenham um equilíbrio perfeito.',NULL,'en'),
	(26,9,'ginasio-body-s-health','Centro de Massagem Moments of Wellness','<p>No nosso SPA coheça uma nova tranquilidade. Aqui, temos a sua disposição várias massagens e tratamentos destinados a fazer com que o seu corpo e a sua mente tenham um equilíbrio perfeito.</p>','No nosso SPA coheça uma nova tranquilidade. Aqui, temos a sua disposição várias massagens e tratamentos destinados a fazer com que o seu corpo e a sua mente tenham um equilíbrio perfeito.',NULL,'pt'),
	(27,10,'bar-bistro-by-well-hotel-spa','Bar & Bistrô by Well Hotel & Spa','<p>Com um ambiente elegante e acolhedor, no nosso Bar &amp; Bistrô vai sentir-se em casa. Ideal para momentos de descontração ou de trabalho longe do stress diário. Com snacks saborosos e práticos ficará ao seu critério degustá-los dentro do nosso espaço, ou a dar um passeio pelo areal.<br /> <br /> As bebidas também são premium no Well Hotel &amp; Spa, e por isso não deixe de experimentar os nossos cocktails, ou um bom copo de vinho enquanto se delicia com as nossas tão apreciadas tostas.<br /> <br /> O nosso Bar &amp; Bistrô encontra-se em funcionamento entre as 8h00 e a 1h00.<br /> <br /> Desfrute.</p>','Have a cocktail or a glass wine and consult the skacks menu  while you get conversation about your day.',NULL,'en'),
	(28,10,'bar-bistro-by-well-hotel-spa','Bar & Bistrô by Well Hotel & Spa','<p>Com um ambiente elegante e acolhedor, no nosso Bar &amp; Bistrô vai sentir-se em casa. Ideal para momentos de descontração ou de trabalho longe do stress diário. Com snacks saborosos e práticos ficará ao seu critério degustá-los dentro do nosso espaço, ou a dar um passeio pelo areal.<br /> <br /> As bebidas também são premium no Well Hotel &amp; Spa, e por isso não deixe de experimentar os nossos cocktails, ou um bom copo de vinho enquanto se delicia com as nossas tão apreciadas tostas.<br /> <br /> O nosso Bar &amp; Bistrô encontra-se em funcionamento entre as 8h00 e a 1h00.<br /> <br /> Desfrute.</p>','Tome um cocktail ou um copo de vinho e consulte o menu de snacks equanto converse sobre o seu dia',NULL,'pt'),
	(29,11,'restaurante-mar-natura','Restaurante Mar & Natura','<p>O nosso menu exclusivo e criteriosamente selecionado não o deixará indiferente. As melhores iguarias da nossa região compõe de forma harmoniosa os nossos pratos. Carnes grelhadas de fazer água na boca, peixe da costa e deliciosas opções vegetarianas.<br /> <br /> Apostamos na qualidade, das entradas às sobremesas, temos o compromisso diário de o surpreender.O nosso Restaurante Mar &amp; Natura prima ainda pela proximidade da praia. Saboreie uma boa refeição enquanto desfruta da paisagem, asseguramos que a vista estará em sintonia com o sabor. <br /> <br /> O Restaurante Mar e Natura encontra-se em funcionamento para almoços das 13h00 às 16h00 e para jantares das 19h00 às 22h00.<br /> <br /> Esperamos por si!</p>','Ao almoço ou ao jantar, aprecie a maravilhosa paisagem deleite-se com a entrada de qualidade que preparamos para si.',NULL,'en'),
	(30,11,'restaurante-mar-natura','Restaurante Mar & Natura','<p>O nosso menu exclusivo e criteriosamente selecionado não o deixará indiferente. As melhores iguarias da nossa região compõe de forma harmoniosa os nossos pratos. Carnes grelhadas de fazer água na boca, peixe da costa e deliciosas opções vegetarianas.</p>\r\n<p>Apostamos na qualidade, das entradas às sobremesas, temos o compromisso diário de o surpreender.O nosso Restaurante Mar &amp; Natura prima ainda pela proximidade da praia. Saboreie uma boa refeição enquanto desfruta da paisagem, asseguramos que a vista estará em sintonia com o sabor.</p>\r\n<p>O Restaurante Mar e Natura encontra-se em funcionamento para almoços das 13h00 às 16h00 e para jantares das 19h00 às 22h00.</p>\r\n<p>Esperamos por si!</p>','Ao almoço ou ao jantar, aprecie a maravilhosa paisagem deleite-se com a entrada de qualidade que preparamos para si.',NULL,'pt');

/*!40000 ALTER TABLE `space_translations` ENABLE KEYS */;
UNLOCK TABLES;


# Dump of table space_type_translations
# ------------------------------------------------------------

DROP TABLE IF EXISTS `space_type_translations`;

CREATE TABLE `space_type_translations` (
  `id` int(10) unsigned NOT NULL AUTO_INCREMENT,
  `space_type_id` int(10) unsigned NOT NULL,
  `slug` varchar(191) COLLATE utf8mb4_unicode_ci NOT NULL,
  `name` text COLLATE utf8mb4_unicode_ci NOT NULL,
  `locale` varchar(191) COLLATE utf8mb4_unicode_ci NOT NULL,
  PRIMARY KEY (`id`),
  UNIQUE KEY `space_type_translations_space_type_id_locale_unique` (`space_type_id`,`locale`),
  KEY `space_type_translations_slug_index` (`slug`),
  KEY `space_type_translations_locale_index` (`locale`),
  CONSTRAINT `space_type_translations_space_type_id_foreign` FOREIGN KEY (`space_type_id`) REFERENCES `space_types` (`id`) ON DELETE CASCADE
) ENGINE=InnoDB DEFAULT CHARSET=utf8mb4 COLLATE=utf8mb4_unicode_ci;

LOCK TABLES `space_type_translations` WRITE;
/*!40000 ALTER TABLE `space_type_translations` DISABLE KEYS */;

INSERT INTO `space_type_translations` (`id`, `space_type_id`, `slug`, `name`, `locale`)
VALUES
	(2,1,'atividades-infantis','Atividades Infantis','pt'),
	(4,2,'lazer','Lazer','pt'),
	(6,3,'relax','Relax','pt'),
	(8,4,'momentos-de-bem-estar','Momentos de bem-estar','pt'),
	(10,5,'gastronomia','Gastronomia','pt'),
	(12,6,'conforto','Conforto','pt'),
	(13,1,'atividades-infantis','Children’s Activities','en'),
	(14,2,'lazer','Lazer','en'),
	(15,3,'relax','Relax','en'),
	(16,4,'momentos-de-bem-estar','Moments of Wellness','en'),
	(17,5,'gastronomia','Gastronomy','en'),
	(18,6,'conforto','Comfort','en');

/*!40000 ALTER TABLE `space_type_translations` ENABLE KEYS */;
UNLOCK TABLES;


# Dump of table space_types
# ------------------------------------------------------------

DROP TABLE IF EXISTS `space_types`;

CREATE TABLE `space_types` (
  `id` int(10) unsigned NOT NULL AUTO_INCREMENT,
  `priority` int(11) DEFAULT NULL,
  `publish` tinyint(1) NOT NULL,
  `created_at` timestamp NULL DEFAULT NULL,
  `updated_at` timestamp NULL DEFAULT NULL,
  PRIMARY KEY (`id`)
) ENGINE=InnoDB DEFAULT CHARSET=utf8mb4 COLLATE=utf8mb4_unicode_ci;

LOCK TABLES `space_types` WRITE;
/*!40000 ALTER TABLE `space_types` DISABLE KEYS */;

INSERT INTO `space_types` (`id`, `priority`, `publish`, `created_at`, `updated_at`)
VALUES
	(1,0,1,'2017-12-21 20:38:44','2017-12-21 20:38:44'),
	(2,0,1,'2017-12-21 20:38:55','2017-12-21 20:38:55'),
	(3,0,1,'2017-12-21 20:39:25','2017-12-21 20:39:25'),
	(4,0,1,'2017-12-21 20:40:28','2017-12-21 20:40:28'),
	(5,0,1,'2017-12-21 20:40:40','2017-12-21 20:40:40'),
	(6,0,1,'2017-12-21 20:40:51','2017-12-21 20:40:51');

/*!40000 ALTER TABLE `space_types` ENABLE KEYS */;
UNLOCK TABLES;


# Dump of table spaces
# ------------------------------------------------------------

DROP TABLE IF EXISTS `spaces`;

CREATE TABLE `spaces` (
  `id` int(10) unsigned NOT NULL AUTO_INCREMENT,
  `image` varchar(191) COLLATE utf8mb4_unicode_ci DEFAULT NULL,
  `thumbnail` varchar(191) COLLATE utf8mb4_unicode_ci DEFAULT NULL,
  `gallery_id` int(11) DEFAULT NULL,
  `priority` int(11) DEFAULT NULL,
  `publish` tinyint(1) NOT NULL,
  `space_type_id` int(11) NOT NULL,
  `pack_id` int(11) DEFAULT NULL,
  `deleted_at` timestamp NULL DEFAULT NULL,
  `created_at` timestamp NULL DEFAULT NULL,
  `updated_at` timestamp NULL DEFAULT NULL,
  PRIMARY KEY (`id`),
  KEY `spaces_space_type_id_index` (`space_type_id`),
  KEY `spaces_pack_id_index` (`pack_id`),
  KEY `spaces_gallery_id_index` (`gallery_id`)
) ENGINE=InnoDB DEFAULT CHARSET=utf8mb4 COLLATE=utf8mb4_unicode_ci;

LOCK TABLES `spaces` WRITE;
/*!40000 ALTER TABLE `spaces` DISABLE KEYS */;

INSERT INTO `spaces` (`id`, `image`, `thumbnail`, `gallery_id`, `priority`, `publish`, `space_type_id`, `pack_id`, `deleted_at`, `created_at`, `updated_at`)
VALUES
	(1,'/files/spaces/espaco_crianca_mg_9311_tratada.jpg','/files/spaces/espaco_crianca_mg_9282_tratada.jpg',9,0,1,1,NULL,NULL,'2017-12-18 16:57:07','2021-01-19 12:30:51'),
	(2,'/files/spaces/piscina_mg_7474_2_tratada.jpg','/files/spaces/piscina_mg_6004_tratada.jpg',10,9,1,4,NULL,NULL,'2017-12-18 16:57:47','2021-01-19 11:04:02'),
	(3,'/files/spaces/spa_mg_6750_2_tratada.jpg','/files/spaces/spa_mg_9052_2_1012_tratada.jpg',11,0,1,4,NULL,NULL,'2017-12-18 16:59:12','2021-01-19 11:03:24'),
	(4,'/files/spaces/header_sauna.jpg','/files/spaces/thumb_sauna.jpg',12,10,1,4,NULL,NULL,'2017-12-18 16:59:52','2021-01-19 12:32:19'),
	(5,'/files/spaces/ginasio_mg_0117_tratada.jpg','/files/spaces/ginasio_mg_9030_2_990_tratada-2.jpg',13,8,1,4,NULL,NULL,'2017-12-18 17:00:29','2021-01-19 12:32:28'),
	(7,'/files/spaces/header_sala_cozinha.jpg','/files/spaces/thumb_sala_cozinha.jpg',15,0,0,6,NULL,NULL,'2017-12-18 17:02:03','2021-01-19 10:10:55'),
	(8,'/files/spaces/thumb_acomodacoes.jpg','/files/spaces/thumb_acomodacoes.jpg',NULL,100,0,6,NULL,NULL,'2018-03-22 11:15:45','2021-01-19 10:10:47'),
	(9,'/files/spaces/spa_mg_9052_2_1012_tratada.jpg',NULL,NULL,0,0,4,NULL,NULL,'2021-01-14 11:50:43','2021-01-14 12:08:36'),
	(10,'/files/spaces/espaco_crianca_mg_9282_tratada.jpg','/files/spaces/header_sauna.jpg',15,0,1,5,NULL,NULL,'2021-01-18 16:22:13','2021-01-18 16:22:13'),
	(11,'/files/spaces/spa_mg_6750_2_tratada.jpg','/files/spaces/spa_mg_6750_2_tratada.jpg',13,0,1,5,NULL,NULL,'2021-01-18 16:25:22','2021-01-18 16:25:22');

/*!40000 ALTER TABLE `spaces` ENABLE KEYS */;
UNLOCK TABLES;


# Dump of table users
# ------------------------------------------------------------

DROP TABLE IF EXISTS `users`;

CREATE TABLE `users` (
  `id` int(10) unsigned NOT NULL AUTO_INCREMENT,
  `name` varchar(191) COLLATE utf8mb4_unicode_ci NOT NULL,
  `email` varchar(191) COLLATE utf8mb4_unicode_ci NOT NULL,
  `password` varchar(191) COLLATE utf8mb4_unicode_ci NOT NULL,
  `remember_token` varchar(100) COLLATE utf8mb4_unicode_ci DEFAULT NULL,
  `created_at` timestamp NULL DEFAULT NULL,
  `updated_at` timestamp NULL DEFAULT NULL,
  PRIMARY KEY (`id`),
  UNIQUE KEY `users_email_unique` (`email`)
) ENGINE=InnoDB DEFAULT CHARSET=utf8mb4 COLLATE=utf8mb4_unicode_ci;

LOCK TABLES `users` WRITE;
/*!40000 ALTER TABLE `users` DISABLE KEYS */;

INSERT INTO `users` (`id`, `name`, `email`, `password`, `remember_token`, `created_at`, `updated_at`)
VALUES
	(1,'Admin','ruben.estevao@slingshot.pt','$2y$10$Gimx/LAWS51NIyiTXzENGOfz5UrwEneEks98IMAVpVV9ilYnLz/Ee',NULL,'2017-11-30 19:53:27','2018-05-02 13:55:10'),
	(2,'Mário Santos','mario.santos@slingshot.pt','$2y$10$tLNg6rrirSgPukbHnXTU7.n6EjnYT/PT25.4EWAJNkSLxcG6Pl5.m',NULL,'2017-12-18 20:13:05','2017-12-18 20:13:05'),
	(3,'João Ribeiro','jorge.silva@slingshot.pt','$2y$10$g88Y.nFDLaSz8eIUBMMuXOQ8hX4IBHq837T.36VHUIfMZURhOpnCS',NULL,'2019-01-28 15:55:38','2019-01-28 15:55:38');

/*!40000 ALTER TABLE `users` ENABLE KEYS */;
UNLOCK TABLES;


# Dump of table vacations
# ------------------------------------------------------------

DROP TABLE IF EXISTS `vacations`;

CREATE TABLE `vacations` (
  `id` int(11) NOT NULL AUTO_INCREMENT,
  `description` text DEFAULT NULL,
  `date_start` date DEFAULT NULL,
  `date_end` date DEFAULT NULL,
  `created_at` date DEFAULT NULL,
  `updated_at` date DEFAULT NULL,
  PRIMARY KEY (`id`)
) ENGINE=MyISAM DEFAULT CHARSET=latin1;

LOCK TABLES `vacations` WRITE;
/*!40000 ALTER TABLE `vacations` DISABLE KEYS */;

INSERT INTO `vacations` (`id`, `description`, `date_start`, `date_end`, `created_at`, `updated_at`)
VALUES
	(1,'Natal','2019-12-22','2019-12-26',NULL,'2019-01-31');

/*!40000 ALTER TABLE `vacations` ENABLE KEYS */;
UNLOCK TABLES;


# Dump of table voucher_requests
# ------------------------------------------------------------

DROP TABLE IF EXISTS `voucher_requests`;

CREATE TABLE `voucher_requests` (
  `id` int(10) unsigned NOT NULL AUTO_INCREMENT,
  `locale` char(2) COLLATE utf8mb4_unicode_ci NOT NULL,
  `name` varchar(191) COLLATE utf8mb4_unicode_ci NOT NULL,
  `email` varchar(191) COLLATE utf8mb4_unicode_ci DEFAULT NULL,
  `phone` varchar(191) COLLATE utf8mb4_unicode_ci DEFAULT NULL,
  `adults` tinyint(3) unsigned NOT NULL DEFAULT 0,
  `children` tinyint(3) unsigned NOT NULL DEFAULT 0,
  `voucher_type` varchar(300) COLLATE utf8mb4_unicode_ci NOT NULL DEFAULT '',
  `description` text COLLATE utf8mb4_unicode_ci DEFAULT NULL,
  `created_at` timestamp NULL DEFAULT NULL,
  `updated_at` timestamp NULL DEFAULT NULL,
  `deleted_at` timestamp NULL DEFAULT NULL,
  PRIMARY KEY (`id`),
  KEY `availability_requests_locale_foreign` (`locale`),
  CONSTRAINT `voucher_requests_ibfk_1` FOREIGN KEY (`locale`) REFERENCES `languages` (`slug`) ON DELETE CASCADE
) ENGINE=InnoDB DEFAULT CHARSET=utf8mb4 COLLATE=utf8mb4_unicode_ci;

LOCK TABLES `voucher_requests` WRITE;
/*!40000 ALTER TABLE `voucher_requests` DISABLE KEYS */;

INSERT INTO `voucher_requests` (`id`, `locale`, `name`, `email`, `phone`, `adults`, `children`, `voucher_type`, `description`, `created_at`, `updated_at`, `deleted_at`)
VALUES
	(1,'pt','Jorge Silva ttt','jorge.silva@slingshot.pt','05453415512',1,0,'Voucher Massagem','testing','2021-01-22 11:10:53','2021-01-22 11:10:53',NULL),
	(2,'pt','Jorge Silva ttt','jorge.silva@slingshot.pt','05453415512',1,0,'Voucher Massagem','testing','2021-01-22 11:22:14','2021-01-22 11:22:14',NULL),
	(3,'pt','tests','jorge.silva@slingshot.pt','05453415512',1,0,'Voucher SPA','description','2021-01-22 11:25:38','2021-01-22 11:25:38',NULL),
	(4,'pt','Jorge Silva','jorge.silva@slingshot.pt','05453415512',1,0,'Voucher Massagem','info voucher massagem','2021-01-22 11:30:41','2021-01-22 11:30:41',NULL),
	(5,'pt','silva jorge','jorge.silva@slingshot.pt','965613928',1,0,'Voucher Alojamento','text final voucher selecionado','2021-01-22 12:31:58','2021-01-22 12:31:58',NULL),
	(6,'pt','jorge nash','jnashvs@gmail.com','965613928',18,11,'Voucher SPA','test num limit 20','2021-01-22 14:28:02','2021-01-22 14:28:02',NULL);

/*!40000 ALTER TABLE `voucher_requests` ENABLE KEYS */;
UNLOCK TABLES;


# Dump of table voucher_translations
# ------------------------------------------------------------

DROP TABLE IF EXISTS `voucher_translations`;

CREATE TABLE `voucher_translations` (
  `id` int(10) unsigned NOT NULL AUTO_INCREMENT,
  `voucher_id` int(10) unsigned NOT NULL,
  `locale` char(2) COLLATE utf8mb4_unicode_ci NOT NULL,
  `name` varchar(191) COLLATE utf8mb4_unicode_ci NOT NULL,
  `label` varchar(191) COLLATE utf8mb4_unicode_ci DEFAULT NULL,
  `subtitle` varchar(191) COLLATE utf8mb4_unicode_ci DEFAULT NULL,
  `slug` varchar(191) COLLATE utf8mb4_unicode_ci NOT NULL,
  `description` text COLLATE utf8mb4_unicode_ci DEFAULT NULL,
  `excerpt` text COLLATE utf8mb4_unicode_ci DEFAULT NULL,
  `includes` text COLLATE utf8mb4_unicode_ci DEFAULT NULL,
  `created_at` timestamp NULL DEFAULT NULL,
  `updated_at` timestamp NULL DEFAULT NULL,
  PRIMARY KEY (`id`),
  KEY `voucher_translations_voucher_id_foreign` (`voucher_id`),
  KEY `voucher_translations_locale_foreign` (`locale`),
  CONSTRAINT `voucher_translations_locale_foreign` FOREIGN KEY (`locale`) REFERENCES `languages` (`slug`) ON DELETE CASCADE,
  CONSTRAINT `voucher_translations_voucher_id_foreign` FOREIGN KEY (`voucher_id`) REFERENCES `vouchers` (`id`) ON DELETE CASCADE
) ENGINE=InnoDB DEFAULT CHARSET=utf8mb4 COLLATE=utf8mb4_unicode_ci;

LOCK TABLES `voucher_translations` WRITE;
/*!40000 ALTER TABLE `voucher_translations` DISABLE KEYS */;

INSERT INTO `voucher_translations` (`id`, `voucher_id`, `locale`, `name`, `label`, `subtitle`, `slug`, `description`, `excerpt`, `includes`, `created_at`, `updated_at`)
VALUES
	(1,1,'en','Uma experiência inesquecível','Voucher Alojamento',NULL,'uma-experiencia-inesquecivel',NULL,NULL,NULL,'2021-01-21 14:38:10','2021-01-21 14:57:29'),
	(2,1,'pt','Uma experiência inesquecível','Voucher Alojamento',NULL,'uma-experiencia-inesquecivel',NULL,NULL,NULL,'2021-01-21 14:38:10','2021-01-21 14:57:29'),
	(3,2,'en','Entregue-se a um prazer sublime','Voucher Massagem',NULL,'entregue-se-a-um-prazer-sublime',NULL,NULL,NULL,'2021-01-21 14:40:14','2021-01-21 14:40:14'),
	(4,2,'pt','Entregue-se a um prazer sublime','Voucher Massagem',NULL,'entregue-se-a-um-prazer-sublime',NULL,NULL,NULL,'2021-01-21 14:40:14','2021-01-21 14:40:14'),
	(5,3,'en','Respire tranquilidade e bem estar','Voucher SPA',NULL,'respire-tranquilidade-e-bem-estar',NULL,NULL,NULL,'2021-01-21 14:44:18','2021-01-21 14:52:19'),
	(6,3,'pt','Respire tranquilidade e bem estar','Voucher SPA',NULL,'respire-tranquilidade-e-bem-estar',NULL,NULL,NULL,'2021-01-21 14:44:18','2021-01-21 14:44:18');

/*!40000 ALTER TABLE `voucher_translations` ENABLE KEYS */;
UNLOCK TABLES;


# Dump of table vouchers
# ------------------------------------------------------------

DROP TABLE IF EXISTS `vouchers`;

CREATE TABLE `vouchers` (
  `id` int(10) unsigned NOT NULL AUTO_INCREMENT,
  `cover_image` varchar(191) COLLATE utf8mb4_unicode_ci DEFAULT NULL,
  `cover_image_2` varchar(191) COLLATE utf8mb4_unicode_ci DEFAULT NULL,
  `priority` int(11) DEFAULT NULL,
  `publish` tinyint(1) NOT NULL,
  `created_at` timestamp NULL DEFAULT NULL,
  `updated_at` timestamp NULL DEFAULT NULL,
  `deleted_at` timestamp NULL DEFAULT NULL,
  `gallery_id` int(11) DEFAULT NULL,
  PRIMARY KEY (`id`)
) ENGINE=InnoDB DEFAULT CHARSET=utf8mb4 COLLATE=utf8mb4_unicode_ci;

LOCK TABLES `vouchers` WRITE;
/*!40000 ALTER TABLE `vouchers` DISABLE KEYS */;

INSERT INTO `vouchers` (`id`, `cover_image`, `cover_image_2`, `priority`, `publish`, `created_at`, `updated_at`, `deleted_at`, `gallery_id`)
VALUES
	(1,NULL,'/files/cover-images-packs/header_pack_romantico.jpg',10,1,'2021-01-21 14:38:10','2021-01-21 14:39:12',NULL,NULL),
	(2,NULL,'/files/gallery-image/zona_comum_mg_6797_tratada.jpg',9,1,'2021-01-21 14:40:14','2021-01-21 14:44:29',NULL,NULL),
	(3,NULL,'/files/gallery-image/spa_mg_6750_2_tratada.jpg',0,1,'2021-01-21 14:44:18','2021-01-21 14:44:18',NULL,NULL);

/*!40000 ALTER TABLE `vouchers` ENABLE KEYS */;
UNLOCK TABLES;



/*!40111 SET SQL_NOTES=@OLD_SQL_NOTES */;
/*!40101 SET SQL_MODE=@OLD_SQL_MODE */;
/*!40014 SET FOREIGN_KEY_CHECKS=@OLD_FOREIGN_KEY_CHECKS */;
/*!40101 SET CHARACTER_SET_CLIENT=@OLD_CHARACTER_SET_CLIENT */;
/*!40101 SET CHARACTER_SET_RESULTS=@OLD_CHARACTER_SET_RESULTS */;
/*!40101 SET COLLATION_CONNECTION=@OLD_COLLATION_CONNECTION */;
